#include "aes.h"

const unsigned char aes_in_table[16][256] = {
    {
        0x4b, 0x66, 0x75, 0x58, 0xec, 0xc1, 0xd2, 0xff, 0x4e, 0x63, 0x70, 0x5d, 0xe9, 0xc4, 0xd7, 0xfa,
        0x3c, 0x11, 0x02, 0x2f, 0x9b, 0xb6, 0xa5, 0x88, 0x39, 0x14, 0x07, 0x2a, 0x9e, 0xb3, 0xa0, 0x8d,
        0xd9, 0xf4, 0xe7, 0xca, 0x7e, 0x53, 0x40, 0x6d, 0xdc, 0xf1, 0xe2, 0xcf, 0x7b, 0x56, 0x45, 0x68,
        0xae, 0x83, 0x90, 0xbd, 0x09, 0x24, 0x37, 0x1a, 0xab, 0x86, 0x95, 0xb8, 0x0c, 0x21, 0x32, 0x1f,
        0x04, 0x29, 0x3a, 0x17, 0xa3, 0x8e, 0x9d, 0xb0, 0x01, 0x2c, 0x3f, 0x12, 0xa6, 0x8b, 0x98, 0xb5,
        0x73, 0x5e, 0x4d, 0x60, 0xd4, 0xf9, 0xea, 0xc7, 0x76, 0x5b, 0x48, 0x65, 0xd1, 0xfc, 0xef, 0xc2,
        0x96, 0xbb, 0xa8, 0x85, 0x31, 0x1c, 0x0f, 0x22, 0x93, 0xbe, 0xad, 0x80, 0x34, 0x19, 0x0a, 0x27,
        0xe1, 0xcc, 0xdf, 0xf2, 0x46, 0x6b, 0x78, 0x55, 0xe4, 0xc9, 0xda, 0xf7, 0x43, 0x6e, 0x7d, 0x50,
        0xd3, 0xfe, 0xed, 0xc0, 0x74, 0x59, 0x4a, 0x67, 0xd6, 0xfb, 0xe8, 0xc5, 0x71, 0x5c, 0x4f, 0x62,
        0xa4, 0x89, 0x9a, 0xb7, 0x03, 0x2e, 0x3d, 0x10, 0xa1, 0x8c, 0x9f, 0xb2, 0x06, 0x2b, 0x38, 0x15,
        0x41, 0x6c, 0x7f, 0x52, 0xe6, 0xcb, 0xd8, 0xf5, 0x44, 0x69, 0x7a, 0x57, 0xe3, 0xce, 0xdd, 0xf0,
        0x36, 0x1b, 0x08, 0x25, 0x91, 0xbc, 0xaf, 0x82, 0x33, 0x1e, 0x0d, 0x20, 0x94, 0xb9, 0xaa, 0x87,
        0x9c, 0xb1, 0xa2, 0x8f, 0x3b, 0x16, 0x05, 0x28, 0x99, 0xb4, 0xa7, 0x8a, 0x3e, 0x13, 0x00, 0x2d,
        0xeb, 0xc6, 0xd5, 0xf8, 0x4c, 0x61, 0x72, 0x5f, 0xee, 0xc3, 0xd0, 0xfd, 0x49, 0x64, 0x77, 0x5a,
        0x0e, 0x23, 0x30, 0x1d, 0xa9, 0x84, 0x97, 0xba, 0x0b, 0x26, 0x35, 0x18, 0xac, 0x81, 0x92, 0xbf,
        0x79, 0x54, 0x47, 0x6a, 0xde, 0xf3, 0xe0, 0xcd, 0x7c, 0x51, 0x42, 0x6f, 0xdb, 0xf6, 0xe5, 0xc8
    },
    {
        0x15, 0xb3, 0x27, 0x81, 0x48, 0xee, 0x7a, 0xdc, 0x54, 0xf2, 0x66, 0xc0, 0x09, 0xaf, 0x3b, 0x9d,
        0x10, 0xb6, 0x22, 0x84, 0x4d, 0xeb, 0x7f, 0xd9, 0x51, 0xf7, 0x63, 0xc5, 0x0c, 0xaa, 0x3e, 0x98,
        0xd8, 0x7e, 0xea, 0x4c, 0x85, 0x23, 0xb7, 0x11, 0x99, 0x3f, 0xab, 0x0d, 0xc4, 0x62, 0xf6, 0x50,
        0xdd, 0x7b, 0xef, 0x49, 0x80, 0x26, 0xb2, 0x14, 0x9c, 0x3a, 0xae, 0x08, 0xc1, 0x67, 0xf3, 0x55,
        0x02, 0xa4, 0x30, 0x96, 0x5f, 0xf9, 0x6d, 0xcb, 0x43, 0xe5, 0x71, 0xd7, 0x1e, 0xb8, 0x2c, 0x8a,
        0x07, 0xa1, 0x35, 0x93, 0x5a, 0xfc, 0x68, 0xce, 0x46, 0xe0, 0x74, 0xd2, 0x1b, 0xbd, 0x29, 0x8f,
        0xcf, 0x69, 0xfd, 0x5b, 0x92, 0x34, 0xa0, 0x06, 0x8e, 0x28, 0xbc, 0x1a, 0xd3, 0x75, 0xe1, 0x47,
        0xca, 0x6c, 0xf8, 0x5e, 0x97, 0x31, 0xa5, 0x03, 0x8b, 0x2d, 0xb9, 0x1f, 0xd6, 0x70, 0xe4, 0x42,
        0xcd, 0x6b, 0xff, 0x59, 0x90, 0x36, 0xa2, 0x04, 0x8c, 0x2a, 0xbe, 0x18, 0xd1, 0x77, 0xe3, 0x45,
        0xc8, 0x6e, 0xfa, 0x5c, 0x95, 0x33, 0xa7, 0x01, 0x89, 0x2f, 0xbb, 0x1d, 0xd4, 0x72, 0xe6, 0x40,
        0x00, 0xa6, 0x32, 0x94, 0x5d, 0xfb, 0x6f, 0xc9, 0x41, 0xe7, 0x73, 0xd5, 0x1c, 0xba, 0x2e, 0x88,
        0x05, 0xa3, 0x37, 0x91, 0x58, 0xfe, 0x6a, 0xcc, 0x44, 0xe2, 0x76, 0xd0, 0x19, 0xbf, 0x2b, 0x8d,
        0xda, 0x7c, 0xe8, 0x4e, 0x87, 0x21, 0xb5, 0x13, 0x9b, 0x3d, 0xa9, 0x0f, 0xc6, 0x60, 0xf4, 0x52,
        0xdf, 0x79, 0xed, 0x4b, 0x82, 0x24, 0xb0, 0x16, 0x9e, 0x38, 0xac, 0x0a, 0xc3, 0x65, 0xf1, 0x57,
        0x17, 0xb1, 0x25, 0x83, 0x4a, 0xec, 0x78, 0xde, 0x56, 0xf0, 0x64, 0xc2, 0x0b, 0xad, 0x39, 0x9f,
        0x12, 0xb4, 0x20, 0x86, 0x4f, 0xe9, 0x7d, 0xdb, 0x53, 0xf5, 0x61, 0xc7, 0x0e, 0xa8, 0x3c, 0x9a
    },
    {
        0x50, 0x72, 0x43, 0x61, 0x13, 0x31, 0x00, 0x22, 0x24, 0x06, 0x37, 0x15, 0x67, 0x45, 0x74, 0x56,
        0xa5, 0x87, 0xb6, 0x94, 0xe6, 0xc4, 0xf5, 0xd7, 0xd1, 0xf3, 0xc2, 0xe0, 0x92, 0xb0, 0x81, 0xa3,
        0x1d, 0x3f, 0x0e, 0x2c, 0x5e, 0x7c, 0x4d, 0x6f, 0x69, 0x4b, 0x7a, 0x58, 0x2a, 0x08, 0x39, 0x1b,
        0xe8, 0xca, 0xfb, 0xd9, 0xab, 0x89, 0xb8, 0x9a, 0x9c, 0xbe, 0x8f, 0xad, 0xdf, 0xfd, 0xcc, 0xee,
        0xc8, 0xea, 0xdb, 0xf9, 0x8b, 0xa9, 0x98, 0xba, 0xbc, 0x9e, 0xaf, 0x8d, 0xff, 0xdd, 0xec, 0xce,
        0x3d, 0x1f, 0x2e, 0x0c, 0x7e, 0x5c, 0x6d, 0x4f, 0x49, 0x6b, 0x5a, 0x78, 0x0a, 0x28, 0x19, 0x3b,
        0x85, 0xa7, 0x96, 0xb4, 0xc6, 0xe4, 0xd5, 0xf7, 0xf1, 0xd3, 0xe2, 0xc0, 0xb2, 0x90, 0xa1, 0x83,
        0x70, 0x52, 0x63, 0x41, 0x33, 0x11, 0x20, 0x02, 0x04, 0x26, 0x17, 0x35, 0x47, 0x65, 0x54, 0x76,
        0x36, 0x14, 0x25, 0x07, 0x75, 0x57, 0x66, 0x44, 0x42, 0x60, 0x51, 0x73, 0x01, 0x23, 0x12, 0x30,
        0xc3, 0xe1, 0xd0, 0xf2, 0x80, 0xa2, 0x93, 0xb1, 0xb7, 0x95, 0xa4, 0x86, 0xf4, 0xd6, 0xe7, 0xc5,
        0x7b, 0x59, 0x68, 0x4a, 0x38, 0x1a, 0x2b, 0x09, 0x0f, 0x2d, 0x1c, 0x3e, 0x4c, 0x6e, 0x5f, 0x7d,
        0x8e, 0xac, 0x9d, 0xbf, 0xcd, 0xef, 0xde, 0xfc, 0xfa, 0xd8, 0xe9, 0xcb, 0xb9, 0x9b, 0xaa, 0x88,
        0xae, 0x8c, 0xbd, 0x9f, 0xed, 0xcf, 0xfe, 0xdc, 0xda, 0xf8, 0xc9, 0xeb, 0x99, 0xbb, 0x8a, 0xa8,
        0x5b, 0x79, 0x48, 0x6a, 0x18, 0x3a, 0x0b, 0x29, 0x2f, 0x0d, 0x3c, 0x1e, 0x6c, 0x4e, 0x7f, 0x5d,
        0xe3, 0xc1, 0xf0, 0xd2, 0xa0, 0x82, 0xb3, 0x91, 0x97, 0xb5, 0x84, 0xa6, 0xd4, 0xf6, 0xc7, 0xe5,
        0x16, 0x34, 0x05, 0x27, 0x55, 0x77, 0x46, 0x64, 0x62, 0x40, 0x71, 0x53, 0x21, 0x03, 0x32, 0x10
    },
    {
        0x79, 0x8d, 0x6a, 0x9e, 0x2b, 0xdf, 0x38, 0xcc, 0x4f, 0xbb, 0x5c, 0xa8, 0x1d, 0xe9, 0x0e, 0xfa,
        0xcb, 0x3f, 0xd8, 0x2c, 0x99, 0x6d, 0x8a, 0x7e, 0xfd, 0x09, 0xee, 0x1a, 0xaf, 0x5b, 0xbc, 0x48,
        0x4e, 0xba, 0x5d, 0xa9, 0x1c, 0xe8, 0x0f, 0xfb, 0x78, 0x8c, 0x6b, 0x9f, 0x2a, 0xde, 0x39, 0xcd,
        0xfc, 0x08, 0xef, 0x1b, 0xae, 0x5a, 0xbd, 0x49, 0xca, 0x3e, 0xd9, 0x2d, 0x98, 0x6c, 0x8b, 0x7f,
        0xb0, 0x44, 0xa3, 0x57, 0xe2, 0x16, 0xf1, 0x05, 0x86, 0x72, 0x95, 0x61, 0xd4, 0x20, 0xc7, 0x33,
        0x02, 0xf6, 0x11, 0xe5, 0x50, 0xa4, 0x43, 0xb7, 0x34, 0xc0, 0x27, 0xd3, 0x66, 0x92, 0x75, 0x81,
        0x87, 0x73, 0x94, 0x60, 0xd5, 0x21, 0xc6, 0x32, 0xb1, 0x45, 0xa2, 0x56, 0xe3, 0x17, 0xf0, 0x04,
        0x35, 0xc1, 0x26, 0xd2, 0x67, 0x93, 0x74, 0x80, 0x03, 0xf7, 0x10, 0xe4, 0x51, 0xa5, 0x42, 0xb6,
        0xf9, 0x0d, 0xea, 0x1e, 0xab, 0x5f, 0xb8, 0x4c, 0xcf, 0x3b, 0xdc, 0x28, 0x9d, 0x69, 0x8e, 0x7a,
        0x4b, 0xbf, 0x58, 0xac, 0x19, 0xed, 0x0a, 0xfe, 0x7d, 0x89, 0x6e, 0x9a, 0x2f, 0xdb, 0x3c, 0xc8,
        0xce, 0x3a, 0xdd, 0x29, 0x9c, 0x68, 0x8f, 0x7b, 0xf8, 0x0c, 0xeb, 0x1f, 0xaa, 0x5e, 0xb9, 0x4d,
        0x7c, 0x88, 0x6f, 0x9b, 0x2e, 0xda, 0x3d, 0xc9, 0x4a, 0xbe, 0x59, 0xad, 0x18, 0xec, 0x0b, 0xff,
        0x30, 0xc4, 0x23, 0xd7, 0x62, 0x96, 0x71, 0x85, 0x06, 0xf2, 0x15, 0xe1, 0x54, 0xa0, 0x47, 0xb3,
        0x82, 0x76, 0x91, 0x65, 0xd0, 0x24, 0xc3, 0x37, 0xb4, 0x40, 0xa7, 0x53, 0xe6, 0x12, 0xf5, 0x01,
        0x07, 0xf3, 0x14, 0xe0, 0x55, 0xa1, 0x46, 0xb2, 0x31, 0xc5, 0x22, 0xd6, 0x63, 0x97, 0x70, 0x84,
        0xb5, 0x41, 0xa6, 0x52, 0xe7, 0x13, 0xf4, 0x00, 0x83, 0x77, 0x90, 0x64, 0xd1, 0x25, 0xc2, 0x36
    },
    {
        0xe9, 0x4e, 0x7a, 0xdd, 0xc0, 0x67, 0x53, 0xf4, 0xbe, 0x19, 0x2d, 0x8a, 0x97, 0x30, 0x04, 0xa3,
        0x8b, 0x2c, 0x18, 0xbf, 0xa2, 0x05, 0x31, 0x96, 0xdc, 0x7b, 0x4f, 0xe8, 0xf5, 0x52, 0x66, 0xc1,
        0x64, 0xc3, 0xf7, 0x50, 0x4d, 0xea, 0xde, 0x79, 0x33, 0x94, 0xa0, 0x07, 0x1a, 0xbd, 0x89, 0x2e,
        0x06, 0xa1, 0x95, 0x32, 0x2f, 0x88, 0xbc, 0x1b, 0x51, 0xf6, 0xc2, 0x65, 0x78, 0xdf, 0xeb, 0x4c,
        0x69, 0xce, 0xfa, 0x5d, 0x40, 0xe7, 0xd3, 0x74, 0x3e, 0x99, 0xad, 0x0a, 0x17, 0xb0, 0x84, 0x23,
        0x0b, 0xac, 0x98, 0x3f, 0x22, 0x85, 0xb1, 0x16, 0x5c, 0xfb, 0xcf, 0x68, 0x75, 0xd2, 0xe6, 0x41,
        0xe4, 0x43, 0x77, 0xd0, 0xcd, 0x6a, 0x5e, 0xf9, 0xb3, 0x14, 0x20, 0x87, 0x9a, 0x3d, 0x09, 0xae,
        0x86, 0x21, 0x15, 0xb2, 0xaf, 0x08, 0x3c, 0x9b, 0xd1, 0x76, 0x42, 0xe5, 0xf8, 0x5f, 0x6b, 0xcc,
        0x5a, 0xfd, 0xc9, 0x6e, 0x73, 0xd4, 0xe0, 0x47, 0x0d, 0xaa, 0x9e, 0x39, 0x24, 0x83, 0xb7, 0x10,
        0x38, 0x9f, 0xab, 0x0c, 0x11, 0xb6, 0x82, 0x25, 0x6f, 0xc8, 0xfc, 0x5b, 0x46, 0xe1, 0xd5, 0x72,
        0xd7, 0x70, 0x44, 0xe3, 0xfe, 0x59, 0x6d, 0xca, 0x80, 0x27, 0x13, 0xb4, 0xa9, 0x0e, 0x3a, 0x9d,
        0xb5, 0x12, 0x26, 0x81, 0x9c, 0x3b, 0x0f, 0xa8, 0xe2, 0x45, 0x71, 0xd6, 0xcb, 0x6c, 0x58, 0xff,
        0xda, 0x7d, 0x49, 0xee, 0xf3, 0x54, 0x60, 0xc7, 0x8d, 0x2a, 0x1e, 0xb9, 0xa4, 0x03, 0x37, 0x90,
        0xb8, 0x1f, 0x2b, 0x8c, 0x91, 0x36, 0x02, 0xa5, 0xef, 0x48, 0x7c, 0xdb, 0xc6, 0x61, 0x55, 0xf2,
        0x57, 0xf0, 0xc4, 0x63, 0x7e, 0xd9, 0xed, 0x4a, 0x00, 0xa7, 0x93, 0x34, 0x29, 0x8e, 0xba, 0x1d,
        0x35, 0x92, 0xa6, 0x01, 0x1c, 0xbb, 0x8f, 0x28, 0x62, 0xc5, 0xf1, 0x56, 0x4b, 0xec, 0xd8, 0x7f
    },
    {
        0x80, 0x12, 0x53, 0xc1, 0xfb, 0x69, 0x28, 0xba, 0xca, 0x58, 0x19, 0x8b, 0xb1, 0x23, 0x62, 0xf0,
        0x6f, 0xfd, 0xbc, 0x2e, 0x14, 0x86, 0xc7, 0x55, 0x25, 0xb7, 0xf6, 0x64, 0x5e, 0xcc, 0x8d, 0x1f,
        0xa0, 0x32, 0x73, 0xe1, 0xdb, 0x49, 0x08, 0x9a, 0xea, 0x78, 0x39, 0xab, 0x91, 0x03, 0x42, 0xd0,
        0x4f, 0xdd, 0x9c, 0x0e, 0x34, 0xa6, 0xe7, 0x75, 0x05, 0x97, 0xd6, 0x44, 0x7e, 0xec, 0xad, 0x3f,
        0x66, 0xf4, 0xb5, 0x27, 0x1d, 0x8f, 0xce, 0x5c, 0x2c, 0xbe, 0xff, 0x6d, 0x57, 0xc5, 0x84, 0x16,
        0x89, 0x1b, 0x5a, 0xc8, 0xf2, 0x60, 0x21, 0xb3, 0xc3, 0x51, 0x10, 0x82, 0xb8, 0x2a, 0x6b, 0xf9,
        0x46, 0xd4, 0x95, 0x07, 0x3d, 0xaf, 0xee, 0x7c, 0x0c, 0x9e, 0xdf, 0x4d, 0x77, 0xe5, 0xa4, 0x36,
        0xa9, 0x3b, 0x7a, 0xe8, 0xd2, 0x40, 0x01, 0x93, 0xe3, 0x71, 0x30, 0xa2, 0x98, 0x0a, 0x4b, 0xd9,
        0xa5, 0x37, 0x76, 0xe4, 0xde, 0x4c, 0x0d, 0x9f, 0xef, 0x7d, 0x3c, 0xae, 0x94, 0x06, 0x47, 0xd5,
        0x4a, 0xd8, 0x99, 0x0b, 0x31, 0xa3, 0xe2, 0x70, 0x00, 0x92, 0xd3, 0x41, 0x7b, 0xe9, 0xa8, 0x3a,
        0x85, 0x17, 0x56, 0xc4, 0xfe, 0x6c, 0x2d, 0xbf, 0xcf, 0x5d, 0x1c, 0x8e, 0xb4, 0x26, 0x67, 0xf5,
        0x6a, 0xf8, 0xb9, 0x2b, 0x11, 0x83, 0xc2, 0x50, 0x20, 0xb2, 0xf3, 0x61, 0x5b, 0xc9, 0x88, 0x1a,
        0x43, 0xd1, 0x90, 0x02, 0x38, 0xaa, 0xeb, 0x79, 0x09, 0x9b, 0xda, 0x48, 0x72, 0xe0, 0xa1, 0x33,
        0xac, 0x3e, 0x7f, 0xed, 0xd7, 0x45, 0x04, 0x96, 0xe6, 0x74, 0x35, 0xa7, 0x9d, 0x0f, 0x4e, 0xdc,
        0x63, 0xf1, 0xb0, 0x22, 0x18, 0x8a, 0xcb, 0x59, 0x29, 0xbb, 0xfa, 0x68, 0x52, 0xc0, 0x81, 0x13,
        0x8c, 0x1e, 0x5f, 0xcd, 0xf7, 0x65, 0x24, 0xb6, 0xc6, 0x54, 0x15, 0x87, 0xbd, 0x2f, 0x6e, 0xfc
    },
    {
        0x61, 0xaa, 0xe7, 0x2c, 0x85, 0x4e, 0x03, 0xc8, 0xfc, 0x37, 0x7a, 0xb1, 0x18, 0xd3, 0x9e, 0x55,
        0xcf, 0x04, 0x49, 0x82, 0x2b, 0xe0, 0xad, 0x66, 0x52, 0x99, 0xd4, 0x1f, 0xb6, 0x7d, 0x30, 0xfb,
        0xdc, 0x17, 0x5a, 0x91, 0x38, 0xf3, 0xbe, 0x75, 0x41, 0x8a, 0xc7, 0x0c, 0xa5, 0x6e, 0x23, 0xe8,
        0x72, 0xb9, 0xf4, 0x3f, 0x96, 0x5d, 0x10, 0xdb, 0xef, 0x24, 0x69, 0xa2, 0x0b, 0xc0, 0x8d, 0x46,
        0xd2, 0x19, 0x54, 0x9f, 0x36, 0xfd, 0xb0, 0x7b, 0x4f, 0x84, 0xc9, 0x02, 0xab, 0x60, 0x2d, 0xe6,
        0x7c, 0xb7, 0xfa, 0x31, 0x98, 0x53, 0x1e, 0xd5, 0xe1, 0x2a, 0x67, 0xac, 0x05, 0xce, 0x83, 0x48,
        0x6f, 0xa4, 0xe9, 0x22, 0x8b, 0x40, 0x0d, 0xc6, 0xf2, 0x39, 0x74, 0xbf, 0x16, 0xdd, 0x90, 0x5b,
        0xc1, 0x0a, 0x47, 0x8c, 0x25, 0xee, 0xa3, 0x68, 0x5c, 0x97, 0xda, 0x11, 0xb8, 0x73, 0x3e, 0xf5,
        0x8e, 0x45, 0x08, 0xc3, 0x6a, 0xa1, 0xec, 0x27, 0x13, 0xd8, 0x95, 0x5e, 0xf7, 0x3c, 0x71, 0xba,
        0x20, 0xeb, 0xa6, 0x6d, 0xc4, 0x0f, 0x42, 0x89, 0xbd, 0x76, 0x3b, 0xf0, 0x59, 0x92, 0xdf, 0x14,
        0x33, 0xf8, 0xb5, 0x7e, 0xd7, 0x1c, 0x51, 0x9a, 0xae, 0x65, 0x28, 0xe3, 0x4a, 0x81, 0xcc, 0x07,
        0x9d, 0x56, 0x1b, 0xd0, 0x79, 0xb2, 0xff, 0x34, 0x00, 0xcb, 0x86, 0x4d, 0xe4, 0x2f, 0x62, 0xa9,
        0x3d, 0xf6, 0xbb, 0x70, 0xd9, 0x12, 0x5f, 0x94, 0xa0, 0x6b, 0x26, 0xed, 0x44, 0x8f, 0xc2, 0x09,
        0x93, 0x58, 0x15, 0xde, 0x77, 0xbc, 0xf1, 0x3a, 0x0e, 0xc5, 0x88, 0x43, 0xea, 0x21, 0x6c, 0xa7,
        0x80, 0x4b, 0x06, 0xcd, 0x64, 0xaf, 0xe2, 0x29, 0x1d, 0xd6, 0x9b, 0x50, 0xf9, 0x32, 0x7f, 0xb4,
        0x2e, 0xe5, 0xa8, 0x63, 0xca, 0x01, 0x4c, 0x87, 0xb3, 0x78, 0x35, 0xfe, 0x57, 0x9c, 0xd1, 0x1a
    },
    {
        0x0a, 0xac, 0xe1, 0x47, 0x01, 0xa7, 0xea, 0x4c, 0xc5, 0x63, 0x2e, 0x88, 0xce, 0x68, 0x25, 0x83,
        0xf9, 0x5f, 0x12, 0xb4, 0xf2, 0x54, 0x19, 0xbf, 0x36, 0x90, 0xdd, 0x7b, 0x3d, 0x9b, 0xd6, 0x70,
        0x1b, 0xbd, 0xf0, 0x56, 0x10, 0xb6, 0xfb, 0x5d, 0xd4, 0x72, 0x3f, 0x99, 0xdf, 0x79, 0x34, 0x92,
        0xe8, 0x4e, 0x03, 0xa5, 0xe3, 0x45, 0x08, 0xae, 0x27, 0x81, 0xcc, 0x6a, 0x2c, 0x8a, 0xc7, 0x61,
        0x86, 0x20, 0x6d, 0xcb, 0x8d, 0x2b, 0x66, 0xc0, 0x49, 0xef, 0xa2, 0x04, 0x42, 0xe4, 0xa9, 0x0f,
        0x75, 0xd3, 0x9e, 0x38, 0x7e, 0xd8, 0x95, 0x33, 0xba, 0x1c, 0x51, 0xf7, 0xb1, 0x17, 0x5a, 0xfc,
        0x97, 0x31, 0x7c, 0xda, 0x9c, 0x3a, 0x77, 0xd1, 0x58, 0xfe, 0xb3, 0x15, 0x53, 0xf5, 0xb8, 0x1e,
        0x64, 0xc2, 0x8f, 0x29, 0x6f, 0xc9, 0x84, 0x22, 0xab, 0x0d, 0x40, 0xe6, 0xa0, 0x06, 0x4b, 0xed,
        0xee, 0x48, 0x05, 0xa3, 0xe5, 0x43, 0x0e, 0xa8, 0x21, 0x87, 0xca, 0x6c, 0x2a, 0x8c, 0xc1, 0x67,
        0x1d, 0xbb, 0xf6, 0x50, 0x16, 0xb0, 0xfd, 0x5b, 0xd2, 0x74, 0x39, 0x9f, 0xd9, 0x7f, 0x32, 0x94,
        0xff, 0x59, 0x14, 0xb2, 0xf4, 0x52, 0x1f, 0xb9, 0x30, 0x96, 0xdb, 0x7d, 0x3b, 0x9d, 0xd0, 0x76,
        0x0c, 0xaa, 0xe7, 0x41, 0x07, 0xa1, 0xec, 0x4a, 0xc3, 0x65, 0x28, 0x8e, 0xc8, 0x6e, 0x23, 0x85,
        0x62, 0xc4, 0x89, 0x2f, 0x69, 0xcf, 0x82, 0x24, 0xad, 0x0b, 0x46, 0xe0, 0xa6, 0x00, 0x4d, 0xeb,
        0x91, 0x37, 0x7a, 0xdc, 0x9a, 0x3c, 0x71, 0xd7, 0x5e, 0xf8, 0xb5, 0x13, 0x55, 0xf3, 0xbe, 0x18,
        0x73, 0xd5, 0x98, 0x3e, 0x78, 0xde, 0x93, 0x35, 0xbc, 0x1a, 0x57, 0xf1, 0xb7, 0x11, 0x5c, 0xfa,
        0x80, 0x26, 0x6b, 0xcd, 0x8b, 0x2d, 0x60, 0xc6, 0x4f, 0xe9, 0xa4, 0x02, 0x44, 0xe2, 0xaf, 0x09
    },
    {
        0x36, 0xe1, 0xf4, 0x23, 0x68, 0xbf, 0xaa, 0x7d, 0xbd, 0x6a, 0x7f, 0xa8, 0xe3, 0x34, 0x21, 0xf6,
        0xb0, 0x67, 0x72, 0xa5, 0xee, 0x39, 0x2c, 0xfb, 0x3b, 0xec, 0xf9, 0x2e, 0x65, 0xb2, 0xa7, 0x70,
        0xd7, 0x00, 0x15, 0xc2, 0x89, 0x5e, 0x4b, 0x9c, 0x5c, 0x8b, 0x9e, 0x49, 0x02, 0xd5, 0xc0, 0x17,
        0x51, 0x86, 0x93, 0x44, 0x0f, 0xd8, 0xcd, 0x1a, 0xda, 0x0d, 0x18, 0xcf, 0x84, 0x53, 0x46, 0x91,
        0x7b, 0xac, 0xb9, 0x6e, 0x25, 0xf2, 0xe7, 0x30, 0xf0, 0x27, 0x32, 0xe5, 0xae, 0x79, 0x6c, 0xbb,
        0xfd, 0x2a, 0x3f, 0xe8, 0xa3, 0x74, 0x61, 0xb6, 0x76, 0xa1, 0xb4, 0x63, 0x28, 0xff, 0xea, 0x3d,
        0x9a, 0x4d, 0x58, 0x8f, 0xc4, 0x13, 0x06, 0xd1, 0x11, 0xc6, 0xd3, 0x04, 0x4f, 0x98, 0x8d, 0x5a,
        0x1c, 0xcb, 0xde, 0x09, 0x42, 0x95, 0x80, 0x57, 0x97, 0x40, 0x55, 0x82, 0xc9, 0x1e, 0x0b, 0xdc,
        0xd0, 0x07, 0x12, 0xc5, 0x8e, 0x59, 0x4c, 0x9b, 0x5b, 0x8c, 0x99, 0x4e, 0x05, 0xd2, 0xc7, 0x10,
        0x56, 0x81, 0x94, 0x43, 0x08, 0xdf, 0xca, 0x1d, 0xdd, 0x0a, 0x1f, 0xc8, 0x83, 0x54, 0x41, 0x96,
        0x31, 0xe6, 0xf3, 0x24, 0x6f, 0xb8, 0xad, 0x7a, 0xba, 0x6d, 0x78, 0xaf, 0xe4, 0x33, 0x26, 0xf1,
        0xb7, 0x60, 0x75, 0xa2, 0xe9, 0x3e, 0x2b, 0xfc, 0x3c, 0xeb, 0xfe, 0x29, 0x62, 0xb5, 0xa0, 0x77,
        0x9d, 0x4a, 0x5f, 0x88, 0xc3, 0x14, 0x01, 0xd6, 0x16, 0xc1, 0xd4, 0x03, 0x48, 0x9f, 0x8a, 0x5d,
        0x1b, 0xcc, 0xd9, 0x0e, 0x45, 0x92, 0x87, 0x50, 0x90, 0x47, 0x52, 0x85, 0xce, 0x19, 0x0c, 0xdb,
        0x7c, 0xab, 0xbe, 0x69, 0x22, 0xf5, 0xe0, 0x37, 0xf7, 0x20, 0x35, 0xe2, 0xa9, 0x7e, 0x6b, 0xbc,
        0xfa, 0x2d, 0x38, 0xef, 0xa4, 0x73, 0x66, 0xb1, 0x71, 0xa6, 0xb3, 0x64, 0x2f, 0xf8, 0xed, 0x3a
    },
    {
        0x68, 0x9b, 0xbc, 0x4f, 0x9e, 0x6d, 0x4a, 0xb9, 0x6e, 0x9d, 0xba, 0x49, 0x98, 0x6b, 0x4c, 0xbf,
        0x4b, 0xb8, 0x9f, 0x6c, 0xbd, 0x4e, 0x69, 0x9a, 0x4d, 0xbe, 0x99, 0x6a, 0xbb, 0x48, 0x6f, 0x9c,
        0xe7, 0x14, 0x33, 0xc0, 0x11, 0xe2, 0xc5, 0x36, 0xe1, 0x12, 0x35, 0xc6, 0x17, 0xe4, 0xc3, 0x30,
        0xc4, 0x37, 0x10, 0xe3, 0x32, 0xc1, 0xe6, 0x15, 0xc2, 0x31, 0x16, 0xe5, 0x34, 0xc7, 0xe0, 0x13,
        0x63, 0x90, 0xb7, 0x44, 0x95, 0x66, 0x41, 0xb2, 0x65, 0x96, 0xb1, 0x42, 0x93, 0x60, 0x47, 0xb4,
        0x40, 0xb3, 0x94, 0x67, 0xb6, 0x45, 0x62, 0x91, 0x46, 0xb5, 0x92, 0x61, 0xb0, 0x43, 0x64, 0x97,
        0xec, 0x1f, 0x38, 0xcb, 0x1a, 0xe9, 0xce, 0x3d, 0xea, 0x19, 0x3e, 0xcd, 0x1c, 0xef, 0xc8, 0x3b,
        0xcf, 0x3c, 0x1b, 0xe8, 0x39, 0xca, 0xed, 0x1e, 0xc9, 0x3a, 0x1d, 0xee, 0x3f, 0xcc, 0xeb, 0x18,
        0x07, 0xf4, 0xd3, 0x20, 0xf1, 0x02, 0x25, 0xd6, 0x01, 0xf2, 0xd5, 0x26, 0xf7, 0x04, 0x23, 0xd0,
        0x24, 0xd7, 0xf0, 0x03, 0xd2, 0x21, 0x06, 0xf5, 0x22, 0xd1, 0xf6, 0x05, 0xd4, 0x27, 0x00, 0xf3,
        0x88, 0x7b, 0x5c, 0xaf, 0x7e, 0x8d, 0xaa, 0x59, 0x8e, 0x7d, 0x5a, 0xa9, 0x78, 0x8b, 0xac, 0x5f,
        0xab, 0x58, 0x7f, 0x8c, 0x5d, 0xae, 0x89, 0x7a, 0xad, 0x5e, 0x79, 0x8a, 0x5b, 0xa8, 0x8f, 0x7c,
        0x0c, 0xff, 0xd8, 0x2b, 0xfa, 0x09, 0x2e, 0xdd, 0x0a, 0xf9, 0xde, 0x2d, 0xfc, 0x0f, 0x28, 0xdb,
        0x2f, 0xdc, 0xfb, 0x08, 0xd9, 0x2a, 0x0d, 0xfe, 0x29, 0xda, 0xfd, 0x0e, 0xdf, 0x2c, 0x0b, 0xf8,
        0x83, 0x70, 0x57, 0xa4, 0x75, 0x86, 0xa1, 0x52, 0x85, 0x76, 0x51, 0xa2, 0x73, 0x80, 0xa7, 0x54,
        0xa0, 0x53, 0x74, 0x87, 0x56, 0xa5, 0x82, 0x71, 0xa6, 0x55, 0x72, 0x81, 0x50, 0xa3, 0x84, 0x77
    },
    {
        0x22, 0x25, 0x82, 0x85, 0xb8, 0xbf, 0x18, 0x1f, 0x9a, 0x9d, 0x3a, 0x3d, 0x00, 0x07, 0xa0, 0xa7,
        0x16, 0x11, 0xb6, 0xb1, 0x8c, 0x8b, 0x2c, 0x2b, 0xae, 0xa9, 0x0e, 0x09, 0x34, 0x33, 0x94, 0x93,
        0x5c, 0x5b, 0xfc, 0xfb, 0xc6, 0xc1, 0x66, 0x61, 0xe4, 0xe3, 0x44, 0x43, 0x7e, 0x79, 0xde, 0xd9,
        0x68, 0x6f, 0xc8, 0xcf, 0xf2, 0xf5, 0x52, 0x55, 0xd0, 0xd7, 0x70, 0x77, 0x4a, 0x4d, 0xea, 0xed,
        0x0a, 0x0d, 0xaa, 0xad, 0x90, 0x97, 0x30, 0x37, 0xb2, 0xb5, 0x12, 0x15, 0x28, 0x2f, 0x88, 0x8f,
        0x3e, 0x39, 0x9e, 0x99, 0xa4, 0xa3, 0x04, 0x03, 0x86, 0x81, 0x26, 0x21, 0x1c, 0x1b, 0xbc, 0xbb,
        0x74, 0x73, 0xd4, 0xd3, 0xee, 0xe9, 0x4e, 0x49, 0xcc, 0xcb, 0x6c, 0x6b, 0x56, 0x51, 0xf6, 0xf1,
        0x40, 0x47, 0xe0, 0xe7, 0xda, 0xdd, 0x7a, 0x7d, 0xf8, 0xff, 0x58, 0x5f, 0x62, 0x65, 0xc2, 0xc5,
        0x4b, 0x4c, 0xeb, 0xec, 0xd1, 0xd6, 0x71, 0x76, 0xf3, 0xf4, 0x53, 0x54, 0x69, 0x6e, 0xc9, 0xce,
        0x7f, 0x78, 0xdf, 0xd8, 0xe5, 0xe2, 0x45, 0x42, 0xc7, 0xc0, 0x67, 0x60, 0x5d, 0x5a, 0xfd, 0xfa,
        0x35, 0x32, 0x95, 0x92, 0xaf, 0xa8, 0x0f, 0x08, 0x8d, 0x8a, 0x2d, 0x2a, 0x17, 0x10, 0xb7, 0xb0,
        0x01, 0x06, 0xa1, 0xa6, 0x9b, 0x9c, 0x3b, 0x3c, 0xb9, 0xbe, 0x19, 0x1e, 0x23, 0x24, 0x83, 0x84,
        0x63, 0x64, 0xc3, 0xc4, 0xf9, 0xfe, 0x59, 0x5e, 0xdb, 0xdc, 0x7b, 0x7c, 0x41, 0x46, 0xe1, 0xe6,
        0x57, 0x50, 0xf7, 0xf0, 0xcd, 0xca, 0x6d, 0x6a, 0xef, 0xe8, 0x4f, 0x48, 0x75, 0x72, 0xd5, 0xd2,
        0x1d, 0x1a, 0xbd, 0xba, 0x87, 0x80, 0x27, 0x20, 0xa5, 0xa2, 0x05, 0x02, 0x3f, 0x38, 0x9f, 0x98,
        0x29, 0x2e, 0x89, 0x8e, 0xb3, 0xb4, 0x13, 0x14, 0x91, 0x96, 0x31, 0x36, 0x0b, 0x0c, 0xab, 0xac
    },
    {
        0xd6, 0x64, 0x05, 0xb7, 0x0a, 0xb8, 0xd9, 0x6b, 0xe7, 0x55, 0x34, 0x86, 0x3b, 0x89, 0xe8, 0x5a,
        0x10, 0xa2, 0xc3, 0x71, 0xcc, 0x7e, 0x1f, 0xad, 0x21, 0x93, 0xf2, 0x40, 0xfd, 0x4f, 0x2e, 0x9c,
        0xf1, 0x43, 0x22, 0x90, 0x2d, 0x9f, 0xfe, 0x4c, 0xc0, 0x72, 0x13, 0xa1, 0x1c, 0xae, 0xcf, 0x7d,
        0x37, 0x85, 0xe4, 0x56, 0xeb, 0x59, 0x38, 0x8a, 0x06, 0xb4, 0xd5, 0x67, 0xda, 0x68, 0x09, 0xbb,
        0xb0, 0x02, 0x63, 0xd1, 0x6c, 0xde, 0xbf, 0x0d, 0x81, 0x33, 0x52, 0xe0, 0x5d, 0xef, 0x8e, 0x3c,
        0x76, 0xc4, 0xa5, 0x17, 0xaa, 0x18, 0x79, 0xcb, 0x47, 0xf5, 0x94, 0x26, 0x9b, 0x29, 0x48, 0xfa,
        0x97, 0x25, 0x44, 0xf6, 0x4b, 0xf9, 0x98, 0x2a, 0xa6, 0x14, 0x75, 0xc7, 0x7a, 0xc8, 0xa9, 0x1b,
        0x51, 0xe3, 0x82, 0x30, 0x8d, 0x3f, 0x5e, 0xec, 0x60, 0xd2, 0xb3, 0x01, 0xbc, 0x0e, 0x6f, 0xdd,
        0x2f, 0x9d, 0xfc, 0x4e, 0xf3, 0x41, 0x20, 0x92, 0x1e, 0xac, 0xcd, 0x7f, 0xc2, 0x70, 0x11, 0xa3,
        0xe9, 0x5b, 0x3a, 0x88, 0x35, 0x87, 0xe6, 0x54, 0xd8, 0x6a, 0x0b, 0xb9, 0x04, 0xb6, 0xd7, 0x65,
        0x08, 0xba, 0xdb, 0x69, 0xd4, 0x66, 0x07, 0xb5, 0x39, 0x8b, 0xea, 0x58, 0xe5, 0x57, 0x36, 0x84,
        0xce, 0x7c, 0x1d, 0xaf, 0x12, 0xa0, 0xc1, 0x73, 0xff, 0x4d, 0x2c, 0x9e, 0x23, 0x91, 0xf0, 0x42,
        0x49, 0xfb, 0x9a, 0x28, 0x95, 0x27, 0x46, 0xf4, 0x78, 0xca, 0xab, 0x19, 0xa4, 0x16, 0x77, 0xc5,
        0x8f, 0x3d, 0x5c, 0xee, 0x53, 0xe1, 0x80, 0x32, 0xbe, 0x0c, 0x6d, 0xdf, 0x62, 0xd0, 0xb1, 0x03,
        0x6e, 0xdc, 0xbd, 0x0f, 0xb2, 0x00, 0x61, 0xd3, 0x5f, 0xed, 0x8c, 0x3e, 0x83, 0x31, 0x50, 0xe2,
        0xa8, 0x1a, 0x7b, 0xc9, 0x74, 0xc6, 0xa7, 0x15, 0x99, 0x2b, 0x4a, 0xf8, 0x45, 0xf7, 0x96, 0x24
    },
    {
        0x73, 0x93, 0xbb, 0x5b, 0xf9, 0x19, 0x31, 0xd1, 0xc2, 0x22, 0x0a, 0xea, 0x48, 0xa8, 0x80, 0x60,
        0x53, 0xb3, 0x9b, 0x7b, 0xd9, 0x39, 0x11, 0xf1, 0xe2, 0x02, 0x2a, 0xca, 0x68, 0x88, 0xa0, 0x40,
        0x04, 0xe4, 0xcc, 0x2c, 0x8e, 0x6e, 0x46, 0xa6, 0xb5, 0x55, 0x7d, 0x9d, 0x3f, 0xdf, 0xf7, 0x17,
        0x24, 0xc4, 0xec, 0x0c, 0xae, 0x4e, 0x66, 0x86, 0x95, 0x75, 0x5d, 0xbd, 0x1f, 0xff, 0xd7, 0x37,
        0x70, 0x90, 0xb8, 0x58, 0xfa, 0x1a, 0x32, 0xd2, 0xc1, 0x21, 0x09, 0xe9, 0x4b, 0xab, 0x83, 0x63,
        0x50, 0xb0, 0x98, 0x78, 0xda, 0x3a, 0x12, 0xf2, 0xe1, 0x01, 0x29, 0xc9, 0x6b, 0x8b, 0xa3, 0x43,
        0x07, 0xe7, 0xcf, 0x2f, 0x8d, 0x6d, 0x45, 0xa5, 0xb6, 0x56, 0x7e, 0x9e, 0x3c, 0xdc, 0xf4, 0x14,
        0x27, 0xc7, 0xef, 0x0f, 0xad, 0x4d, 0x65, 0x85, 0x96, 0x76, 0x5e, 0xbe, 0x1c, 0xfc, 0xd4, 0x34,
        0x6f, 0x8f, 0xa7, 0x47, 0xe5, 0x05, 0x2d, 0xcd, 0xde, 0x3e, 0x16, 0xf6, 0x54, 0xb4, 0x9c, 0x7c,
        0x4f, 0xaf, 0x87, 0x67, 0xc5, 0x25, 0x0d, 0xed, 0xfe, 0x1e, 0x36, 0xd6, 0x74, 0x94, 0xbc, 0x5c,
        0x18, 0xf8, 0xd0, 0x30, 0x92, 0x72, 0x5a, 0xba, 0xa9, 0x49, 0x61, 0x81, 0x23, 0xc3, 0xeb, 0x0b,
        0x38, 0xd8, 0xf0, 0x10, 0xb2, 0x52, 0x7a, 0x9a, 0x89, 0x69, 0x41, 0xa1, 0x03, 0xe3, 0xcb, 0x2b,
        0x6c, 0x8c, 0xa4, 0x44, 0xe6, 0x06, 0x2e, 0xce, 0xdd, 0x3d, 0x15, 0xf5, 0x57, 0xb7, 0x9f, 0x7f,
        0x4c, 0xac, 0x84, 0x64, 0xc6, 0x26, 0x0e, 0xee, 0xfd, 0x1d, 0x35, 0xd5, 0x77, 0x97, 0xbf, 0x5f,
        0x1b, 0xfb, 0xd3, 0x33, 0x91, 0x71, 0x59, 0xb9, 0xaa, 0x4a, 0x62, 0x82, 0x20, 0xc0, 0xe8, 0x08,
        0x3b, 0xdb, 0xf3, 0x13, 0xb1, 0x51, 0x79, 0x99, 0x8a, 0x6a, 0x42, 0xa2, 0x00, 0xe0, 0xc8, 0x28
    },
    {
        0x90, 0x4f, 0xa6, 0x79, 0xb5, 0x6a, 0x83, 0x5c, 0x2d, 0xf2, 0x1b, 0xc4, 0x08, 0xd7, 0x3e, 0xe1,
        0xbf, 0x60, 0x89, 0x56, 0x9a, 0x45, 0xac, 0x73, 0x02, 0xdd, 0x34, 0xeb, 0x27, 0xf8, 0x11, 0xce,
        0x5b, 0x84, 0x6d, 0xb2, 0x7e, 0xa1, 0x48, 0x97, 0xe6, 0x39, 0xd0, 0x0f, 0xc3, 0x1c, 0xf5, 0x2a,
        0x74, 0xab, 0x42, 0x9d, 0x51, 0x8e, 0x67, 0xb8, 0xc9, 0x16, 0xff, 0x20, 0xec, 0x33, 0xda, 0x05,
        0xa4, 0x7b, 0x92, 0x4d, 0x81, 0x5e, 0xb7, 0x68, 0x19, 0xc6, 0x2f, 0xf0, 0x3c, 0xe3, 0x0a, 0xd5,
        0x8b, 0x54, 0xbd, 0x62, 0xae, 0x71, 0x98, 0x47, 0x36, 0xe9, 0x00, 0xdf, 0x13, 0xcc, 0x25, 0xfa,
        0x6f, 0xb0, 0x59, 0x86, 0x4a, 0x95, 0x7c, 0xa3, 0xd2, 0x0d, 0xe4, 0x3b, 0xf7, 0x28, 0xc1, 0x1e,
        0x40, 0x9f, 0x76, 0xa9, 0x65, 0xba, 0x53, 0x8c, 0xfd, 0x22, 0xcb, 0x14, 0xd8, 0x07, 0xee, 0x31,
        0x72, 0xad, 0x44, 0x9b, 0x57, 0x88, 0x61, 0xbe, 0xcf, 0x10, 0xf9, 0x26, 0xea, 0x35, 0xdc, 0x03,
        0x5d, 0x82, 0x6b, 0xb4, 0x78, 0xa7, 0x4e, 0x91, 0xe0, 0x3f, 0xd6, 0x09, 0xc5, 0x1a, 0xf3, 0x2c,
        0xb9, 0x66, 0x8f, 0x50, 0x9c, 0x43, 0xaa, 0x75, 0x04, 0xdb, 0x32, 0xed, 0x21, 0xfe, 0x17, 0xc8,
        0x96, 0x49, 0xa0, 0x7f, 0xb3, 0x6c, 0x85, 0x5a, 0x2b, 0xf4, 0x1d, 0xc2, 0x0e, 0xd1, 0x38, 0xe7,
        0x46, 0x99, 0x70, 0xaf, 0x63, 0xbc, 0x55, 0x8a, 0xfb, 0x24, 0xcd, 0x12, 0xde, 0x01, 0xe8, 0x37,
        0x69, 0xb6, 0x5f, 0x80, 0x4c, 0x93, 0x7a, 0xa5, 0xd4, 0x0b, 0xe2, 0x3d, 0xf1, 0x2e, 0xc7, 0x18,
        0x8d, 0x52, 0xbb, 0x64, 0xa8, 0x77, 0x9e, 0x41, 0x30, 0xef, 0x06, 0xd9, 0x15, 0xca, 0x23, 0xfc,
        0xa2, 0x7d, 0x94, 0x4b, 0x87, 0x58, 0xb1, 0x6e, 0x1f, 0xc0, 0x29, 0xf6, 0x3a, 0xe5, 0x0c, 0xd3
    },
    {
        0xf3, 0xbd, 0x7b, 0x35, 0xe7, 0xa9, 0x6f, 0x21, 0xd1, 0x9f, 0x59, 0x17, 0xc5, 0x8b, 0x4d, 0x03,
        0x40, 0x0e, 0xc8, 0x86, 0x54, 0x1a, 0xdc, 0x92, 0x62, 0x2c, 0xea, 0xa4, 0x76, 0x38, 0xfe, 0xb0,
        0x7e, 0x30, 0xf6, 0xb8, 0x6a, 0x24, 0xe2, 0xac, 0x5c, 0x12, 0xd4, 0x9a, 0x48, 0x06, 0xc0, 0x8e,
        0xcd, 0x83, 0x45, 0x0b, 0xd9, 0x97, 0x51, 0x1f, 0xef, 0xa1, 0x67, 0x29, 0xfb, 0xb5, 0x73, 0x3d,
        0xe3, 0xad, 0x6b, 0x25, 0xf7, 0xb9, 0x7f, 0x31, 0xc1, 0x8f, 0x49, 0x07, 0xd5, 0x9b, 0x5d, 0x13,
        0x50, 0x1e, 0xd8, 0x96, 0x44, 0x0a, 0xcc, 0x82, 0x72, 0x3c, 0xfa, 0xb4, 0x66, 0x28, 0xee, 0xa0,
        0x6e, 0x20, 0xe6, 0xa8, 0x7a, 0x34, 0xf2, 0xbc, 0x4c, 0x02, 0xc4, 0x8a, 0x58, 0x16, 0xd0, 0x9e,
        0xdd, 0x93, 0x55, 0x1b, 0xc9, 0x87, 0x41, 0x0f, 0xff, 0xb1, 0x77, 0x39, 0xeb, 0xa5, 0x63, 0x2d,
        0x7c, 0x32, 0xf4, 0xba, 0x68, 0x26, 0xe0, 0xae, 0x5e, 0x10, 0xd6, 0x98, 0x4a, 0x04, 0xc2, 0x8c,
        0xcf, 0x81, 0x47, 0x09, 0xdb, 0x95, 0x53, 0x1d, 0xed, 0xa3, 0x65, 0x2b, 0xf9, 0xb7, 0x71, 0x3f,
        0xf1, 0xbf, 0x79, 0x37, 0xe5, 0xab, 0x6d, 0x23, 0xd3, 0x9d, 0x5b, 0x15, 0xc7, 0x89, 0x4f, 0x01,
        0x42, 0x0c, 0xca, 0x84, 0x56, 0x18, 0xde, 0x90, 0x60, 0x2e, 0xe8, 0xa6, 0x74, 0x3a, 0xfc, 0xb2,
        0x6c, 0x22, 0xe4, 0xaa, 0x78, 0x36, 0xf0, 0xbe, 0x4e, 0x00, 0xc6, 0x88, 0x5a, 0x14, 0xd2, 0x9c,
        0xdf, 0x91, 0x57, 0x19, 0xcb, 0x85, 0x43, 0x0d, 0xfd, 0xb3, 0x75, 0x3b, 0xe9, 0xa7, 0x61, 0x2f,
        0xe1, 0xaf, 0x69, 0x27, 0xf5, 0xbb, 0x7d, 0x33, 0xc3, 0x8d, 0x4b, 0x05, 0xd7, 0x99, 0x5f, 0x11,
        0x52, 0x1c, 0xda, 0x94, 0x46, 0x08, 0xce, 0x80, 0x70, 0x3e, 0xf8, 0xb6, 0x64, 0x2a, 0xec, 0xa2
    },
    {
        0x3b, 0x8b, 0xe3, 0x53, 0x20, 0x90, 0xf8, 0x48, 0x1e, 0xae, 0xc6, 0x76, 0x05, 0xb5, 0xdd, 0x6d,
        0x09, 0xb9, 0xd1, 0x61, 0x12, 0xa2, 0xca, 0x7a, 0x2c, 0x9c, 0xf4, 0x44, 0x37, 0x87, 0xef, 0x5f,
        0x1c, 0xac, 0xc4, 0x74, 0x07, 0xb7, 0xdf, 0x6f, 0x39, 0x89, 0xe1, 0x51, 0x22, 0x92, 0xfa, 0x4a,
        0x2e, 0x9e, 0xf6, 0x46, 0x35, 0x85, 0xed, 0x5d, 0x0b, 0xbb, 0xd3, 0x63, 0x10, 0xa0, 0xc8, 0x78,
        0x41, 0xf1, 0x99, 0x29, 0x5a, 0xea, 0x82, 0x32, 0x64, 0xd4, 0xbc, 0x0c, 0x7f, 0xcf, 0xa7, 0x17,
        0x73, 0xc3, 0xab, 0x1b, 0x68, 0xd8, 0xb0, 0x00, 0x56, 0xe6, 0x8e, 0x3e, 0x4d, 0xfd, 0x95, 0x25,
        0x66, 0xd6, 0xbe, 0x0e, 0x7d, 0xcd, 0xa5, 0x15, 0x43, 0xf3, 0x9b, 0x2b, 0x58, 0xe8, 0x80, 0x30,
        0x54, 0xe4, 0x8c, 0x3c, 0x4f, 0xff, 0x97, 0x27, 0x71, 0xc1, 0xa9, 0x19, 0x6a, 0xda, 0xb2, 0x02,
        0x0d, 0xbd, 0xd5, 0x65, 0x16, 0xa6, 0xce, 0x7e, 0x28, 0x98, 0xf0, 0x40, 0x33, 0x83, 0xeb, 0x5b,
        0x3f, 0x8f, 0xe7, 0x57, 0x24, 0x94, 0xfc, 0x4c, 0x1a, 0xaa, 0xc2, 0x72, 0x01, 0xb1, 0xd9, 0x69,
        0x2a, 0x9a, 0xf2, 0x42, 0x31, 0x81, 0xe9, 0x59, 0x0f, 0xbf, 0xd7, 0x67, 0x14, 0xa4, 0xcc, 0x7c,
        0x18, 0xa8, 0xc0, 0x70, 0x03, 0xb3, 0xdb, 0x6b, 0x3d, 0x8d, 0xe5, 0x55, 0x26, 0x96, 0xfe, 0x4e,
        0x77, 0xc7, 0xaf, 0x1f, 0x6c, 0xdc, 0xb4, 0x04, 0x52, 0xe2, 0x8a, 0x3a, 0x49, 0xf9, 0x91, 0x21,
        0x45, 0xf5, 0x9d, 0x2d, 0x5e, 0xee, 0x86, 0x36, 0x60, 0xd0, 0xb8, 0x08, 0x7b, 0xcb, 0xa3, 0x13,
        0x50, 0xe0, 0x88, 0x38, 0x4b, 0xfb, 0x93, 0x23, 0x75, 0xc5, 0xad, 0x1d, 0x6e, 0xde, 0xb6, 0x06,
        0x62, 0xd2, 0xba, 0x0a, 0x79, 0xc9, 0xa1, 0x11, 0x47, 0xf7, 0x9f, 0x2f, 0x5c, 0xec, 0x84, 0x34
    }
};

const unsigned int aes_round_table[AES_ROUNDS][16][256] = {
    {
        {
            0xc9b7a67c, 0x61a52490, 0x2b967f84, 0x311de628, 0x8044bf9a, 0x5274c2d8, 0x5f404413, 0x003aaa2b,
            0x63538edb, 0x36329eb0, 0x654a1efa, 0x1445f7be, 0xc7436245, 0xe5340b4b, 0xf492840d, 0x97fba0fd,
            0x7ef76fef, 0xbc577552, 0x9bf9ce8f, 0x237b2b9c, 0xcfae365d, 0x2f7945ee, 0x0b17bcc1, 0x78eeffce,
            0x73c3e924, 0xedd95f53, 0x0ff886ab, 0x4124e7d5, 0xa233d694, 0xce98dee4, 0x4d2689a7, 0x8d703951,
            0xd4134748, 0x184799cc, 0x0a215478, 0xecefb7ea, 0x32dda4da, 0xc48320b7, 0x3fe92211, 0x990f64c4,
            0xca77e48e, 0x9acf2636, 0x42e4a527, 0x06233a0a, 0xf3bdfc95, 0x24545304, 0xaf07505f, 0xadf1fa14,
            0xd1ca959b, 0x2e4fad57, 0x473d77f4, 0xbf9737a0, 0x38c65a89, 0xba4ee573, 0xd811293a, 0x43d24d9e,
            0x44fd3506, 0xf5a46cb4, 0xe32d9b6a, 0x48ff5b74, 0x6a88327a, 0xa91ec07e, 0x950d0ab6, 0x6f51e0a9,
            0x7fc18756, 0x0715d2b3, 0xc15af264, 0xcc6e74af, 0x772cd34e, 0x218d81d7, 0x687e9831, 0x7003abd6,
            0x98398c7d, 0x1f68e154, 0xf6642e46, 0xe402e3f2, 0x51b4802a, 0x7d372d1d, 0x586f3c8b, 0x5baf7e79,
            0x876bc702, 0x0c38c459, 0x74ec91bc, 0xae31b8e6, 0xc6758afc, 0xf890ea7f, 0x302b0e91, 0x39f0b230,
            0x2aa0973d, 0x79d81777, 0xc29ab096, 0x6e670810, 0x859d6d49, 0x81725723, 0x2d8fefa5, 0xc3ac582f,
            0x82b215d1, 0xe21b73d3, 0x119c256d, 0x7c01c5a4, 0xfd4938ac, 0x899f033b, 0xee191da1, 0xb2a3b16b,
            0xdcfe1350, 0x90d4d865, 0x5db6ee58, 0x53422a61, 0x37047609, 0xc06c1add, 0x69487088, 0xd6e5ed03,
            0x4ee6cb55, 0xfc7fd015, 0xe0edd998, 0xffbf92e7, 0xb98ea781, 0x943be20f, 0x136a8f26, 0x1b87db3e,
            0xb163f399, 0xbea1df19, 0x647cf643, 0xb0551b20, 0x7b2ebd3c, 0xa82828c7, 0x02cc0060, 0x9de05eae,
            0x4a09f13f, 0xa1f39466, 0x19717175, 0x8eb07ba3, 0x26a2f94f, 0x20bb696e, 0x569bf8b2, 0x4b3f1986,
            0x0ece6e12, 0x4c10611e, 0xddc8fbe9, 0x010c4292, 0x57ad100b, 0x49c9b3cd, 0x1ca8a3a6, 0xd33c3fd0,
            0xa6dcecfe, 0x35f2dc42, 0xc5b5c80e, 0x28563d76, 0x33eb4c63, 0xeaf627cb, 0xbd619deb, 0x9cd6b617,
            0x9e201c5c, 0x50826893, 0xdae78371, 0x75da7905, 0xfa664034, 0x03fae8d9, 0x67bcb4b1, 0x6c91a25b,
            0xd927c183, 0x3b06187b, 0xf28b142c, 0xd7d305ba, 0x7a185585, 0x10aacdd4, 0x5e76acaa, 0xe8008d80,
            0x5c8006e1, 0x6093cc29, 0xc8814ec5, 0x05e378f8, 0xacc712ad, 0x6da74ae2, 0xa7ea0447, 0x1e5e09ed,
            0xb8b84f38, 0xdf3e51a2, 0x3c2960e3, 0x555bba40, 0xe7c2a100, 0x668a5c08, 0xb39559d2, 0x125c679f,
            0x1d9e4b1f, 0xdbd16bc8, 0x2960d5cf, 0x0d0e2ce0, 0x8f86931a, 0xb58cc9f3, 0x88a9eb82, 0xcd589c16,
            0x45cbddbf, 0xbb780dca, 0xf07dbe67, 0x8b69a970, 0x4fd023ec, 0x279411f6, 0x93149a97, 0x3d1f885a,
            0xe6f449b9, 0xe1db3121, 0xde08b91b, 0x8384fd68, 0xa3053e2d, 0x9222722e, 0x1ab13387, 0x34c434fb,
            0xabe86a35, 0x84ab85f0, 0xb77a63b8, 0xcb410c37, 0x7135436f, 0xd525aff1, 0x1785b54c, 0xebc0cf72,
            0x8a5f41c9, 0x865d2fbb, 0xf752c6ff, 0x16b35df5, 0xd0fc7d22, 0xb64c8b01, 0x224dc325, 0x04d59041,
            0x761a3bf7, 0x15731f07, 0x3a30f0c2, 0xef2ff518, 0xf14b56de, 0x546d52f9, 0xd20ad769, 0x62656662,
            0x2562bbbd, 0x91e230dc, 0x09e1168a, 0xf9a602c6, 0xfe897a5e, 0xaade828c, 0xfb50a88d, 0x72f5019d,
            0x5a9996c0, 0x3edfcaa8, 0xa0c57cdf, 0x9f16f4e5, 0xe9366539, 0xa42a46b5, 0x40120f6c, 0xa51cae0c,
            0x460b9f4d, 0xb4ba214a, 0x08d7fe33, 0x5959d432, 0x2cb9071c, 0x96cd4844, 0x8c46d1e8, 0x6bbedac3
        },
        {
            0xbc0e725b, 0x11dc20e4, 0x9142feac, 0x166f8933, 0xb1c9a74c, 0x260a386e, 0x871c1760, 0xd4d94350,
            0xb82a23fe, 0x0e614d9a, 0x8d686ba0, 0xefcb266b, 0x3c90ac13, 0x7658942c, 0x408d2400, 0xb9298b58,
            0x1f8c0d81, 0xfdb19e02, 0xd36aea87, 0x5160641b, 0xbe9a228f, 0xe8788fbc, 0x823bee63, 0x1c1bf5f3,
            0xb25e5f3e, 0xec5cde19, 0xb779a63d, 0x38b4fdb6, 0x554435be, 0xebef77ce, 0x1e8fa527, 0xa5031e54,
            0x3054d1a2, 0xfe266670, 0xe20cf37c, 0xd91e9647, 0xd5daebf6, 0x2ace45df, 0x4d4af117, 0x9041560a,
            0x74ccc4f8, 0x36e4d0d3, 0xd64d1384, 0x775b3c8a, 0xcb642e2e, 0x02a5302b, 0x56d3cdcc, 0xbf998a29,
            0x2bcded79, 0x7fbb109e, 0x727cc589, 0xfcb236a4, 0x68e651f4, 0x3f075461, 0x21b991b9, 0x4edd0965,
            0x249e68ba, 0x10df8842, 0x62922d34, 0x9c852bbb, 0x0b46b499, 0x652184e3, 0x7c2ce8ec, 0x6b71a986,
            0x431adc72, 0xca678688, 0x9b36826c, 0x7b9f413b, 0xbabe732a, 0x20ba391f, 0x9f12d3c9, 0x1aabf482,
            0x496ea0b2, 0x99a2d2b8, 0xd81d3ee1, 0x9566af09, 0xf3e1b367, 0xa694e626, 0xed5f76bf, 0xce43d72d,
            0x7eb8b838, 0x183fa456, 0x52f79c69, 0x8c6bc306, 0x858847b4, 0xdfae9736, 0x93d6ae78, 0xdc396f44,
            0x4fdea1c3, 0xcf407f8b, 0xe4bcf20d, 0xff25ced6, 0x2959bdad, 0x6cc20051, 0x53f434cf, 0xab533331,
            0x92d506de, 0x222e69cb, 0xe628a2d9, 0x0df6b5e8, 0x44a975a5, 0xc287aa9c, 0xdd3ac7e2, 0x9d86831d,
            0xc6a3fb39, 0xcdd42f5f, 0x6e565085, 0xae74ca32, 0x9a352aca, 0xf7c5e2c2, 0x67b5d437, 0x0681618e,
            0x6a720120, 0x15f87141, 0x3a20ad62, 0xf995cfa7, 0x64222c45, 0xe098a3a8, 0xf6c64a64, 0xd2694221,
            0xe19b0b0e, 0xe30f5bda, 0x7d2f404a, 0xeec88ecd, 0xfb019f73, 0x5da419aa, 0xdb8ac693, 0x97f2ffdd,
            0x4c4959b1, 0x69e5f952, 0xa3b31f25, 0x31577904, 0x2eea147a, 0xda896e35, 0x4bfaf066, 0xf175e3b3,
            0x3d9304b5, 0x80afbeb7, 0x7a9ce99d, 0x34708007, 0xaf776294, 0x8ffc3b74, 0x4af958c0, 0x54479d18,
            0x08d14ceb, 0xb0ca0fea, 0xade33240, 0x5e33e1d8, 0x39b75510, 0xccd787f9, 0xdead3f90, 0x790b11ef,
            0xc437abed, 0x6105d546, 0x63918592, 0x5063ccbd, 0x9e117b6f, 0x5ca7b10c, 0x3e04fcc7, 0x0782c928,
            0x8eff93d2, 0xf551b216, 0xbd0ddafd, 0x5a17b07d, 0x1ba85c24, 0x70e8955d, 0x60067de0, 0x861fbfc6,
            0xd0fd12f5, 0x14fbd9e7, 0x259dc01c, 0x2c7e44ae, 0x884f92a3, 0x285a150b, 0xb4ee5e4f, 0xa024e757,
            0xbbbddb8c, 0x6f55f823, 0x848bef12, 0xc534034b, 0x463d2571, 0xd74ebb22, 0x357328a1, 0xa9c763e5,
            0xa2b0b783, 0xf2e21bc1, 0x833846c5, 0x5b1418db, 0x8bd86ad1, 0xace09ae6, 0x81ac1611, 0x2d7dec08,
            0x03a6988d, 0x486d0814, 0x176c2195, 0x8adbc277, 0xa1274ff1, 0xc9f07efa, 0xe5bf5aab, 0x2fe9bcdc,
            0x96f1577b, 0xa400b6f2, 0x6dc1a8f7, 0x57d0656a, 0xe97b271a, 0x71eb3dfb, 0x894c3a05, 0xb5edf6e9,
            0xb67a0e9b, 0x193c0cf0, 0xeaecdf68, 0x0415315a, 0x5f30497e, 0x3b2305c4, 0x33c329d0, 0x270990c8,
            0xf4521ab0, 0x0f62e53c, 0xe72b0a7f, 0xf8966701, 0x124bd896, 0x232dc16d, 0x0a451c3f, 0x32c08176,
            0xc013fa48, 0xc8f3d65c, 0xa7974e80, 0xc7a0539f, 0xd1feba53, 0x5980480f, 0xc384023a, 0x98a17a1e,
            0xa8c4cb43, 0x1d185d55, 0x45aadd03, 0xb35df798, 0x37e77875, 0x737f6d2f, 0x003160ff, 0x75cf6c5e,
            0xf0764b15, 0x418e8ca6, 0x946507af, 0x7808b949, 0x66b67c91, 0xaa509b97, 0x13487030, 0xc11052ee,
            0x5883e0a9, 0xfa0237d5, 0x473e8dd7, 0x421974d4, 0x0132c859, 0x0cf51d4e, 0x09d2e44d, 0x051699fc
        },
        {
            0x4c8406fe, 0xb7461da1, 0xaae98ee1, 0x46928974, 0x90cc3385, 0x1df318e7, 0x4261b086, 0xe519b323,
            0xb46ead3a, 0xb88f726c, 0x005c8ba7, 0xee23e51c, 0x15e1fe43, 0x0962b4b6, 0x314360fc, 0x6cd5a1b3,
            0x99f20c94, 0x6ffd1128, 0x2ee89a92, 0xfab2494d, 0xa3d7b1f0, 0xd2f108a4, 0x6ed1c89d, 0xbc7c4b9e,
            0x182cf8a0, 0x25d2ccad, 0xf8b62063, 0x54f475f9, 0x65eb9ea2, 0x5ce6935d, 0x281fca4e, 0x93e4831e,
            0xc9a9cb38, 0x838616bd, 0x9d013566, 0x47be50c1, 0xf77f4fae, 0x76a1bb9a, 0xd1d9b83f, 0xf457ff35,
            0x3698e995, 0x66c32e39, 0x7eb35d3e, 0xd6023156, 0xc548146e, 0x64c74717, 0xe0c65364, 0x4a735622,
            0x8f67c9eb, 0xebfc055b, 0x4149001d, 0x6a22f16f, 0x2a1ba360, 0x68269841, 0x85714661, 0xe71dda0d,
            0xd4065878, 0x8e4b105e, 0x3c8e661f, 0x6b0e28da, 0x1112c7b1, 0x084e6d03, 0x9bf665ba, 0xe1ea8ad1,
            0xc097f429, 0x349c80bb, 0x7a4064cc, 0x5b3d1a34, 0x37b43020, 0xdd386769, 0x26fa7c36, 0x5815aaaf,
            0xc885128d, 0x293313fb, 0xca817ba3, 0xc74c7d40, 0x9c2decd3, 0x55d8ac4c, 0xa60851b7, 0x35b0590e,
            0xcf5e9be4, 0x91e0ea30, 0xc1bb2d9c, 0xe8d4b5c0, 0x6df97806, 0x387d5fed, 0x6118a750, 0x06abdb7b,
            0x3da2bfaa, 0x48773f0c, 0x0eb93ddf, 0x5dca4ae8, 0x0b66dd98, 0xe3eee3ff, 0x0258e289, 0x80aea626,
            0x778d622f, 0x943f0a77, 0xfc451991, 0xc3bf44b2, 0x4facb665, 0xde10d7f2, 0xd52a81cd, 0xcd5af2ca,
            0xd72ee8e3, 0x2dc02a09, 0xf653961b, 0xad320788, 0x0d918d44, 0xba8b1b42, 0x963b6359, 0xf38c765c,
            0x1316ae9f, 0x7056eb46, 0x0cbd54f1, 0xb66ac414, 0xd0f5618a, 0x56f01cd7, 0x078702ce, 0xa2fb6845,
            0xc2939d07, 0x60347ee5, 0xd9cb5e9b, 0x72528268, 0x27d6a583, 0x17e5976d, 0x7d9beda5, 0xf57b2680,
            0x67eff78c, 0x1a28918e, 0x1cdfc152, 0xa1d3d8de, 0xa9c13e7a, 0xa8ede7cf, 0x4496e05a, 0xa0ff016b,
            0x9e2985fd, 0xb9a3abd9, 0x8659f6fa, 0x7968d457, 0xb1b14d7d, 0x9717baec, 0x623017cb, 0x87752f4f,
            0xac1ede3d, 0x2cecf3bc, 0x845d9fd4, 0x532ffc90, 0xff6da90a, 0x92c85aab, 0x9513d3c2, 0x03743b3c,
            0xe2c23a4a, 0x5a11c381, 0x8ab829ac, 0xec278c32, 0x1b04483b, 0x2fc44327, 0x220945c4, 0xf99af9d6,
            0xdc14bedc, 0xb3b52453, 0xbba7c2f7, 0xb299fde6, 0x334709d2, 0x5fce23c6, 0xd8e7872e, 0xdbcf37b5,
            0x98ded521, 0x2b377ad5, 0x1ff771c9, 0x81827f93, 0x631cce7e, 0xfe4170bf, 0x3fa6d684, 0x3b55ef76,
            0x0f95e46a, 0x7b6cbd79, 0x8c4f7970, 0x89909937, 0xbf54fb05, 0x7f9f848b, 0x1edba87c, 0x74a5d2b4,
            0xbd50922b, 0xabc55754, 0x4065d9a8, 0x123a772a, 0x200d2cea, 0x04afb255, 0xc464cddb, 0x512b95be,
            0x16c94ed8, 0x19002115, 0xc660a4f5, 0x2121f55f, 0xfd69c024, 0x05836be0, 0x4e806fd0, 0xae1ab713,
            0x14cd27f6, 0x8b94f019, 0xed0b5587, 0x434d6933, 0x495be6b9, 0x326bd067, 0xa520e12c, 0x737e5bdd,
            0x0a4a042d, 0x4b5f8f97, 0xead0dcee, 0xb09d94c8, 0xd3ddd111, 0x24fe1518, 0xe63103b8, 0x9adabc0f,
            0x50074c0b, 0x52032525, 0xf2a0afe9, 0xcc762b7f, 0x5939731a, 0xcbada216, 0xce724251, 0x8d63a0c5,
            0x23259c71, 0xe9f86c75, 0x9f055c48, 0xef0f3ca9, 0x7cb73410, 0xdae3ee00, 0x57dcc562, 0x103e1e04,
            0xb542748f, 0x3e8a0f31, 0xaf366ea6, 0x4da8df4b, 0x306fb949, 0x75890b01, 0x88bc4082, 0x78440de2,
            0xa40c3899, 0xe4356a96, 0x45ba39ef, 0x82aacf08, 0xf1881f72, 0xdf3c0e47, 0x690a41f4, 0xa7248802,
            0x01705212, 0x5ee2fa73, 0x717a32f3, 0x3a7936c3, 0xbe7822b0, 0x39518658, 0xf0a4c6c7, 0xfb9e90f8
        },
        {
            0x6dc70354, 0xb13a97b7, 0x63f8c567, 0x4b9b85f6, 0xc633f194, 0xecbe279e, 0x869519f2, 0xc00e3ccd,
            0x59d94cb6, 0x92ea1deb, 0xe06f7736, 0xcf6eadc2, 0x6f2995cf, 0x9d8a8ce4, 0x3c92e3d5, 0xd24cf58d,
            0xd69fae4f, 0x71ba0c27, 0x4cf91f93, 0xa0c99f50, 0x033f66fa, 0x008ea75d, 0x3490e8bf, 0xc76ca6a8,
            0xccdf6c65, 0xf410732f, 0xf54f2413, 0x32ad25e6, 0x0b3d6d90, 0x70e55b1b, 0xaa2502a1, 0x5fe481ef,
            0x474ad55e, 0x2b5c266b, 0x391eef2b, 0x174062e3, 0xafa90e5f, 0xc80c37a7, 0x51db47dc, 0x58861b8a,
            0xef0fe639, 0x045dfc9f, 0xd52e6fe8, 0x4da648af, 0x7b5691d6, 0xba895d7a, 0x311ce441, 0xcbbdf600,
            0x9f641a7f, 0x5a688d11, 0x649a5f02, 0x6c985468, 0x8524d855, 0xc1516bf1, 0xebdcbdfb, 0x2563e058,
            0x3aaf2e8c, 0x26d221ff, 0x611653fc, 0xe652ba6f, 0xa41ac492, 0x5c554048, 0xb065c08b, 0xede170a2,
            0x21b0bb9a, 0x526a867b, 0x7d6b5c8f, 0xe86d7c5c, 0x78e75071, 0x89f588fd, 0xc5823033, 0x40284f3b,
            0x367e7e24, 0x5b37da2d, 0x20efeca6, 0xf99e74bb, 0x7787c17e, 0xf6fee5b4, 0x97661115, 0x9959d726,
            0xa196c86c, 0x0eb1616e, 0xf8c12387, 0xf7a1b288, 0x12cc6e1d, 0x3043b37d, 0x8fc845a4, 0x82464230,
            0xd8a0687c, 0x9ae81681, 0xe3deb691, 0x6e76c2f3, 0x2f8f7da9, 0x7a09c6ea, 0xd313a2b1, 0x6aa59931,
            0xf22dbe76, 0x94d7d0b2, 0xc3bffd6a, 0x4ac4d2ca, 0xdb11a9db, 0xc4dd670f, 0x5ebbd6d3, 0xcd803b59,
            0xb9389cdd, 0x90048b70, 0x14f1a344, 0xb5e9cc75, 0x93b54ad7, 0x76d89642, 0x9e3b4d43, 0xb867cbe1,
            0xdfc2f219, 0x09d3fb0b, 0x1f426989, 0xe5e37bc8, 0xb6580dd2, 0x65c5083e, 0x0502aba3, 0xd0a26316,
            0x3e7c754e, 0xa8cb943a, 0xb7075aee, 0x80a8d4ab, 0x43998e9c, 0x29b2b0f0, 0x42c6d9a0, 0x96394629,
            0x088cac37, 0x197fa4d0, 0x22017a3d, 0x06b36a04, 0xf372e94a, 0x117dafba, 0x44fb14f9, 0xbdebc71f,
            0xa6f45209, 0x37212918, 0xa54593ae, 0xe4bc2cf4, 0xfefceede, 0x8e971298, 0x57e68a85, 0xb3d4012c,
            0x4e178908, 0x7eda9d28, 0xa994c306, 0xa3785ef7, 0x79b8074d, 0xe70ded53, 0xbcb49023, 0x482a4451,
            0xde9da525, 0xc953609b, 0xab7a559d, 0x01d1f061, 0x2d61eb32, 0x8319150c, 0x41771807, 0xf0c328ed,
            0xe130200a, 0xad4798c4, 0xd1fd342a, 0xbe5a06b8, 0xc2e0aa56, 0x0d00a0c9, 0xbf055184, 0x8d26d33f,
            0x1dacff12, 0xd7c0f973, 0x0c5ff7f5, 0x45a443c5, 0x0fee3652, 0x55081c1e, 0x28ede7cc, 0x161f35df,
            0xe9322b60, 0x0a623aac, 0xee50b105, 0x278d76c3, 0xbbd60a46, 0x13933921, 0x743600d9, 0x15aef478,
            0x6bface0d, 0x2c3ebc0e, 0x3bf079b0, 0x07ec3d38, 0x7c340bb3, 0xdc7333be, 0xd47138d4, 0x3dcdb4e9,
            0x243cb764, 0x56b9ddb9, 0xce31fafe, 0x2ed02a95, 0x756957e5, 0x73549abc, 0x62a7925b, 0x69145896,
            0xda4efee7, 0xfa2fb51c, 0x026031c6, 0x3841b817, 0x235e2d01, 0x46158262, 0xb28b5610, 0xd9ff3f40,
            0xfd4d2f79, 0x7f85ca14, 0xa7ab0535, 0x1ace6577, 0xf19c7fd1, 0x1022f886, 0xb4b69b49, 0x6674c999,
            0x8a44495a, 0xea83eac7, 0x2a037157, 0x54574b22, 0x3f232272, 0x81f78397, 0x847b8f69, 0x9cd5dbd8,
            0x4f48de34, 0xdd2c6482, 0x5d0a1774, 0x35cfbf83, 0x508410e0, 0x1e1d3eb5, 0xa22709cb, 0xfb70e220,
            0xac18cff8, 0x33f272da, 0xaef65963, 0xffa3b9e2, 0x672b9ea5, 0x1820f3ec, 0x1cf3a82e, 0x720bcd80,
            0x9bb741bd, 0x88aadfc1, 0x87ca4ece, 0xcae2a13c, 0x1b91324b, 0x4975136d, 0x5335d147, 0x684b0faa,
            0x8b1b1e66, 0x915bdc4c, 0x604904c0, 0xfc127845, 0x9588878e, 0xe281e1ad, 0x8c798403, 0x9806801a
        },
        {
            0x86b6689a, 0x3968437d, 0x92013ca3, 0x298786e6, 0xd9fa95a6, 0x18e74c89, 0x7b999f4c, 0x2fe9e43a,
            0x9659ad01, 0x512a16f2, 0x9f53d835, 0xf17fef66, 0x11ed39bd, 0xf4698ab6, 0x560a805c, 0x4af95523,
            0xa361f6cc, 0x79af6c32, 0xe6b0bc53, 0x0b708e1e, 0xaa6b83f8, 0xbbcab211, 0x5c78f264, 0x76cb7bda,
            0x6624be41, 0xeef43d15, 0x55728750, 0xae33125a, 0xbedcd7c1, 0x0f281fbc, 0x0d1eecc2, 0x22bb00ac,
            0x3b5eb003, 0x627c2fe3, 0x9e1d2c47, 0x076c9efa, 0x1b9f4b85, 0xa15705b2, 0x004c0854, 0x28c97294,
            0x6e603f07, 0x543c7322, 0xc01f2509, 0x5f00f568, 0x3e48d5d3, 0x331a3145, 0x3a104471, 0xdcecf076,
            0x7df7fd90, 0xf65f79c8, 0xfb0d9d5e, 0xa677931c, 0x889c8b00, 0xb6985687, 0xf7118dba, 0xb38e3357,
            0x7cb909e2, 0xfe1bf88e, 0x3f0621a1, 0x1df12959, 0x09467d60, 0x6d18380b, 0xbda4d0cd, 0x055a6d84,
            0x0c5018b0, 0x525211fe, 0x8be48c0c, 0xf93b6e20, 0xa85d7086, 0x85ce6f96, 0x8196fe34, 0x0e66ebce,
            0x10a3cdcf, 0x19a9b8fb, 0x6940a9a9, 0x5d360616, 0xcb23a343, 0x83a00d4a, 0xdda20404, 0x7fc10eee,
            0x6c56cc79, 0xb2c0c725, 0x08088912, 0xd5e68542, 0xa739676e, 0xd2c613ec, 0xb9fc416f, 0x23f5f4de,
            0x48cfa65d, 0xfa43692c, 0x1fc7da27, 0xb5e0518b, 0x5744742e, 0x680e5ddb, 0x75b37cd6, 0x596e97b4,
            0x946f5e7f, 0x35745399, 0xeaacacb7, 0xefbac967, 0xe2e82df1, 0x0102fc26, 0xa4416062, 0xc73fb3a7,
            0x91793baf, 0x9521aa0d, 0x531ce58c, 0xe5c8bb5f, 0x8cc41aa2, 0x208df3d2, 0xaf7de628, 0x0a3e7a6c,
            0xbf9223b3, 0x74fd88a4, 0xed8c3a19, 0x2ea71048, 0x6b765ad7, 0x934fc8d1, 0xda8292aa, 0xe89a5fc9,
            0xb8b2b51d, 0x2ddf1744, 0x43f32017, 0xd8b461d4, 0x14fb5c6d, 0x9a45bde5, 0xfc2d0bf0, 0x17835b61,
            0x1e892e55, 0xc229d677, 0xf5277ec4, 0xcc0335ed, 0x21c307a0, 0xab25778a, 0x7e8ffa9c, 0x459d42cb,
            0xe7fe4821, 0x64124d3f, 0x408b271b, 0x2aff81ea, 0xdbcc66d8, 0xc915503d, 0x4ea1c481, 0xca6d5731,
            0x9037cfdd, 0x30623649, 0x6332db91, 0x5b5864ca, 0x42bdd465, 0x44d3b6b9, 0xb0f6345b, 0x87f89ce8,
            0x3826b70f, 0x7293ea78, 0xcf7b32e1, 0x8aaa787e, 0x5a1690b8, 0xe9d4abbb, 0x71ebed74, 0xa019f1c0,
            0x70a51906, 0x73dd1e0a, 0xd388e79e, 0xbcea24bf, 0x80d80a46, 0x993dbae9, 0xac05e124, 0xa22f02be,
            0x8ef2e9dc, 0x12953eb1, 0x3c7e26ad, 0xce35c693, 0xd0f0e092, 0x27ad657c, 0x312cc23b, 0x3d30d2df,
            0x582063c6, 0xb7d6a2f5, 0x3254c537, 0x6a38aea5, 0xe4864f2d, 0xd4a87130, 0x610428ef, 0x041499f6,
            0xdeda0308, 0xf0311b14, 0x8d8aeed0, 0xf207e86a, 0x77858fa8, 0x343aa7eb, 0x655cb94d, 0x41c5d369,
            0x9b0b4997, 0x4c9737ff, 0x06226a88, 0xf3491c18, 0x78e19840, 0x03340f58, 0xc151d17b, 0x259b9602,
            0xd7d0763c, 0xa91384f4, 0x46e545c7, 0x7ad76b3e, 0x4fef30f3, 0xe0dede8f, 0x97175973, 0xb4aea5f9,
            0x13dbcac3, 0x6f2ecb75, 0xff550cfc, 0xf8759a52, 0xc3672205, 0xc67147d5, 0x26e3910e, 0xd69e824e,
            0xb1b8c029, 0x2c91e336, 0xdf94f77a, 0x2bb17598, 0xebe258c5, 0x5e4e011a, 0x15b5a81f, 0xcd4dc19f,
            0xfd63ff82, 0x4dd9c38d, 0x9c2bdf39, 0xad4b1556, 0x84809be4, 0xe3a6d983, 0xa50f9410, 0xba844663,
            0xc50940d9, 0xecc2ce6b, 0x89d27f72, 0xc447b4ab, 0x5064e280, 0x24d56270, 0x98734e9b, 0xe1902afd,
            0x8fbc1dae, 0x4bb7a151, 0x82eef938, 0x1ad1bff7, 0x360c5495, 0x676a4a33, 0x604adc9d, 0x47abb1b5,
            0x16cdaf13, 0x3742a0e7, 0x1cbfdd2b, 0xc85ba44f, 0x027afb2a, 0x4981522f, 0x9d652b4b, 0xd1be14e0
        },
        {
            0x56924b94, 0xa74c47f6, 0xf962c3f4, 0x6e54cbc6, 0x364b49fb, 0x7c96d0c1, 0x25fb2607, 0x73d9e306,
            0xcddfea44, 0x2fb189da, 0xece3aa37, 0x60698cfa, 0x9ef8b35f, 0xf01cf60c, 0xd92cf77c, 0xd663c4bb,
            0x4f688bb5, 0x00b08e95, 0xaf4006f5, 0xd052c284, 0xe7db7111, 0x22b854c3, 0x79934cdb, 0xe3ac99f0,
            0xc0d6375d, 0xe1ea772e, 0x1b0ca06a, 0x6c122518, 0xd2142c5a, 0x978686a7, 0x6b5157dc, 0x99bbc19b,
            0xc1a443a6, 0xfe21b130, 0xc290d983, 0x3a30e019, 0x70ed7923, 0x18383a4f, 0x77ae0be7, 0x66588ac5,
            0x3f357c03, 0xf25a18d2, 0x0b8855b3, 0x96f4f25c, 0x323ca11a, 0x2bc6613b, 0xae32720e, 0xbd821df2,
            0x4d2e656b, 0x94b21c82, 0x4b1f6354, 0x7aa7d6fe, 0x37393d00, 0x3d7392dd, 0x482bf971, 0x4a6d17af,
            0x5daa90b2, 0xb7c8b22f, 0x334ed5e1, 0xfd152b15, 0xd120b67f, 0xe2deed0b, 0x78e13820, 0xbfc4f32c,
            0x10347b4c, 0x72ab97fd, 0x4616be4d, 0xed91decc, 0x719f0dd8, 0x26cfbc22, 0xb4fc280a, 0x635d16df,
            0xd5575e9e, 0x5b9b968d, 0x59dd7853, 0xccad9ebf, 0x357fd3de, 0x8702737e, 0x641e641b, 0x8b79da9c,
            0x0e8dc9a9, 0x1300e169, 0x0fffbd52, 0x884d40b9, 0xc8da765e, 0x16057d73, 0x8a0bae67, 0xe09803d5,
            0x340da725, 0xad06e82b, 0x2ab415c0, 0xbac16f36, 0x02f6604b, 0x57e03f6f, 0xe6a905ea, 0xf62df033,
            0x4e1aff4e, 0x27bdc8d9, 0x8c3aa858, 0xd711b040, 0xa33baf17, 0x1f7b488b, 0xf75f84c8, 0xfa5659d1,
            0xb6bac6d4, 0x39047a3c, 0x12729592, 0xc4a1dfbc, 0x3c01e626, 0xf46b1eed, 0x6f26bf3d, 0xdc296b66,
            0x3b4294e2, 0x9cbe5d81, 0x8d48dca3, 0x08bccf96, 0x98c9b560, 0xca9c9880, 0x6917b902, 0x28f2fb1e,
            0xfb242d2a, 0xff53c5cb, 0x09cebb6d, 0x656c10e0, 0x8436e95b, 0xa8037431, 0xdb6a19a2, 0x51d13950,
            0x5fec7e6c, 0xab37ee14, 0xa17d41c9, 0x4c5c1190, 0x11460fb7, 0x76dc7f1c, 0x9a8f5bbe, 0xde6f85b8,
            0xb3bf5ace, 0xd85e8387, 0x194a4eb4, 0xf16e82f7, 0xa249dbec, 0x7fa24ae4, 0x49598d8a, 0x85449da0,
            0x07f3fc51, 0x5e9e0a97, 0x43132257, 0x92831abd, 0xe9e6362d, 0xfc675fee, 0x749a91c2, 0x04c76674,
            0xb88781e8, 0x307a4fc4, 0xb2cd2e35, 0x038414b0, 0x2df76704, 0x75e8e539, 0xa50aa928, 0x2c8513ff,
            0x426156ac, 0xeba0d8f3, 0x93f16e46, 0x5ae9e276, 0x83759b9f, 0x17770988, 0x44505093, 0x1531e756,
            0x01c2fa6e, 0x5cd8e449, 0x3e4708f8, 0x91b78098, 0x1a7ed491, 0xac749cd0, 0xc7954599, 0xcbeeec7b,
            0xbbb31bcd, 0x248952fc, 0x804101ba, 0xdf1df143, 0xc9a802a5, 0x8e7c4686, 0x1d3da655, 0xf3286c29,
            0xbcf06909, 0xead2ac08, 0x8207ef64, 0x7bd5a205, 0xf5196a16, 0xd36658a1, 0x893f3442, 0x8f0e327d,
            0x9dcc297a, 0x6865cdf9, 0x05b5128f, 0x45222468, 0xdd5b1f9d, 0x7de4a43a, 0xa97100ca, 0x622f6224,
            0x611bf801, 0xcf99049a, 0x29808fe5, 0x6a232327, 0xa63e330d, 0x4027b872, 0x0afa2148, 0x54d4a54a,
            0xb58e5cf1, 0x9bfd2f45, 0xa00f3532, 0xc3e2ad78, 0xb9f5f513, 0x81337541, 0x5397d78e, 0x58af0ca8,
            0x4155cc89, 0x0db9538c, 0x50a34dab, 0x1e093c70, 0xc6e73162, 0x4764cab6, 0x2ec3fd21, 0xaa459aef,
            0xc5d3ab47, 0x672afe3e, 0x31083b3f, 0x0ccb2777, 0x38760ec7, 0x86700785, 0x218ccee6, 0xeea544e9,
            0x95c06879, 0xb08bc0eb, 0xa478ddd3, 0x7ed03e1f, 0xe4efeb34, 0xbeb687d7, 0x6d6051e3, 0xceeb7061,
            0xe89442d6, 0x55a6d1b1, 0xd4252a65, 0x23ca2038, 0x90c5f463, 0x20feba1d, 0xe59d9fcf, 0x9f8ac7a4,
            0x068188aa, 0x1c4fd2ae, 0xefd73012, 0xda186d59, 0xf810b70f, 0x144393ad, 0xb1f9b410, 0x52e5a375
        },
        {
            0x72b5d905, 0x21e30d20, 0xee4e2969, 0x860b67bd, 0xa2484043, 0xcf7faa99, 0x73e8a09d, 0xd1726e0e,
            0xa31539db, 0xc89f6fd9, 0x5fd6eba0, 0x1f8233df, 0x8ce46a30, 0xb0173581, 0x2f23dd3b, 0x659808c9,
            0xd7cfd2d6, 0xfe833de5, 0xe21c983c, 0x13d0828a, 0x907bcfe9, 0x1af097d1, 0x88cbb7a6, 0x6de5640a,
            0x64c57151, 0x785ad488, 0x3a9c6db9, 0x4cd4e7fa, 0xadd5e9c0, 0xe4a124e4, 0x00d28ed0, 0x2a517935,
            0xbc4584d4, 0xc702c65a, 0x717ac1d3, 0x9a94c264, 0xa8a74dce, 0x92e9aea7, 0x25ccd0b6, 0x93b4d73f,
            0x9fe6666a, 0x1862f69f, 0x69cab99c, 0x222c15f6, 0x4a695b22, 0x41db2f37, 0xa6679dd5, 0xaf47888e,
            0x101f9a5c, 0x75551c45, 0x8a59d6e8, 0xf38cf528, 0xdd20df5b, 0x8224ba2b, 0x9806a32a, 0x2491a92e,
            0x87561e25, 0x9d740724, 0x9bc9bbfc, 0xecdc4827, 0xc65fbfc2, 0xdfb2be15, 0xc1bf7a82, 0xd02f1796,
            0xea61f4ff, 0x143047ca, 0x0c803f85, 0xae1af116, 0x61b7d55f, 0x07324b90, 0xcdedcbd7, 0x3eb3b02f,
            0x769a0493, 0xd3e00f40, 0xbed7e59a, 0xa5a88503, 0xd400ca00, 0x380e0cf7, 0x05a02ade, 0x51163bbb,
            0x5e8b9238, 0x16a22684, 0x20be74b8, 0x156d3e52, 0x9c297ebc, 0x45f4f2a1, 0xb3d82d57, 0x1d105291,
            0x53845af5, 0x6cb81d92, 0xe5fc5d7c, 0x2e7ea4a3, 0x7b95cc5e, 0xef1350f1, 0x995bdab2, 0xbba54194,
            0x3bc11421, 0xf963f8a5, 0x49a643f4, 0xb14a4c19, 0x8f2b72e6, 0x5d448aee, 0x95096be7, 0xc2706254,
            0xfaace073, 0xed8131bf, 0xffde447d, 0xf2d18cb0, 0xbaf8380c, 0xe08ef972, 0xdac01a1b, 0x7d287086,
            0x0e125ecb, 0x018ff748, 0x54649fb5, 0x85c47f6b, 0x8996ce3e, 0xa4f5fc9b, 0xdc7da6c3, 0xc9c21641,
            0x1c4d2b09, 0xc32d1bcc, 0xb438e817, 0x849906f3, 0x6897c004, 0x3953756f, 0x6278cd89, 0x43494e79,
            0x596b5778, 0xb86a5942, 0x7ee76850, 0x7ac8b5c6, 0xa0da210d, 0x4d899e62, 0xcb50770f, 0xb93720da,
            0x57ab8763, 0xbd18fd4c, 0x81eba2fd, 0x2b0c00ad, 0xfc115cab, 0x2603c860, 0x58362ee0, 0x740865dd,
            0xa9fa3456, 0xe8f395b1, 0x3d7ca8f9, 0x421437e1, 0x031d9606, 0xf83e813d, 0x28c3187b, 0xa73ae44d,
            0xdeefc78d, 0x3c21d161, 0x5c19f376, 0xb28554cf, 0x1edf4a47, 0x8db913a8, 0x7c75091e, 0x2cecc5ed,
            0xd8527b55, 0x6b58d8d2, 0xf6fe5126, 0x9126b671, 0x60eaacc7, 0x09f29b8b, 0xd2bd76d8, 0xd55db398,
            0xeb3c8d67, 0x408656af, 0xe341e1a4, 0x0b60fac5, 0x08afe213, 0xa1875895, 0xaa352c80, 0x5aa44fae,
            0x04fd5346, 0x52d9236d, 0x275eb1f8, 0x33bc78e2, 0x7907ad10, 0x3501c43a, 0x36cedcec, 0x1142e3c4,
            0xab685518, 0x3793a574, 0x4e4686b4, 0xca0d0e97, 0x670a6987, 0x56f6fefb, 0xccb0b24f, 0x77c77d0b,
            0xf043edfe, 0x0ddd461d, 0x504b4223, 0x2db1bc75, 0xd90f02cd, 0x0240ef9e, 0x48fb3a6c, 0xf7a328be,
            0x1badee49, 0x80b6db65, 0x6657101f, 0x0a3d835d, 0xb7f7f0c1, 0x7fba11c8, 0xe63345aa, 0x979b0aa9,
            0x7027b84b, 0x6e2a7cdc, 0x476693ef, 0x128dfb12, 0x6f770544, 0xe76e3c32, 0x299e61e3, 0xf46c3068,
            0x32e1017a, 0xfbf199eb, 0xb565918f, 0xc0e2031a, 0x4b3422ba, 0xce22d301, 0xc4cdde8c, 0x30736034,
            0x5539e62d, 0xb6aa8959, 0xbf8a9c02, 0x9454127f, 0x6a05a14a, 0xac889058, 0xd692ab4e, 0x4f1bff2c,
            0x3feec9b7, 0x312e19ac, 0x8e760b7e, 0x9ebb1ff2, 0xf11e9466, 0xe9aeec29, 0x44a98b39, 0xdb9d6383,
            0x193f8f07, 0x5bf93636, 0xe1d380ea, 0x17ff5f1c, 0x8379c3b3, 0x6325b411, 0x066f3208, 0x23716c6e,
            0xc590a714, 0x8b04af70, 0x463bea77, 0x96c67331, 0xf53149f0, 0xfd4c2533, 0x345cbda2, 0x0f4f2753
        },
        {
            0x18b9ce5b, 0x1f35b353, 0x69ca799f, 0x3f5c4a04, 0x222a7b81, 0x7f94396b, 0x3e31dc88, 0xf7739dbb,
            0xa5876024, 0xce0e9b6d, 0xfbd791c2, 0x4e2ffdc0, 0x0d093da3, 0xf5f0b83b, 0xf0ffe0b3, 0x12fc29a6,
            0x6403e36a, 0x4a4d33c4, 0xbb1fe2ad, 0x2347ed0d, 0x96bf810f, 0x3b3e8400, 0xc44b7c90, 0x1391bf2a,
            0x9e794372, 0x97d21783, 0xa1e5ae20, 0x00c0a756, 0x67ed5066, 0xfed8c94a, 0x876dbcf3, 0x1a3aebdb,
            0xd677f260, 0x92dd4f0b, 0x93b0d987, 0xb4555dd8, 0xcf630de1, 0xe2c36e43, 0x8d285b0e, 0x7752fb16,
            0x55b827c1, 0x49a380c8, 0x4008d439, 0x2e8e77f8, 0x6b495c1f, 0xef0af4b6, 0x416542b5, 0x3ddf6f84,
            0x0c64ab2f, 0x60612d6e, 0x73303512, 0xac2c34d5, 0xffb55fc6, 0x45078cb1, 0x05cfffde, 0x5d7ee5bc,
            0x06214cd2, 0x4784a931, 0xad41a259, 0xd850db99, 0x88270386, 0xcde02861, 0x9cfa66f2, 0x74bc481a,
            0xc1442418, 0x3295d0f1, 0xee67623a, 0x34743b75, 0xaba049dd, 0xb3d920d0, 0x7c7a8a67, 0x6da8b79b,
            0x70de861e, 0x20a95e01, 0x638f9e62, 0xeb683ab2, 0x5359cc45, 0xf49d2eb7, 0x074cda5e, 0xf61e0b37,
            0xa3668ba0, 0xca6c5569, 0x5b9f0e38, 0x9b761bfa, 0xfd367a46, 0x78184463, 0xb2b4b65c, 0x3016f571,
            0xe12ddd4f, 0x565694cd, 0x0ee78eaf, 0x95513203, 0x763f6d9a, 0xf192763f, 0xd4f4d7e0, 0xf27cc533,
            0xcc8dbeed, 0xd09619e4, 0x9a1b8d76, 0xc6c85910, 0x096bf3a7, 0xb8f151a1, 0xcb01c3e5, 0x68a7ef13,
            0xba727421, 0x3519adf9, 0xc2aa9714, 0x2c0d5278, 0x7bf6f76f, 0xd378aae8, 0xed89d136, 0xbc939fa5,
            0xdfdca691, 0xfc5becca, 0x39bda180, 0x27252309, 0x5871bd34, 0x86002a7f, 0x51dae9c5, 0xe7cc36cb,
            0x4f426b4c, 0x725da39e, 0x71b31092, 0x107f0c26, 0xdeb1301d, 0xaeaf1155, 0x0806652b, 0x157054ae,
            0x99f53e7a, 0xd599416c, 0xc526ea1c, 0xd2153c64, 0x01ad31da, 0x11129aaa, 0x48ce1644, 0x4b20a548,
            0x0a8540ab, 0x656e75e6, 0x6e460497, 0xe88689be, 0x04a26952, 0x2fe3e174, 0x8262e47b, 0x0be8d627,
            0xb538cb54, 0x591c2bb8, 0xf31153bf, 0x9133fc07, 0x8aa42606, 0x25a60689, 0xb7bbeed4, 0x84830fff,
            0x141dc222, 0xa4eaf6a8, 0xf83922ce, 0x36f71ef5, 0x943ca48f, 0x5ffdc03c, 0xe3aef8cf, 0xa9236c5d,
            0x9f14d5fe, 0x1cdb005f, 0xa669d328, 0x2648b585, 0x169ee7a2, 0xc7a5cf9c, 0xa08838ac, 0x6a24ca93,
            0x54d5b14d, 0x610cbbe2, 0x1e5825df, 0xe0404bc3, 0xa84efad1, 0x379a8879, 0xe6a1a047, 0xea05ac3e,
            0xe54f134b, 0xb03793dc, 0x4dc14ecc, 0x52345ac9, 0x9898a8f6, 0xafc287d9, 0x75d1de96, 0xa70445a4,
            0xc982e665, 0x2d60c4f4, 0x1db696d3, 0xe9eb1f32, 0x21c4c88d, 0x19d458d7, 0x317b63fd, 0x85ee9973,
            0x38d0370c, 0x6680c6ea, 0xbf7d2ca9, 0x8ec6e802, 0xdad3fe19, 0x446a1a3d, 0xece447ba, 0x894a950a,
            0x8fab7e8e, 0x2b812f70, 0xaacddf51, 0x6cc52117, 0xb6d67858, 0x3cb2f908, 0x818c5777, 0x2aecb9fc,
            0x7ef9afe7, 0xa20b1d2c, 0x032e145a, 0x33f8467d, 0x573b0241, 0x7d171ceb, 0x46e93fbd, 0x50b77f49,
            0x24cb9005, 0x428bf1b9, 0x286f9c7c, 0xc8ef70e9, 0x905e6a8b, 0x62e208ee, 0xe42285c7, 0x9d97f07e,
            0xb99cc72d, 0xd93d4d15, 0x4cacd840, 0xdc32159d, 0xdbbe6895, 0x7975d2ef, 0x8bc9b08a, 0x17f3712e,
            0x7a9b61e3, 0x5e9056b0, 0xf954b442, 0x6f2b921b, 0x024382d6, 0xc3c70198, 0xd71a64ec, 0x80e1c1fb,
            0x830f72f7, 0xbdfe0929, 0x43e66735, 0xd1fb8f68, 0x0f8a1823, 0xb15a0550, 0xc029b294, 0x5af298b4,
            0xfaba074e, 0x1b577d57, 0x8c45cd82, 0xbe10ba25, 0xdd5f8311, 0x5c137330, 0x29020af0, 0x3a53128c
        },
        {
            0x7b6b9fa1, 0x497a5f96, 0x37145a2f, 0xed41863c, 0x29107f5a, 0x387cd098, 0xde0b9e0d, 0x5816f054,
            0x5625a2e5, 0x4612d521, 0x17ff77e4, 0xfee0b3c6, 0x7faf26c2, 0x5adb6a6c, 0x2a863d64, 0x947d78d8,
            0x1fc5060e, 0x01c1237b, 0x96b0e2e0, 0xfd76f1f8, 0xb933459c, 0xeed7c402, 0x9526a0de, 0xd802bd56,
            0xc154637e, 0x9fd14b0c, 0x68caaa5b, 0x133bce87, 0xa3f3d98a, 0x5b80b26a, 0xcf6731cf, 0xae56c905,
            0x3cb869fb, 0x60f0dbb1, 0x90b9c1bb, 0x401bf67a, 0xe6edb5e8, 0x2bdde562, 0xbaa507a2, 0x25eeb7d3,
            0x87dc4d22, 0x3de3b1fd, 0x10ad8cb9, 0x5f440b09, 0x09fb5291, 0xaa927066, 0x92745b83, 0xbcac24f9,
            0x1e9ede08, 0xb052ec70, 0x3927089e, 0x9e8a930a, 0xcba388ac, 0xa13e43b2, 0x030cb943, 0x643462d2,
            0x5cd24937, 0xbe61bec1, 0x5d899131, 0xf7811a2a, 0xf6dac22c, 0x61ab03b7, 0x1532eddc, 0xc6069823,
            0xd16314ba, 0xd76a37e1, 0x44df4f19, 0x0ea9a9cc, 0xf9b2489b, 0x91e219bd, 0x76ce8f2e, 0x8318f441,
            0x364f8229, 0x77955728, 0x99d86857, 0x2f195c01, 0x08a08a97, 0xbbfedfa4, 0x0a6d10af, 0xfc2d29fe,
            0x4584971f, 0x97eb3ae6, 0x5e1fd30f, 0x4bb7c5ae, 0x3046a172, 0xc75d4025, 0x284ba75c, 0xcdaaabf7,
            0x623d4189, 0x517759b8, 0x2678f5ed, 0xdacf276e, 0xc96e1294, 0x1897fd53, 0xc4cb021b, 0xccf173f1,
            0x6ec38900, 0xdcc60435, 0xb3c4ae4e, 0x656fbad4, 0x7ef4fec4, 0x6c0e1338, 0x4e28a4cb, 0x720a364d,
            0x9c470932, 0x88b4c795, 0xb65bcf2b, 0xadc08b3b, 0x9d1cd134, 0xef8c1c04, 0x2dd4c639, 0x9a4e2a69,
            0xe1bf4eb5, 0xcaf850aa, 0x808eb67f, 0x146935da, 0xd9596550, 0x74031516, 0x66f9f8ea, 0x6b5ce865,
            0xa2a8018c, 0xfa240aa5, 0xb5cd8d15, 0x8c707ef6, 0x0c6433f4, 0xf345a349, 0xd631efe7, 0x1c534430,
            0x42d66c42, 0x02576145, 0xf0d3e177, 0x11f654bf, 0xa66cb8ef, 0x6366998f, 0x1a5a676b, 0x212a0eb0,
            0x0ff271ca, 0x719c7473, 0x8b2285ab, 0x27232deb, 0x53bac380, 0xc590da1d, 0xac9b533d, 0x67a220ec,
            0x22bc4c8e, 0xb29f7648, 0xe4202fd0, 0x2071d6b6, 0x7c3964fc, 0x55b3e0db, 0x79a60599, 0xe2290c8b,
            0xe9853f5f, 0xa0659bb4, 0x05059a18, 0x34821811, 0xbdf7fcff, 0x3f2e2bc5, 0x3e75f3c3, 0x009afb7d,
            0x07c80020, 0x41402e7c, 0x502c81be, 0x35d9c017, 0xe7b66dee, 0xdd9ddc33, 0x0d3febf2, 0x78fddd9f,
            0xec1a5e3a, 0xfb7fd2a3, 0x89ef1f93, 0xf8e9909d, 0x23e79488, 0x8511d71a, 0x33d0e34c, 0xd5a7add9,
            0x4dbee6f5, 0x594d2852, 0xa9043258, 0xf21e7b4f, 0x932f8385, 0x2c8f1e3f, 0xb700172d, 0x577e7ae3,
            0xb1093476, 0x7351ee4b, 0x4ce53ef3, 0xf54c8012, 0x7a3047a7, 0x7d62bcfa, 0x311d7974, 0xdb94ff68,
            0x7558cd10, 0x6d55cb3e, 0x54e838dd, 0xbf3a66c7, 0xa85fea5e, 0x3ab14aa0, 0xeb48a567, 0x9b15f26f,
            0xea137d61, 0x70c7ac75, 0x1b01bf6d, 0xa73760e9, 0xa5fafad1, 0xb8689d9a, 0xd2f55684, 0x0b36c8a9,
            0x24b56fd5, 0x0693d826, 0xdf50460b, 0x9883b051, 0x4f737ccd, 0x438db444, 0x47490d27, 0xc399f946,
            0xce3ce9c9, 0xf1883971, 0x844a0f1c, 0xabc9a860, 0x16a4afe2, 0x52e11b86, 0x12601681, 0xd3ae8e82,
            0x81d56e79, 0xd038ccbc, 0x48218790, 0x1d089c36, 0x86879524, 0x2e428407, 0x328b3b4a, 0xe57bf7d6,
            0x8a795dad, 0x8ebde4ce, 0x045e421e, 0x4aec1da8, 0xe372d48d, 0x6f985106, 0xd4fc75df, 0x8d2ba6f0,
            0xb4965513, 0x82432c47, 0xf4175814, 0xffbb6bc0, 0xc00fbb78, 0x3bea92a6, 0x8fe63cc8, 0xe0e496b3,
            0xaf0d1103, 0xc2c22140, 0xc835ca92, 0x6991725d, 0x6a073063, 0x19cc2555, 0xe8dee759, 0xa4a122d7
        },
        {
            0x252eefcb, 0xb4789cac, 0x4ec01c1b, 0x01994a16, 0xdf966f7c, 0x6c1a0afc, 0xc31d44fb, 0xf49bcb0c,
            0xeddeb325, 0xe95c1f2a, 0xdeda90dd, 0xd38f8e45, 0xffa366ae, 0x39a5c44c, 0xd4aec2de, 0x63a00b51,
            0xbdaf2e3b, 0x8d08ed57, 0xa749b686, 0x162acc33, 0x1b7fd2ab, 0x329d69ee, 0xf5d734ad, 0xfa6d3500,
            0x110b80a8, 0x8eab0dc3, 0x65cdb86b, 0x3c6b97e2, 0xf674d439, 0x33d1964f, 0xbe0cceaf, 0x9d9a27e9,
            0xd70d224a, 0xbbc29d01, 0xc6d31755, 0x99188be6, 0x780a6c4d, 0xf15598a2, 0x2db5a2fd, 0xe545fe13,
            0xe3284d29, 0x48adaf21, 0x5b9c850b, 0x220fa350, 0x9abb6b72, 0x09020720, 0x57856432, 0x268d0f5f,
            0x5f1e2904, 0x023aaa82, 0xdb14c373, 0x8a29a1cc, 0xad3de485, 0x542684a6, 0xfeef990f, 0x44b44e18,
            0xd641ddeb, 0x5307c83d, 0x43950283, 0x2e164269, 0xa6054927, 0x7ae57378, 0xf9ced594, 0x17663392,
            0x34f0dad4, 0x06b8068d, 0xf3ba8797, 0xc251bb5a, 0xbf40310e, 0x42d9fd22, 0x3e8488d7, 0xc43c0860,
            0x666e58ff, 0x7e67df77, 0xf7382b98, 0xe1c7521c, 0x7ba98cd9, 0x03765523, 0x96a28a4b, 0x62ecf4f0,
            0xcca74556, 0x88c6bef9, 0x287bf153, 0xc1f25bce, 0xd02c6ed1, 0x20e0bc65, 0x7332c1ef, 0xb92d8234,
            0xb8617d95, 0xb6978399, 0xfc00863a, 0xae9e0411, 0xe810e08b, 0x4a42b014, 0x92202644, 0x35bc2575,
            0xd9fbdc46, 0x7dc43fe3, 0x1c5e9e30, 0xce485a63, 0xc825e959, 0x3d276843, 0x1eb18105, 0x6d56f55d,
            0x5ad07aaa, 0x77b06de0, 0x2f5abdc8, 0x00d5b5b7, 0x9e39c77d, 0xab5057bf, 0x0ccc548e, 0x10477f09,
            0xe40901b2, 0xa12405bc, 0x9cd6d848, 0x51e8d708, 0x727e3e4e, 0xe264b288, 0xafd2fbb0, 0x37533a40,
            0xeaffffbe, 0x556a7b07, 0x9183c6d0, 0x944d957e, 0xa5a6a9b3, 0xfb21caa1, 0xe6e61e87, 0xf8822a35,
            0x29370ef2, 0x23435cf1, 0x1990cd9e, 0x27c1f0fe, 0xef31ac10, 0xa9bf488a, 0x877cbf54, 0x56c99b93,
            0xf0196703, 0x74138d74, 0x936cd9e5, 0x6fb9ea68, 0x6a77b9c6, 0xd8b723e7, 0xa8f3b72b, 0x084ef881,
            0xb7db7c38, 0x3fc87776, 0x8593a061, 0x313e897a, 0x1a332d0a, 0x6ef515c9, 0xb534630d, 0x361fc5e1,
            0xd5e23d7f, 0xc0bea46f, 0x583f659f, 0xfd4c799b, 0x7f2b20d6, 0x98547447, 0x4b0e4fb5, 0xb0fa30a3,
            0x045719b8, 0x83fe135b, 0x1d126191, 0xcdebbaf7, 0x3b4adb79, 0xc570f7c1, 0x50a428a9, 0x648147ca,
            0xd2c371e4, 0xbce3d19a, 0x14c5d306, 0x95016adf, 0x76fc9241, 0x5cbdc990, 0x1ffd7ea4, 0xa4ea5612,
            0xc79fe8f4, 0x07f4f92c, 0x614f1464, 0xe7aae126, 0x051be619, 0x18dc323f, 0x6003ebc5, 0xf2f67836,
            0xb1b6cf02, 0x2cf95d5c, 0x13e49f9d, 0xd1609170, 0x6898a6f3, 0x8b655e6d, 0x4d63fc8f, 0xec924c84,
            0xebb3001f, 0xc96916f8, 0xcacaf66c, 0xee7d53b1, 0xa3cb1a89, 0x90cf3971, 0x4f8ce3ba, 0x9bf794d3,
            0x5df13631, 0xaa1ca81e, 0x0bed1815, 0x307276db, 0x5e52d6a5, 0x794693ec, 0x4036e217, 0x0aa1e7b4,
            0xcf04a5c2, 0xa068fa1d, 0x898a4158, 0x4717ae8c, 0x465b512d, 0x6722a75e, 0xda583cd2, 0x7091217b,
            0xb359d037, 0xa287e528, 0x524b379c, 0xdc358fe8, 0xba8e62a0, 0x805df3cf, 0xcb8609cd, 0x3a0624d8,
            0x69d45952, 0x9f7538dc, 0x15892ca7, 0x8c4412f6, 0xdd797049, 0x49e15080, 0x0f6fb41a, 0x4c2f032e,
            0x863040f5, 0x2a94ee66, 0x71dddeda, 0x45f8b1b9, 0x59739a3e, 0xb2152f96, 0x81110c6e, 0x6b3b4667,
            0xe08badbd, 0x12a8603c, 0x84df5fc0, 0xac711b24, 0x755f72d5, 0x38e93bed, 0x2462106a, 0x417a1db6,
            0x97ee75ea, 0x2bd811c7, 0x82b2ecfa, 0x21ac43c4, 0x8fe7f262, 0x7c88c042, 0x0d80ab2f, 0x0e234bbb
        },
        {
            0xc826edd3, 0xef6cbf06, 0x75ab61a9, 0x199bc31f, 0xc7835734, 0xf440f620, 0x3ae4de73, 0xc17901b5,
            0x4df835e3, 0x4092963c, 0xa2ec19e4, 0x905b593f, 0xf2baa0a1, 0x0c66d111, 0x64633c1e, 0x5bbedf1a,
            0xc00de07a, 0x6e87288f, 0xe747b2af, 0xb7110bea, 0x9ffee3d8, 0x0ea9c829, 0x515acb8b, 0x9d31fae0,
            0x3d6a693d, 0xbb0f49fa, 0x4f372cdb, 0x77647891, 0xd64b0a83, 0x07f6244f, 0xb1eb5d6b, 0x1b54da27,
            0x5f8b90a3, 0x18ef22d0, 0xd48413bb, 0xd30aa4f5, 0xcb9d1524, 0xe4fc4a58, 0x2dd6d545, 0xda554893,
            0x3ed191ca, 0xffd0037e, 0xa6d9565d, 0xfbe54cc7, 0xd9eeb064, 0x7a0edb4e, 0x5c306854, 0x33bb3215,
            0x20bc769a, 0xbc81feb4, 0xaf86ba3b, 0xcd6743a5, 0x010c72ce, 0x63ed8b50, 0xfea4e2b1, 0x0d1230de,
            0x11b0ceb6, 0x66ac2526, 0x471c2172, 0x49cd7a5a, 0xf85eb430, 0x382bc74b, 0x32cfd3da, 0x67d8c4e9,
            0x36fa9c63, 0x5d44899b, 0xad49a303, 0x08539ea8, 0xb5de12d2, 0xa97cecba, 0xdf14e6e5, 0x81930488,
            0x97d5ee71, 0x7e3b94f7, 0x56d47cc5, 0x43296ecb, 0xfd1f1a46, 0x9e8a0217, 0xd89a51ab, 0xfa91ad08,
            0x378e7dac, 0x1a203be8, 0x6ff3c940, 0xa157e113, 0x05393d77, 0x29e39afc, 0x7d806c00, 0x5971c622,
            0x74df8066, 0x6517ddd1, 0x8cf9a757, 0xb09fbca4, 0xaef25bf4, 0x98705496, 0x3c1e88f2, 0x556f8432,
            0x84d2aafe, 0x7b7a3a81, 0x52e1337c, 0x85a64b31, 0x174a9837, 0xe6335360, 0x6bc686f9, 0x8f425fa0,
            0x6c4831b7, 0xfc6bfb89, 0x541b65fd, 0x88cce8ee, 0x80e7e547, 0xa8080d75, 0x69099fc1, 0x2ca2348a,
            0xe8e20848, 0x580527ed, 0xe1bde42e, 0xf7fb0ed7, 0x6ab26736, 0x28977b33, 0xc3b6188d, 0x9c451b2f,
            0x45d3384a, 0x25fdd8ec, 0xc54c4e0c, 0xe0c905e1, 0x2732c1d4, 0x2b2c83c4, 0xd5f0f274, 0x3000cae2,
            0x89b80921, 0x9abf4dae, 0xcc13a26a, 0xba7ba835, 0xea2d1170, 0x3fa57005, 0x2a58620b, 0xa562aeaa,
            0x7610995e, 0xee185ec9, 0xbf3a0643, 0x8e36be6f, 0xf68fef18, 0xa4164f65, 0x4c8cd42c, 0xf92a55ff,
            0x14f160c0, 0xd27e453a, 0x0be8665f, 0x5395d2b3, 0xa7adb792, 0xe996e987, 0xac3d42cc, 0x2f19cc7d,
            0x73513728, 0x87695209, 0x946e1686, 0xdcaf1e12, 0xc9520c1c, 0xd1c5bdcd, 0x4668c0bd, 0x8d8d4698,
            0x8228fc7f, 0x8b771019, 0xb4aaf31d, 0x163e79f8, 0x861db3c6, 0xd73feb4c, 0xb9c050c2, 0xeda3a63e,
            0x22736fa2, 0xcedcbb52, 0x09277f67, 0xdb21a95c, 0x3435855b, 0xc2c2f942, 0xbdf51f7b, 0x44a7d985,
            0xb250a59c, 0x35416494, 0x687d7e0e, 0xabb3f582, 0x120b3641, 0x41e677f3, 0x2646201b, 0xe372fd16,
            0x2e6d2db2, 0x1e157451, 0xf075b999, 0x1f61959e, 0x835c1db0, 0x61229268, 0xd0b15c02, 0x719e2e10,
            0xc6f7b6fb, 0xbe4ee78c, 0xa02300dc, 0x21c89755, 0x5aca3ed5, 0xeb59f0bf, 0xa398f82b, 0x8a03f1d6,
            0xf53417ef, 0x00789301, 0x425d8f04, 0x0fdd29e6, 0x1dae8ca6, 0x23078e6d, 0x57a09d0a, 0x137fd78e,
            0x6d3cd078, 0xde60072a, 0xcae9f4eb, 0xf3ce416e, 0x9bcbac61, 0x7cf48dcf, 0xdddbffdd, 0x10c42f79,
            0x912fb8f0, 0xe2061cd9, 0xcfa85a9d, 0x4a7682ad, 0x93e0a1c8, 0x9904b559, 0x02b78a39, 0x395f2684,
            0x4e43cd14, 0x31742b2d, 0x0a9c8790, 0xb3244453, 0x502e2a44, 0x4b026362, 0x48b99b95, 0x96a10fbe,
            0x951af749, 0x03c36bf6, 0x7f4f7538, 0x70eacfdf, 0xaac7144d, 0x24893923, 0xb8b4b10d, 0x1585810f,
            0x7225d6e7, 0xecd747f1, 0x92944007, 0x3b903fbc, 0xb665ea25, 0x79b523b9, 0x044ddcb8, 0xe588ab97,
            0x5eff716c, 0x78c1c276, 0x1cda6d69, 0x62996a9f, 0x0682c580, 0x605673a7, 0xf1015856, 0xc438afc3
        },
        {
            0x67db5aa7, 0x41cbdc33, 0xc9d4477d, 0xce392aa5, 0x2a82c768, 0xe4da3f6c, 0x27baf860, 0xe754ece6,
            0x35f4d694, 0xd6a25681, 0x6610f6f2, 0xa29d5c26, 0x093a53fb, 0xe0b9813e, 0x524e5e92, 0x73b3b5de,
            0x495bf13c, 0x0b7f2c24, 0x18faae85, 0xc527d420, 0x05c9c0a6, 0x8e588862, 0xb988f388, 0xf2f7afca,
            0xc30115ad, 0xd52c850b, 0xf6941198, 0x94868b99, 0xd769fad4, 0x8dd65be8, 0xdb9a6989, 0xcff286f0,
            0x15c2918d, 0xfa6782c5, 0xafa5632e, 0xe1722d6b, 0xffcf90c2, 0x7966e70e, 0x4b1e8ee3, 0x078cbf79,
            0x97085813, 0xaa0d7129, 0x78ad4b5b, 0x5f76619a, 0xf822fd1a, 0x0ed73e23, 0x13e45000, 0x23d94632,
            0x4d384f6e, 0x3a899643, 0xd2c1e8d3, 0x2d6faab0, 0x1abfd15a, 0xae6ecf7b, 0x71f6ca01, 0xf0b2d015,
            0x987518c4, 0xf1797c40, 0xd814ba03, 0x4626b1eb, 0x745ed806, 0xb57b60d5, 0xbbcd8c57, 0x61fd9b2a,
            0x0c9241fc, 0x48905d69, 0x86c8a56d, 0x2b496b3d, 0x290c14e2, 0x1c9910d7, 0x6f4b77a8, 0x25ff87bf,
            0x4eb69ce4, 0x0647132c, 0x887e49ef, 0xfd8aef1d, 0x89b5e5ba, 0x28c7b8b7, 0x3caf57ce, 0xfe043c97,
            0x0061d2a1, 0xbc20e18f, 0xc2cab9f8, 0xac2bb0a4, 0x500b214d, 0xddbca804, 0xfc414348, 0xbfae3205,
            0x4463ce34, 0xfbac2e90, 0x703d6654, 0xda51c5dc, 0xca5a94f7, 0xe2fcfee1, 0x6036377f, 0xa7354e21,
            0xefc4c1e9, 0xf4d16e47, 0xc81feb28, 0x11a12fdf, 0x8f932437, 0x9ddd0ac3, 0x5ade739d, 0x7f402683,
            0x589b0c42, 0x42450fb9, 0x77d00b8c, 0x5950a017, 0x6b28c9fa, 0x6455892d, 0xb118de87, 0x1787ee52,
            0x936be641, 0x63b8e4f5, 0xee0f6dbc, 0xa983a2a3, 0x8bf09a65, 0xa6fee274, 0x57e64c95, 0x305cc493,
            0x7278198b, 0xe69f40b3, 0x0d59eda9, 0x37b1a94b, 0x205795b8, 0x1b747d0f, 0xd9df1656, 0x3b423a16,
            0x319768c6, 0x33d21719, 0x92a04a14, 0xe829ac31, 0x6d0e0877, 0x367a051e, 0x08f1ffae, 0xbe659e50,
            0x659e2578, 0x3219bb4c, 0xa8480ef6, 0xa0d823f9, 0x164c4207, 0x87030938, 0xc4ec7875, 0x82ab1b3f,
            0x8c1df7bd, 0x2212ea67, 0xb2960d0d, 0x45a86261, 0xb73e1f0a, 0xb35da158, 0xf9e9514f, 0xade01cf1,
            0x14093dd8, 0xbdeb4dda, 0x954d27cc, 0x5385f2c7, 0x219c39ed, 0x0ab48071, 0xa57031fe, 0xd30a4486,
            0x122ffc55, 0x4cf3e33b, 0x03ef012b, 0x912e999e, 0x9e53d949, 0x9f98751c, 0xd4e7295e, 0xf75fbdcd,
            0xed81be36, 0x6ae365af, 0x8360b76a, 0xa356f073, 0x627348a0, 0xd084970c, 0x3eea2811, 0x106a838a,
            0x696db625, 0x854676e7, 0xdff9d7db, 0x96c3f446, 0x7ccef509, 0xcb9138a2, 0x562de0c0, 0xde327b8e,
            0xb0d372d2, 0x390745c9, 0x99beb491, 0xa1138fac, 0x6cc5a422, 0x5b15dfc8, 0x9bfbcb4e, 0x51c08d18,
            0xb4b0cc80, 0x47ed1dbe, 0x38cce99c, 0xc08fc627, 0x75957453, 0x761ba7d9, 0x7b2398d1, 0xe33752b4,
            0x54689f1f, 0x343f7ac1, 0xec4a1263, 0xea6cd3ee, 0x9a30671b, 0xabc6dd7c, 0x4ad522b6, 0x9c16a696,
            0x8125c8b5, 0xf51ac212, 0x40007066, 0x55a3334a, 0xe9e20064, 0x90e535cb, 0x0f1c9276, 0x8a3b3630,
            0xcc7c557a, 0x04026cf3, 0x5cf8b210, 0x3f218444, 0x193102d0, 0x3d64fb9b, 0x24342bea, 0xa4bb9dab,
            0xd14f3b59, 0x1edc6f08, 0x6e80dbfd, 0xcdb7f92f, 0x26715435, 0xc762abff, 0xc6a907aa, 0x2ee1793a,
            0x5d331e45, 0xe5119339, 0x2f2ad56f, 0xf33c039f, 0x7d05595c, 0x4f7d30b1, 0xdc770451, 0x848ddab2,
            0x1f17c35d, 0x2ca406e5, 0x0224ad7e, 0x1d52bc82, 0xc1446a72, 0x5ebdcdcf, 0x68a61a70, 0xba062002,
            0xeba77fbb, 0x438ea3ec, 0x7ae83484, 0x80ee64e0, 0xb8435fdd, 0xb6f5b35f, 0x01aa7ef4, 0x7e8b8ad6
        },
        {
            0x819fd028, 0x0d95a3b6, 0x7bf81b74, 0xfb3908a8, 0x2901ed69, 0xb884c954, 0x43939262, 0xd6e4cce7,
            0xabdf5473, 0x440ed276, 0xe5d965a7, 0x16f7246b, 0x35fe2aa0, 0xfdd4d8d6, 0xd7945c8d, 0x3313fade,
            0xf2708238, 0xfca448bc, 0x1787b401, 0x98e2fd33, 0x88d65ab8, 0xccf6db50, 0xede07f5d, 0xa7143431,
            0x80ef4042, 0xaf2d2ecb, 0xb9f4593e, 0x27d527ed, 0x015ec3f4, 0xd0091c99, 0x14e88ead, 0x61ea0cc3,
            0x4c37c88c, 0xf06f28fe, 0x7643eb5c, 0x91ab77a3, 0x3845da88, 0x69d31639, 0xa1f9e44f, 0xa50b9ef7,
            0x68a38653, 0x07b3138a, 0x745c419a, 0x4ada18f2, 0xc03dbb12, 0x0231f958, 0x57554f51, 0xad32840d,
            0x7e7af1a6, 0xd3662635, 0x856daa90, 0xddb2ecb1, 0x89a6cad2, 0x99926d59, 0x9746a7dd, 0xe7c6cf61,
            0x6d216c81, 0xbe69192a, 0x2c8307bb, 0x52d7a583, 0x6518767b, 0x51b89f2f, 0x9c10878b, 0x48c5b234,
            0xe334b5d9, 0x2e9cad7d, 0x598185d5, 0xd1798cf3, 0x3fd89a9c, 0x3ea80af6, 0x03416932, 0x92c44d0f,
            0x1fbeaefb, 0x7f0a61cc, 0xbf198940, 0xe12b1f1f, 0x5e1cc5c1, 0x418c38a4, 0x7a888b1e, 0xec90ef37,
            0xac421467, 0x0967d90e, 0x2138f793, 0xb1cd43c4, 0x06c383e0, 0x002e539e, 0x53a735e9, 0xc4cfc1aa,
            0xf926a26e, 0x04dc2926, 0x2257cd3f, 0x0b7873c8, 0x9b8dc79f, 0xcee97196, 0xdb5f3ccf, 0x87720056,
            0xc35281be, 0x71deab48, 0xae5dbea1, 0x116a647f, 0x2a6ed7c5, 0xb53f397c, 0x66774cd7, 0x0a08e3a2,
            0xc6d06b6c, 0x77337b36, 0x70ae3b22, 0x72b191e4, 0x19537e85, 0x4e28624a, 0xffcb7210, 0x543a75fd,
            0xd8300663, 0x32636ab4, 0xf3001252, 0x40fca8ce, 0xdcc27cdb, 0x24ba1d41, 0x752cd1f0, 0xf8563204,
            0x1a3c4429, 0x9e0f2d4d, 0x4baa8898, 0xa3e64e89, 0xc9743182, 0xd58bf64b, 0x2df397d1, 0xb65003d0,
            0x8c242000, 0xa664a45b, 0x1cd19457, 0x25ca8d2b, 0xefffd59b, 0x73c1018e, 0x6bccbcff, 0x79e7b1b2,
            0x461178b0, 0x2b1e47af, 0x204867f9, 0x05acb94c, 0xbd062386, 0xe05b8f75, 0x6285366f, 0xc804a1e8,
            0x3a5a704e, 0x58f115bf, 0x8f4b1aac, 0x0ce533dc, 0x8d54b06a, 0xa0897425, 0xb2a27968, 0x1da1043d,
            0xdeddd61d, 0x6e4e562d, 0xa296dee3, 0xba9b6392, 0xa8b06edf, 0x6c51fceb, 0xbc76b3ec, 0x28717d03,
            0xf11fb894, 0x8e3b8ac6, 0x63f5a605, 0x2fec3d17, 0x9d6017e1, 0xc7a0fb06, 0x5625df3b, 0x1ece3e91,
            0x0efa991a, 0x1b4cd443, 0x82f0ea84, 0xeb0daf23, 0x8ac9f07e, 0xfebbe27a, 0xb44fa916, 0x310c5018,
            0x83807aee, 0x08174964, 0xf7f268ea, 0x5f6c55ab, 0xfa4998c2, 0xc14d2b78, 0xe862958f, 0x50c80f45,
            0x1823eeef, 0x12055ed3, 0xca1b0b2e, 0x0f8a0970, 0xe4a9f5cd, 0xa9c0feb5, 0x5aeebf79, 0x6abc2c95,
            0x9f7fbd27, 0x6f3ec647, 0x3dc7305a, 0x8602903c, 0x7d15cb0a, 0x1375ceb9, 0x963637b7, 0x95590d1b,
            0x15981ec7, 0xb3d2e902, 0x5d73ff6d, 0xdfad4677, 0xea7d3f49, 0xcb6b9b44, 0xb72093ba, 0xd4fb6621,
            0x3691100c, 0xcd864b3a, 0xc5bf51c0, 0x4f58f220, 0x37e18066, 0x23275d55, 0x8bb96014, 0x5b9e2f13,
            0x39354ae2, 0xa47b0e9d, 0x42e30208, 0xe24425b3, 0x101af415, 0xd9409609, 0xee8f45f1, 0x609a9ca9,
            0xaaafc419, 0xd216b65f, 0xf5edc22c, 0xc22211d4, 0x789721d8, 0x457e421c, 0xf682f880, 0x307cc072,
            0xe6b65f0b, 0x3cb7a030, 0x26a5b787, 0xe91205e5, 0x7c655b60, 0x5c036f07, 0xbbebf3f8, 0x4d4758e6,
            0xb0bdd3ae, 0x94299d71, 0xda2faca5, 0x49b5225e, 0x90dbe7c9, 0xcf99e1fc, 0x6468e611, 0x554ae597,
            0x6707dcbd, 0x348ebaca, 0x9afd57f5, 0x841d3afa, 0xf49d5246, 0x93b4dd65, 0x4761e8da, 0x3b2ae024
        },
        {
            0x734fa80c, 0x37d69011, 0x201a68ff, 0x9b6184b8, 0xf3f53746, 0xbe5e9e35, 0xe9443c65, 0x84f42a27,
            0x0f0522f6, 0x523fd022, 0xcd10e1f7, 0x478a2e39, 0x14dfeeca, 0x15b429d5, 0xd3ee8877, 0x10908c69,
            0x2d679b32, 0x5a668653, 0x7b16fe7d, 0x9f2ee61b, 0x7c4b5d34, 0xb868fa63, 0xe11d6a14, 0xfd9a0561,
            0xce02201d, 0x581f80a6, 0x43c54c9a, 0xb248aae7, 0xfac7a628, 0xc37fd3d0, 0xb76c0f5b, 0x3ee4017f,
            0x6b87a5da, 0xdadc1919, 0xb47eceb1, 0x35af96e4, 0xca4d42be, 0x961c7775, 0xf4a8940f, 0xf0e7f6ac,
            0x61a7f55e, 0x2308a915, 0xdbb7de06, 0x085881bf, 0xe55208b7, 0x705d69e6, 0x34c451fb, 0xec6099d9,
            0x7700caaf, 0x45f328cc, 0xd6ca2dcb, 0xf29ef059, 0x5d3b251a, 0x22636e0a, 0x6fc8c779, 0x0d7c2403,
            0xc834444b, 0x5562736b, 0x044eb56d, 0xf6d192fa, 0x82c24e71, 0xa7fd54fc, 0x83a9896e, 0x5f4223ef,
            0xa5845209, 0x0c17e31c, 0x03131624, 0x60cc3241, 0x3aab63dc, 0xea56fd8f, 0x72246f13, 0x39b9a236,
            0x3bc0a4c3, 0xd8a51fec, 0xd2854f68, 0x6ea30066, 0xafa4028d, 0x4daa7ebd, 0x66fa5617, 0x512d11c8,
            0xc65b766c, 0xcc7b26e8, 0x0e6ee5e9, 0x859fed38, 0x0b4a4055, 0xc95f8354, 0xdff8bca5, 0xe076ad0b,
            0xffe30394, 0xa0a0f7b5, 0xaddd0478, 0xeb3d3a90, 0x075c7487, 0xbd4c5fdf, 0x902a1323, 0xa69693e3,
            0xef725833, 0x308b3358, 0x4b9c1aeb, 0x46e1e926, 0x69fea32f, 0x766b0db0, 0xf8bea0dd, 0xf7ba55e5,
            0xa2d9f140, 0xf18c31b3, 0xd9ced8f3, 0xd7a1ead4, 0x5c50e205, 0x1ded7fa4, 0x67919108, 0x94657180,
            0x4eb8bf57, 0xbb7a3b89, 0x9918824d, 0x19a21d07, 0x868d2cd2, 0xe640c95d, 0x262c0ca9, 0x5354173d,
            0x5b0d414c, 0xbc2798c0, 0xc21414cf, 0x8bf0df1f, 0xf9d567c2, 0x18c9da18, 0xaecfc592, 0xb3236df8,
            0x0001d7ce, 0x9141d43c, 0x8fbfbdbc, 0xee199f2c, 0xcf69e702, 0x3f8fc660, 0x88e21ef5, 0x3c9d078a,
            0x32f235ad, 0x7a7d3962, 0xa1cb30aa, 0x2747cbb6, 0x16a6e83f, 0xa4ef9516, 0x42ae8b85, 0x49e51c1e,
            0xcb2685a1, 0x4cc1b9a2, 0x3df6c095, 0x12e98a9c, 0xbf35592a, 0x1ab0dced, 0x8a9b1800, 0x05257272,
            0x24550a5c, 0x4af7ddf4, 0x1c86b8bb, 0x597447b9, 0xfbac6137, 0xaa80a731, 0xed0b5ec6, 0xf5c35310,
            0x11fb4b76, 0x9338d2c9, 0x093346a0, 0xb607c844, 0xc106d525, 0x36bd570e, 0xd5d8ec21, 0x28433e8e,
            0xacb6c367, 0xc4227099, 0x13824d83, 0x80bb4884, 0x571b759e, 0x9c3c27f1, 0x81d08f9b, 0x796ff888,
            0x488edb01, 0xa8f9a1c4, 0x950eb69f, 0xe72b0e42, 0x5409b474, 0x9d57e0ee, 0xd4b32b3e, 0xdcea7d4f,
            0x0a21874a, 0x8ed47aa3, 0x5046d6d7, 0x2c0c5c2d, 0x1effbe4e, 0x253ecd43, 0xc730b173, 0x2f1e9dc7,
            0x2e755ad8, 0xc06d123a, 0x5670b281, 0xb9033d7c, 0x6aec62c5, 0x17cd2f20, 0x1f947951, 0x2a3a387b,
            0x31e0f447, 0xa99266db, 0x7136aef9, 0xdd81ba50, 0x9777b06a, 0xba11fc96, 0x2b51ff64, 0xabeb602e,
            0x0637b398, 0xd1978e82, 0x0278d13b, 0x2171afe0, 0x8dc6bb49, 0xb031ac12, 0x40d78d70, 0x3399f2b2,
            0x8989d9ea, 0x41bc4a6f, 0x78043f97, 0xc549b786, 0x4fd37848, 0x9a0a43a7, 0xe82ffb7a, 0xe439cfa8,
            0x7f599cde, 0x1bdb1bf2, 0x7d209a2b, 0xa3b2365f, 0xe3646ce1, 0xb15a6b0d, 0xfe88c48b, 0x648350e2,
            0x74120b45, 0x65e897fd, 0x63def3ab, 0x2928f991, 0x016a10d1, 0x98734552, 0x62b534b4, 0xfcf1c27e,
            0x6db1c18c, 0xde937bba, 0xb51509ae, 0x6cda0693, 0x38d26529, 0xe20fabfe, 0x925315d6, 0x87e6ebcd,
            0x8cad7c56, 0x9e452104, 0x68956430, 0x7e325bc1, 0xd0fc499d, 0x4498efd3, 0x5e29e4f0, 0x7579cc5a
        },
        {
            0xe1a3afa9, 0x8723d971, 0x8e63a9cc, 0xf79a30cd, 0x219853fb, 0x4100f928, 0x3b0f7917, 0xd1a69d88,
            0xfeda4070, 0x2f16aa63, 0xcae7e24a, 0xb13e375b, 0xd59e0d93, 0xe44d6a9c, 0x85039561, 0x104b34f4,
            0xa707a83f, 0xa33f3824, 0x5739664c, 0xc187dee7, 0x753d5b12, 0x52d7a379, 0x1653e8ff, 0xa0c9211a,
            0x3457d5a1, 0x1f139842, 0x28d82346, 0xd66814ad, 0x3581808f, 0xd8e6ed35, 0x47182523, 0xe383e3b9,
            0x25a0c3e0, 0xbe669bed, 0x56ef3362, 0xac679492, 0x392f3507, 0x70d39e27, 0x6a44b4cb, 0x54cf7f72,
            0x8c43e5dc, 0xb87e47e6, 0x2ec0ff4d, 0xb9a812c8, 0xd070c8a6, 0xa11f7434, 0x1473a4ef, 0x1d33d452,
            0x90cc133b, 0x651c187d, 0x092a0726, 0x59b79fd4, 0x73258719, 0xf46c29f3, 0x1afd5d77, 0x0ee48e03,
            0xcd296b6f, 0xf182ecc6, 0xdcde7d2e, 0x2b2e3a78, 0x15a5f1c1, 0xf3a2a0d6, 0x6b92e1e5, 0xadb1c1bc,
            0xdd082800, 0x3ee1bc22, 0x2ce0b35d, 0x76cb422c, 0x2d36e673, 0x92ec5f2b, 0xf64c65e3, 0x97029a1e,
            0xb31e7b4b, 0x60f2dd48, 0x27808ff0, 0x1785bdd1, 0x5b97d3c4, 0x771d1702, 0x64ca4d53, 0x45386933,
            0x55192a5c, 0x94f48320, 0x07a4febe, 0xfcfa0c60, 0x84d5c04f, 0xf914c955, 0xa85f0489, 0xfae2d06b,
            0x82cd1c44, 0xd386d198, 0x2656dade, 0x6d8a3dee, 0xbfb0cec3, 0xdac6a125, 0xdf286410, 0xe9358a3a,
            0xb4d0f26e, 0xdb10f40b, 0x998c6386, 0x4e58559e, 0x48408995, 0x61248866, 0x44ee3c1d, 0x46ce700d,
            0xa98951a7, 0x7f8b3291, 0x40d6ac06, 0x1ec5cd6c, 0x6864f8db, 0x3d17a51c, 0xc5bf4efc, 0x5861cafa,
            0xc8c7ae5a, 0x126b78e4, 0x23b81feb, 0x0b0a4b36, 0xc64957c2, 0x86f58c5f, 0x247696ce, 0x9e42eaa3,
            0x7e5d67bf, 0xd930b81b, 0xd44858bd, 0xcedf7251, 0x6c5c68c0, 0xc911fb74, 0xe075fa87, 0x0452e780,
            0x8fb5fce2, 0x4bb690ab, 0x024a3b8b, 0xccff3e41, 0x831b496a, 0x367799b1, 0x306f45ba, 0x3f37e90c,
            0xbb885ed8, 0xa527e42f, 0x62d29158, 0x006a779b, 0x933a0a05, 0x5121ba47, 0x7dab7e81, 0x5301f657,
            0x6304c476, 0x911a4615, 0x08fc5208, 0x18dd1167, 0xb6f0be7e, 0x4f8e00b0, 0xbc46d7fd, 0x69b2adf5,
            0x5e7916f1, 0x0adc1e18, 0x8b8d6cf9, 0x290e7668, 0x324f09aa, 0xed0d1a21, 0xf054b9e8, 0xe59b3fb2,
            0xc79f02ec, 0x4c78198e, 0xe255b697, 0x4320b538, 0x9f94bf8d, 0xc3a792f7, 0x190b4449, 0x1ce5817c,
            0xa2e96d0a, 0x13bd2dca, 0x38f96029, 0x80ed5054, 0x31b91094, 0x9bac2f96, 0xb506a740, 0xc0518bc9,
            0x0f32db2d, 0xe8e3df14, 0x5a4186ea, 0x5c595ae1, 0x985a36a8, 0x96d4cf30, 0x226e4ac5, 0xae47d882,
            0xef2d5631, 0x9522d60e, 0xa6d1fd11, 0xfb348545, 0xecdb4f0f, 0xa4f1b101, 0x2af86f56, 0x673c546d,
            0x89ad20e9, 0x74eb0e3c, 0x0672ab90, 0xcf09277f, 0xf5ba7cdd, 0xff0c155e, 0xf8c29c7b, 0x50f7ef69,
            0x3cc1f032, 0x6faa71fe, 0xb726eb50, 0x1b2b0859, 0x33995c84, 0xeefb031f, 0x6e7c24d0, 0xfd2c594e,
            0x9db4f39d, 0x7845bbb4, 0x72f3d237, 0x01bc22b5, 0x4a60c585, 0x119d61da, 0xeac39304, 0x3ad92c39,
            0x813b057a, 0xba5e0bf6, 0x4dae4ca0, 0x8a5b39d7, 0xb2c82e65, 0x0584b2ae, 0xaf918dac, 0xc4691bd2,
            0x37a1cc9f, 0x9c62a6b3, 0x7c7d2baf, 0x039c6ea5, 0x9a7a7ab8, 0x7105cb09, 0x7993ee9a, 0xd7be4183,
            0x5d8f0fcf, 0xd25084b6, 0xcb31b764, 0x8d95b0f2, 0xaa7f4899, 0x42f6e016, 0x7bb3a28a, 0x4996dcbb,
            0x66ea0143, 0x0cc4c213, 0xe66d268c, 0xeb15c62a, 0x0d12973d, 0x7a65f7a4, 0x887b75c7, 0xc271c7d9,
            0xaba91db7, 0xdefe313e, 0xe7bb73a2, 0xb0e86275, 0xf274f5f8, 0x204e06d5, 0xbd9082d3, 0x5faf43df
        },
        {
            0xa9078c00, 0x6d2e45ba, 0x10e94e3e, 0x3f9f5e1a, 0xef796046, 0x46119b90, 0xaae268cb, 0xe01cc991,
            0x1bc529e7, 0x93c92461, 0x362192ab, 0xc6d41504, 0x1c690322, 0x2435002b, 0x72cdd585, 0x331f1306,
            0xdfece05d, 0x8d5dfbfd, 0x859478ef, 0x8c2ab45e, 0xf9243cc8, 0x5b60a0c7, 0x99920c1b, 0xfac1d803,
            0x5885440c, 0xb2add231, 0x94650ea4, 0x383374df, 0x5a17ef64, 0x4258559e, 0x448330f8, 0xfd6df2c6,
            0x624bec6d, 0xf853736b, 0xa22bebd9, 0xca545818, 0x513b88bd, 0x174564fb, 0x5697a278, 0x0d987569,
            0x3aa1dfb7, 0x504cc71e, 0x95124107, 0xd21be2e2, 0x9f49697d, 0xc1783fc1, 0x59f20baf, 0xa0b940b1,
            0xafdce966, 0xab952768, 0x6a826f7f, 0x557246b3, 0x4a91d68c, 0xc00f7062, 0x1957828f, 0xf736dabc,
            0x1820cd2c, 0x6fbceed2, 0xa870c3a3, 0x6490890b, 0x8af1d138, 0x01183875, 0x633ca3ce, 0x8fcf5095,
            0x26a7ab43, 0x77f35428, 0x61ae08a6, 0x318db86e, 0xf2085b11, 0x4c4ab3ea, 0xbdc87be6, 0x53a923d5,
            0x7b731934, 0x34b339c3, 0x88637a50, 0x1ab26644, 0x915b8f09, 0xc9b1bcd3, 0x3c7abad1, 0xdad261f0,
            0x119e019d, 0xd36cad41, 0x2cfc8339, 0xe3f92d5a, 0x210b8186, 0x3d0df572, 0xf4d33e77, 0x4be6992f,
            0xf09af079, 0xee0e2fe5, 0xb14836fa, 0x2a27e65f, 0xa35ca47a, 0xa66225d7, 0x0426b9d8, 0xb793539c,
            0xeb30ae48, 0x32685ca5, 0xa7156a74, 0xb6e41c3f, 0x7da87c52, 0x92be6bc2, 0xedebcb2e, 0xd937853b,
            0x3756dd08, 0x8238522a, 0x7561ff40, 0xe9a20520, 0x3bd69014, 0x9cac8db6, 0x0e7d91a2, 0x130caaf5,
            0x006f77d6, 0xe7b0e354, 0x65e7c6a8, 0xc3ea94a9, 0xa4f08ebf, 0x6ecba171, 0xea47e1eb, 0x4ed81882,
            0x28b54d37, 0xe522483c, 0xb03f7959, 0x45f47f5b, 0x9e3e26de, 0xdba52e53, 0x9ddbc215, 0x2f1967f2,
            0x5ccc8a02, 0x49743247, 0x73ba9a26, 0x7128314e, 0x15d7cf93, 0x4faf5721, 0xcc8f3d7e, 0x52de6c76,
            0x35c47660, 0xe8d54a83, 0x9b00a773, 0x9a77e8d0, 0x207cce25, 0x60d94705, 0x038a931d, 0x6c590a19,
            0xba645123, 0x4766d433, 0xa587c11c, 0x66022263, 0xe16b8632, 0x127be556, 0x7e4d9899, 0x5f296ec9,
            0x5e5e216a, 0x41bdb155, 0x0551f67b, 0x2b50a9fc, 0x07c35d13, 0x7416b0e3, 0xb981b5e8, 0xe6c7acf7,
            0xde9baffe, 0xf37f14b2, 0xd1fe0629, 0x23992aee, 0xec9c848d, 0x08a6f4c4, 0x8eb81f36, 0x40cafef6,
            0x6810c417, 0xfbb697a0, 0xd089498a, 0x7a045697, 0x27d0e4e0, 0x0cef3aca, 0x57e0eddb, 0x02fddcbe,
            0x1f8ce7e9, 0x22ee654d, 0xe455079f, 0x96f7a5cc, 0x6bf520dc, 0x16322b58, 0x86719c24, 0xa1ce0f12,
            0x3ee811b9, 0xd6522cec, 0xb8f6fa4b, 0xc29ddb0a, 0x2e6e2851, 0x80aaf942, 0xcf6ad9b5, 0xffff59ae,
            0x76841b8b, 0x81ddb6e1, 0x98e543b8, 0xf641951f, 0xd840ca98, 0x0b43100f, 0xc446be6c, 0x902cc0aa,
            0x891435f3, 0x1d1e4c81, 0x54050910, 0x834f1d89, 0x09d1bb67, 0x1efba84a, 0xc8c6f370, 0x14a08030,
            0x8706d387, 0x8b869e9b, 0xac390dad, 0x79e1b25c, 0x67756dc0, 0x30faf7cd, 0xbb131e80, 0xc7a35aa7,
            0xdc090496, 0xc531f1cf, 0xd5b7c827, 0xdd7e4b35, 0x705f7eed, 0x06b412b0, 0x9780ea6f, 0xb476b757,
            0x7f3ad73a, 0xe28e62f9, 0x432f1a3d, 0xd4c08784, 0xb501f8f4, 0xbf5ad08e, 0xaeaba6c5, 0xce1d9616,
            0x5dbbc5a1, 0xfc1abd65, 0xcb2317bb, 0x0a345fac, 0xfe88160d, 0xcdf872dd, 0x39443b7c, 0x4d3dfc49,
            0x0f0ade01, 0xb3da9d92, 0x2d8bcc9a, 0x69678bb4, 0xf1edbfda, 0xbcbf3445, 0x84e3374c, 0x29c20294,
            0xad4e420e, 0xbe2d9f2d, 0x48037de4, 0xd725634f, 0x7896fdff, 0x25424f88, 0xf5a471d4, 0x7cdf33f1
        }
    },
    {
        {
            0x42bdba97, 0xc5f3b3ff, 0x899c9e54, 0x3e62ede2, 0x53aec25b, 0xdd1472a5, 0x510ac780, 0xfcb770b7,
            0x08aaec89, 0xb92ce48a, 0xb324f7de, 0x41411055, 0x5fdeaaba, 0x9c5398f6, 0xfb97a41b, 0x0f8a3825,
            0x7f2507b1, 0x88c4314d, 0x669a69f2, 0x9faf3234, 0xf19fb74f, 0xb7f889b0, 0xf2631d8d, 0x6246179c,
            0xd3c01f9f, 0x6f6ed064, 0xdc4cddbc, 0xc38bc84a, 0x6916abd1, 0x05822b71, 0xe820d90c, 0xf6bf63e3,
            0xbdf09ae4, 0x965b8ba2, 0xe6f4b436, 0x04da8468, 0x6dcad5bf, 0x52f66d42, 0xf0c71856, 0x7475bbfc,
            0x0006fa06, 0xb4042372, 0xaf1f48ea, 0x24212963, 0xae47e7f3, 0x459d6e3b, 0x1a453e87, 0xf33bb294,
            0xd644cee8, 0xa2378f12, 0x67c2c6eb, 0x1fc1eff0, 0x7789113e, 0x7d81026a, 0xf7e7ccfa, 0x3be63c95,
            0xea84dcd7, 0x6566c330, 0xb27c58c7, 0xd71c61f1, 0x12e92808, 0xb0d85d1c, 0x9a2be343, 0x8a603496,
            0x49ed06da, 0x1b1d919e, 0x76d1be27, 0x6c927aa6, 0xc8db7407, 0xd03cb55d, 0xbe0c3026, 0xcffba0ab,
            0x59a6d10f, 0xc757b624, 0x752d14e5, 0x149153bd, 0x346afeb6, 0xc2d36753, 0xfdefdfae, 0x4f957d6f,
            0x70a9c592, 0x2badeb40, 0x643e6c29, 0x5772bc35, 0x0b56464b, 0x94ff8e79, 0xfe13756c, 0x8ebc4af8,
            0xc12fcd91, 0xbca835fd, 0x3d9e4720, 0xd9c80ccb, 0x44c5c122, 0x8d40e03a, 0xca7f71dc, 0xadbb4d31,
            0xa6ebf17c, 0x7805d31d, 0x93df5ad5, 0x4019bf4c, 0x4a11ac18, 0x5b02d4d4, 0x2af54459, 0x1c3d4532,
            0xa967335f, 0x19b99445, 0xe228ca58, 0xa0938ac9, 0x7aa1d6c6, 0x03fa50c4, 0xdfb0777e, 0xf933a1c0,
            0xa44ff4a7, 0x2c8d3fec, 0x2dd590f5, 0x20fd570d, 0x47396be0, 0xeda4087b, 0xa7b35e65, 0xb180f205,
            0x795d7c04, 0x381a9657, 0xa5175bbe, 0xff4bda75, 0xcea30fb2, 0xda34a609, 0xfacf0b02, 0x30b680d8,
            0xcc070a69, 0x6aea0113, 0x43e5158e, 0x3942394e, 0x684e04c8, 0x73556f50, 0x4d3178b4, 0xdee8d867,
            0xd298b086, 0x0a0ee952, 0xf86b0ed9, 0xc0776288, 0x1e9940e9, 0x9287f5cc, 0x4c69d7ad, 0x71f16a8b,
            0x58fe7e16, 0x95a72160, 0x86105c77, 0x548e16f7, 0x8c184f23, 0x50526899, 0x104d2dd3, 0x37965474,
            0xecfca762, 0xef000da0, 0xbb88e151, 0x6bb2ae0a, 0x99d74981, 0xf41b6638, 0x2579867a, 0xdb6c0910,
            0xe3706541, 0x61babd5e, 0xd1641a44, 0x4661c4f9, 0xd4e0cb33, 0xa1cb25d0, 0x16355666, 0x015e551f,
            0xe1d4609a, 0x2301fdcf, 0xe7ac1b2f, 0x0d2e3dfe, 0x84b459ac, 0x3cc6e839, 0x3abe938c, 0x631eb885,
            0xc4ab1ce6, 0xd890a3d2, 0x2909ee9b, 0x176df97f, 0xebdc73ce, 0x8b389b8f, 0x806827c2, 0x5a5a7bcd,
            0xaa9b999d, 0x111582ca, 0x720dc049, 0xb6a026a9, 0x4ecdd276, 0x4b490301, 0xa83f9c46, 0x917b5f0e,
            0x0ed2973c, 0x0c7692e7, 0x9b734c5a, 0x5d7aaf61, 0xace3e228, 0x60e21247, 0x9d0b37ef, 0x36cefb6d,
            0x7cd9ad73, 0x813088db, 0x09f24390, 0x32128503, 0x562a132c, 0x1d65ea2b, 0x02a2ffdd, 0xcd5fa570,
            0x27dd83a1, 0x21a5f814, 0xe9787615, 0xe5081ef4, 0xee58a2b9, 0x353251af, 0xf543c921, 0x28514182,
            0x067e81b3, 0x2f71952e, 0x83948d00, 0x5c220078, 0x225952d6, 0x13b18711, 0x26852cb8, 0xd5b8642a,
            0x988fe698, 0x970324bb, 0x6e367f7d, 0x3f3a42fb, 0x5e8605a3, 0xc60f193d, 0x8748f36e, 0xcb27dec5,
            0x2e293a37, 0xbad04e48, 0xb8744b93, 0x48b5a9c3, 0xb55c8c6b, 0x55d6b9ee, 0xbf549f3f, 0xe08ccf83,
            0x8fe4e5e1, 0xe450b1ed, 0xc983db1e, 0x334a2a1a, 0x18e13b5c, 0x9ef79d2d, 0x7bf979df, 0x15c9fca4,
            0xabc33684, 0xa36f200b, 0x31ee2fc1, 0x9023f017, 0x07262eaa, 0x82cc2219, 0x7e7da8a8, 0x85ecf6b5
        },
        {
            0xae71ecc3, 0x5fde53a6, 0xe95595d9, 0x0f5d6e9c, 0xf8f900ae, 0xf46c2838, 0x04e010c4, 0xd291a490,
            0xb5438075, 0xb26bd6bb, 0x0177de78, 0xb9d6a8e3, 0xc9a3c826, 0x818e8641, 0x7abfc0e5, 0x9b9f6d6e,
            0x278a52d0, 0x03c8460a, 0x221d9c6c, 0x7d97962b, 0x90221336, 0x688f4a79, 0x380c7743, 0xdd9893ed,
            0xf0d8611d, 0xe4e33ad6, 0xb8f52f7a, 0xcfa81971, 0x929d8b44, 0xba4ab708, 0x4e72c6d1, 0x7cb411b2,
            0xb46007ec, 0x63323421, 0xd49a75c7, 0x288365ad, 0x44ec3f10, 0xdf270b9f, 0x154c85b3, 0x4ccd5ea3,
            0x74957001, 0x2fab3363, 0xa4ef1502, 0x1a45b2ce, 0xa2e4c455, 0x19d9ad25, 0xc182a995, 0xc21eb67e,
            0x7102bebd, 0x888c606b, 0x9cb73ba0, 0xaac5a5e6, 0x8b107f80, 0xce8b9ee8, 0x310e9169, 0xb1f7c950,
            0x0acaa020, 0x1fd27c72, 0xc8804fbf, 0x3b9068a8, 0x4f514148, 0xee7dc317, 0x3f24218d, 0xacce74b1,
            0xe8761240, 0x641a62ef, 0x73bd26cf, 0x0de2f6ee, 0xd5b9f25e, 0xa87a3d94, 0x67867d04, 0xb6df9f9e,
            0x841948fd, 0x5a499d1a, 0xffd15660, 0x87855716, 0x9629c261, 0x065f88b6, 0x32928e82, 0x48791786,
            0x0be927b9, 0xbb693091, 0x2a3cfddf, 0x853acf64, 0x2535caa2, 0xca3fd7cd, 0x94965a13, 0xb7fc1807,
            0x5d61cbd4, 0xfd6ece12, 0x3cb83e66, 0x16d09a58, 0xd92cdac8, 0x77096fea, 0x618dac53, 0x8c38294e,
            0x08753852, 0x5c424c4d, 0x1b663557, 0x495a901f, 0xeac98a32, 0x5540aa67, 0x6b135592, 0x57ff3215,
            0xf9da8737, 0x20a2041e, 0xe05773f3, 0x3d9bb9ff, 0x75b6f798, 0x6fa71cb7, 0x5268fca9, 0x7f280e59,
            0xfef2d1f9, 0x9d94bc39, 0xabe6227f, 0xf3447ef6, 0x5b6a1a83, 0x146f022a, 0xfb651f45, 0xe2e8eb81,
            0xcb1c5054, 0x6211b3b8, 0xdab0c523, 0x11f8cc96, 0x93be0cdd, 0xb3485122, 0xa959ba0d, 0x56dcb58c,
            0x24164d3b, 0x42e7ee47, 0xc4156729, 0xd7066a2c, 0x821299aa, 0xd3b22309, 0x95b5dd8a, 0x2c372c88,
            0x2b1f7a46, 0xdb9342ba, 0xa05b5c27, 0xcd178103, 0xe174f46a, 0x33b1091b, 0x18fa2abc, 0x5efdd43f,
            0x9f2b244b, 0x05c3975d, 0xadedf328, 0x58f60568, 0x7b9c477c, 0x98037285, 0x86a6d08f, 0x4be5086d,
            0x50d764db, 0x762ae873, 0xf267f96f, 0xc6aaff5b, 0xfc4d498b, 0x7923df0e, 0xe77f253d, 0x8e87b13c,
            0xef5e448e, 0x21818387, 0x8a33f819, 0x45cfb889, 0x40587635, 0x1d6de400, 0x1264d37d, 0xc78978c2,
            0xbfdd79b4, 0x9abceaf7, 0x02ebc193, 0xc0a12e0c, 0x26a9d549, 0x1c4e6399, 0xebea0dab, 0xa7730ae9,
            0xc536e0b0, 0x3e07a614, 0x0cc17177, 0xd80f5d51, 0x910194af, 0xd10dbb7b, 0x78005897, 0x534b7b30,
            0x6a30d20b, 0xa3c743cc, 0xfa4698dc, 0x005459e1, 0xdcbb1474, 0x60ae2bca, 0xecc25b65, 0x29a0e234,
            0xbd62e1c6, 0x302d16f0, 0x8d1baed7, 0x9920f51c, 0x233e1bf5, 0x34995fd5, 0x69accde0, 0x3ab3ef31,
            0xe5c0bd4f, 0x6c3b035c, 0x6539e576, 0xbefefe2d, 0x6d1884c5, 0x70213924, 0xf54fafa1, 0x17f31dc1,
            0xde048c06, 0xa5cc929b, 0x417bf1ac, 0x89afe7f2, 0x392ff0da, 0x51f4e342, 0x2d14ab11, 0x9e08a3d2,
            0x3705403e, 0xede1dcfc, 0xf6d3b04a, 0x35bad84c, 0xf7f037d3, 0x6e849b2e, 0x0956bfcb, 0x4deed93a,
            0x59d582f1, 0x54632dfe, 0xe65ca2a4, 0x10db4b0f, 0xa178dbbe, 0x83311e33, 0x3626c7a7, 0x2e88b4fa,
            0x4ac68ff4, 0xcc34069a, 0xd02e3ce2, 0x729ea156, 0x7e0b89c0, 0x80ad01d8, 0xf1fbe684, 0x477020fb,
            0x8fa436a5, 0xe3cb6c18, 0xa6508d70, 0x970a45f8, 0xd625edb5, 0xbc41665f, 0x134754e4, 0xb0d44ec9,
            0x43c469de, 0x4653a762, 0x0e7ee905, 0x077c0f2f, 0x66a5fa9d, 0xc33d31e7, 0x1ef1fbeb, 0xaf526b5a
        },
        {
            0x84b2ad9f, 0x19acb3af, 0xf00ed6b3, 0xbc062dac, 0xab802514, 0x2a031688, 0x718de52f, 0xc5cf8790,
            0xc2d6d0ce, 0x81f3e967, 0x89c77c8f, 0x8ae8cc73, 0x2776c798, 0xd550d876, 0xa2c313a6, 0xfe54b75f,
            0xa4ade7a2, 0xa09b0000, 0xac99724a, 0xc08ec368, 0x568bf84c, 0x32a8dc86, 0xa9d836b2, 0x1fc247ab,
            0x9d6ec4cb, 0xb173fcbc, 0x879d1d63, 0x9675e1df, 0x1eb5e4f1, 0xcfa301de, 0x955a5123, 0x1bf4a009,
            0x6f48db25, 0x260164c2, 0x85c50ec5, 0xf71781ed, 0x55a448b0, 0xc7979436, 0xd4277b2c, 0x58d199a0,
            0xfa6250fd, 0x2d1a41d6, 0xe3be39a9, 0x54d3ebea, 0x010779a1, 0x78ced39d, 0x369e3b24, 0xe6ff7d51,
            0xe5d0cdad, 0x24597764, 0x18db10f5, 0xcae24526, 0x453b1756, 0x72a255d3, 0xa782575e, 0x0a1c5cb5,
            0x5ce77e02, 0xba68d9a8, 0x12b796bb, 0x8b9f6f29, 0x6a099fdd, 0x42224008, 0xafb6c2b6, 0xbb1f7af2,
            0x677c4ecd, 0x82dc599b, 0x7a96c03b, 0xbd718ef6, 0x0f5d184d, 0xf321664f, 0xeecbe8b9, 0xd0119c8e,
            0x6453fe31, 0x7694b271, 0x9a779395, 0x4c7821e4, 0x6d10c883, 0x74cca1d7, 0x73d5f689, 0x2e35f12a,
            0x982f8033, 0xede45845, 0x39b3f992, 0x57fc5b16, 0xf83a435b, 0x660bed97, 0x2118339c, 0x34c62882,
            0x22378360, 0xb32bef1a, 0xd1663fd4, 0x7fd784c3, 0x6c676bd9, 0xcb95e67c, 0xa1eca35a, 0x10ef851d,
            0xb25c4c40, 0x3fdd0d96, 0x4939651c, 0x2f425270, 0xdc13eec4, 0x4355e352, 0xd33e2c72, 0xeb8aac41,
            0x4e203242, 0x1a830353, 0x38c45ac8, 0x7d8f9765, 0xaaf7864e, 0x3cf2bd6a, 0x8ede2bd1, 0x69262f21,
            0x916cb681, 0xa3b4b0fc, 0xfd7b07a3, 0xde4bfd62, 0x16817119, 0x2b74b5d2, 0x53cabcb4, 0x285b052e,
            0x86eabe39, 0x4f579118, 0xf4383111, 0x88b0dfd5, 0x08444f13, 0xe2c99af3, 0xa6f5f404, 0x7be16361,
            0x0e2abb17, 0x6e3f787f, 0xb66aabe2, 0x5ebf6da4, 0x0070dafb, 0xf66022b7, 0x07698da5, 0x252ed43e,
            0xd952aa3c, 0x4d0f82be, 0x5fc8cefe, 0xd67f688a, 0xc8ba5680, 0x9f36d76d, 0x75bb028d, 0x68518c7b,
            0xdb0ab99a, 0x5192af12, 0xb5451b1e, 0x83abfac1, 0xced4a284, 0x8c863877, 0x79b970c7, 0x5a898a06,
            0xbe5e3e0a, 0x410df0f4, 0xd8250966, 0x0d050beb, 0xa5da44f8, 0xe8a51cbd, 0xb432b844, 0x942df279,
            0x6112bac9, 0x0c72a8b1, 0x31876c7a, 0x30f0cf20, 0x97024285, 0xaec161ec, 0x4b6176ba, 0x11982647,
            0x59a63afa, 0xd2498f28, 0x99582369, 0xf256c515, 0xff231405, 0x5d90dd58, 0xdd644d9e, 0xe1e62a0f,
            0x2340203a, 0x04463d59, 0xb0045fe6, 0x0228c95d, 0xc1f96032, 0x35b18bd8, 0xe788de0b, 0x3bebea34,
            0x17f6d243, 0x9334a527, 0x8fa9888b, 0x77e3112b, 0xc3a17394, 0x9b0030cf, 0xc9cdf5da, 0x37e9987e,
            0xb830ca0e, 0xfc0ca4f9, 0x901b15db, 0x5bfe295c, 0x9c196791, 0xec93fb1f, 0x60651993, 0x7ea02799,
            0x3eaaaecc, 0xeafd0f1b, 0xcc8cb122, 0x7cf8343f, 0x1d9a540d, 0x14d962bf, 0x206f90c6, 0x70fa4675,
            0xf54f924b, 0xefbc4be3, 0x623d0a35, 0x9243067d, 0x33df7fdc, 0x444cb40c, 0xda7d1ac0, 0x65245d6b,
            0xd708cbd0, 0x0933ec49, 0xadeed110, 0x6b7e3c87, 0x476304f0, 0xe4a76ef7, 0x8df19b2d, 0xb71d08b8,
            0x0b6bffef, 0x035f6a07, 0x1cedf757, 0x80844a3d, 0x484ec646, 0x4a16d5e0, 0xb9476954, 0x05319e03,
            0x3a9c496e, 0x292ca674, 0xf94de001, 0x407a53ae, 0x9e417437, 0xf17975e9, 0xe0918955, 0xdf3c5e38,
            0x3d851e30, 0xbf299d50, 0x50e50c48, 0xfb15f3a7, 0x13c035e1, 0xa8af95e8, 0xcdfb1278, 0x2c6de28c,
            0xe9d2bfe7, 0xc4b824ca, 0x634aa96f, 0x4614a7aa, 0x15aec1e5, 0x52bd1fee, 0x061e2eff, 0xc6e0376c
        },
        {
            0x07ec2e4c, 0x60dd5092, 0x9f820477, 0x0c72c35a, 0x82464603, 0xce4e9023, 0xcf93fdb7, 0x083fc24f,
            0xd11b5b11, 0xa2e103eb, 0x00edcb8b, 0x4e7494ed, 0x4d38703f, 0x680f5956, 0x2d08eb26, 0x57fdd78c,
            0x741676b6, 0xdc593e54, 0x2cd586b2, 0xffb29f6e, 0x25dae2e2, 0x1426edaf, 0x37cd4c95, 0x7687fff0,
            0xf2f0fa2b, 0x48a81cbe, 0xbb68408a, 0xe7e6b19b, 0x36102101, 0xc69c99e7, 0xa97feefd, 0x106becba,
            0x624cd9d4, 0x67dcb555, 0x7a18f721, 0xf32d97bf, 0xd7c7d342, 0xbf25419f, 0xa33c6e7f, 0xaa330a2f,
            0x9ccee0a5, 0xfcfe7bbc, 0x9d138d31, 0xd48b3790, 0xda85b607, 0x027c42cd, 0x4be4f86c, 0x4336f1a8,
            0x4437146f, 0x4fa9f979, 0xc04011b4, 0x26960630, 0xdec8b712, 0x8f042346, 0x839b2b97, 0x7bc59ab5,
            0xeda53119, 0x6ed3d105, 0x860b4716, 0x5f2fde48, 0x5620ba18, 0x95c184f5, 0x0130a61f, 0x918c85e0,
            0xf061736d, 0x3481a847, 0xc5d07d35, 0xc741f473, 0x995e8c24, 0x71861a37, 0xec785c8d, 0xb62a25cf,
            0xb0f6ad9c, 0x53b0d699, 0xad32efe8, 0x78897e67, 0x1a286c38, 0xf6bdfb3e, 0x9051e874, 0x46a69d29,
            0xe276dd1a, 0x556c5eca, 0xfbff9e7b, 0x196488ea, 0xa5e0e62c, 0x063143d8, 0x18b9e57e, 0xef34b85f,
            0x3d8ecc17, 0xc30cf566, 0xb12bc008, 0x0dafaece, 0xd8143f41, 0x8a944fc7, 0x72cafee5, 0x2197e3f7,
            0x274b6ba4, 0x9a1268f6, 0xfd231628, 0xc8921870, 0x7d1912e6, 0x03a12f59, 0xfe6ff2fa, 0x7f889ba0,
            0x931d0ca6, 0xdb58db93, 0x1bf501ac, 0x59f3561b, 0x75cb1b22, 0xf8b37aa9, 0xc40d10a1, 0x3111c4c6,
            0xbdb4c8d9, 0xeaa4d4de, 0x64905187, 0x654d3c13, 0xd61abed6, 0xe63bdc0f, 0x13270868, 0xb566c11d,
            0x9e5f69e3, 0x4a3995f8, 0x3c53a183, 0x51215fdf, 0x775a9264, 0x50fc324b, 0xeee9d5cb, 0x0ee34a1c,
            0xa7716f6a, 0x12fa65fc, 0xe0e7545c, 0x1d2989ff, 0x9883e1b0, 0x2a090ee1, 0x968d6027, 0x73179371,
            0x810aa2d1, 0x5ef2b3dc, 0xe57738dd, 0x04a0ca9e, 0x5b62df5d, 0x92c06132, 0xd257bfc3, 0xc94f75e4,
            0x8c48c794, 0xa0708aad, 0xf1bc1ef9, 0xca039136, 0xe13a39c8, 0x8b492253, 0x1e656d2d, 0x477bf0bd,
            0x45ea79fb, 0x8d95aa00, 0x407a157a, 0xabee67bb, 0x3f1f4551, 0xf96e173d, 0x325d2014, 0x11b6812e,
            0xbef82c0b, 0x3a8f29d0, 0xa43d8bb8, 0xd0c63685, 0xf5f11fec, 0x0f3e2788, 0x941ce961, 0x22db0725,
            0x8805c681, 0xe9e8300c, 0x5c633a9a, 0x4ce51dab, 0xbc69a54d, 0xa8a28369, 0x3b524444, 0x582e3b8f,
            0x204a8e63, 0xacef827c, 0x30cca952, 0xbab52d1e, 0x6d9f35d7, 0x1fb800b9, 0xc19d7c20, 0x54b1335e,
            0xcbdefca2, 0x6601d8c1, 0xeb79b94a, 0xdf15da86, 0x4975712a, 0x6b43bd84, 0x24078f76, 0x41a778ee,
            0x61003d06, 0x8ed94ed2, 0x2945ea33, 0xcd0274f1, 0x705b77a3, 0x849ace50, 0x355cc5d3, 0xa1ade739,
            0xb4bbac89, 0xb3ba494e, 0xe4aa5549, 0x381ea096, 0x6f0ebc91, 0x8547a3c4, 0xc2d198f2, 0x89d8ab15,
            0x09e2afdb, 0x289887a7, 0xae7e0b3a, 0x526dbb0d, 0x2bd46375, 0x80d7cf45, 0x69d234c2, 0x42eb9c3c,
            0x3ec228c5, 0xccdf1965, 0x0aae4b09, 0x6c425843, 0x39c3cd02, 0xb26724da, 0x0b73269d, 0x5abfb2c9,
            0xa6ac02fe, 0xd9c952d5, 0xb9f9c9cc, 0x2e440ff4, 0xd5565a04, 0x23066ab1, 0x33804d80, 0x97500db3,
            0xf42c7278, 0x7cc47f72, 0x6391b440, 0xfa22f3ef, 0xd38ad257, 0x5dbe570e, 0xf76096aa, 0xb824a458,
            0xe3abb08e, 0x1cf4e46b, 0xe8355d98, 0xafa366ae, 0x9bcf0562, 0xdd8453c0, 0x87d62a82, 0x7e55f634,
            0x2f996260, 0xb7f7485b, 0x176a097d, 0x057da70a, 0x15fb803b, 0x16b764e9, 0x6a9ed010, 0x795413f3
        },
        {
            0x92708525, 0xfea283e5, 0x21101afc, 0x0005b9a6, 0x48395841, 0x03ea66ce, 0x2dab8634, 0x43ae715d,
            0x8f739d3f, 0x8da46c96, 0x885f28eb, 0x692cfb1b, 0xd89b956b, 0x417980f4, 0x23c7eb55, 0xcaccced1,
            0xbee69476, 0x6e004ecf, 0x870b6b4b, 0x83c801f7, 0x7e80e4dc, 0x05fefddb, 0xdb744a03, 0xef1a0737,
            0xd9a3bbaa, 0x82f02f36, 0xaaa554d9, 0x476d1be1, 0x04c6d31a, 0x4aeea9e8, 0xc2b438a5, 0xb7a64cc3,
            0xc15be7cd, 0x70ec89bd, 0xb365267f, 0xa5f11779, 0x77c03c69, 0xd7cfd6cb, 0xedcdf69e, 0x4bd68729,
            0x9c1ce844, 0xb8f20f63, 0xd30cbc77, 0x169188a0, 0x5b562d3a, 0xc5988d71, 0x98df82f8, 0x33474146,
            0x0b9290ba, 0x58b9f252, 0xacb1cfcc, 0x108513b5, 0xf32131ec, 0x24eb5e81, 0x9ff3372c, 0xd5182762,
            0x90a7748c, 0x54026e9a, 0x6740967a, 0x7a438e60, 0x4cfa32fd, 0x6ac32473, 0x1fd15015, 0x723b7814,
            0x811ff05e, 0xe762f143, 0xa872a570, 0x64af4912, 0x3ec4f34f, 0xbd094b1e, 0x25d37040, 0xdd60d116,
            0x0e69d4c7, 0xd1db4dde, 0x3ffcdd8e, 0xb08af917, 0x09456113, 0xf535aaf9, 0xbc3165df, 0xce0fa46d,
            0xcde07b05, 0x7517cdc0, 0xb1b2d7d6, 0xe48d2e2b, 0xa3e58c6c, 0xe3a19bff, 0xe04e4497, 0x02d2480f,
            0xd6f7f80a, 0x8bb0f783, 0x51f92ae7, 0x3b3fb732, 0xb44993ab, 0x0aaabe7b, 0x84e4b423, 0x17a9a661,
            0x96b3ef99, 0xc92311b9, 0x45baea48, 0xf1f6c045, 0xc6775219, 0x4dc21c3c, 0x553a405b, 0x3a0799f3,
            0xb25d08be, 0xcf378aac, 0xd0e3631f, 0x36bc053b, 0x2e44595c, 0xee2229f6, 0x8a88d942, 0x94641e30,
            0x5981dc93, 0x14467909, 0x8967062a, 0x4041ae35, 0xc74f7cd8, 0xa61ec811, 0xf0ceee84, 0x263caf28,
            0x087d4fd2, 0x6bfb0ab2, 0xb9ca21a2, 0x85dc9ae2, 0x6814d5da, 0x6678b8bb, 0x42965f9c, 0x0d860baf,
            0x5a6e03fb, 0xd23492b6, 0xf2191f2d, 0x0f51fa06, 0xfb59c798, 0x76f812a8, 0xe1766a56, 0x3d2b2c27,
            0xc063c90c, 0xeae1434a, 0xa726e6d0, 0x7fb8ca1d, 0x8027de9f, 0x6cd7bf66, 0x1252e21c, 0xbb1dd00b,
            0x659767d3, 0x919f5a4d, 0xae663e65, 0x1ee97ed4, 0x0cbe256e, 0xad89e10d, 0x9a087351, 0xebd96d8b,
            0xde8f0e7e, 0x2968ec88, 0x6383fcc6, 0x157e57c8, 0xa94a8bb1, 0x3c1302e6, 0xa00a5304, 0xdfb720bf,
            0xe299b53e, 0x11bd3d74, 0x978bc158, 0x061122b3, 0xf6da7591, 0x270481e9, 0x78947fc9, 0xe5b500ea,
            0x6f38600e, 0xc81b3f78, 0xc4a0a3b0, 0xe836b2e3, 0x2028343d, 0xfd4d5c8d, 0xfc75724c, 0xecf5d85f,
            0xab9d7a18, 0xa1327dc5, 0x99e7ac39, 0x730356d5, 0x07290c72, 0x19c5cb00, 0xbfdebab7, 0x3190b0ef,
            0x2a8733e0, 0x1d06a1bc, 0xba25feca, 0xaf5e10a4, 0x1b123aa9, 0xe90e9c22, 0x4482c489, 0x50c10426,
            0x6def91a7, 0x9d24c685, 0x62bbd207, 0xe65adf82, 0xfa61e959, 0xa4c939b8, 0x346bf492, 0x56d59f33,
            0x1c3e8f7d, 0x8c9c4257, 0x742fe301, 0x2c93a8f5, 0x71d4a77c, 0x955c30f1, 0xb69e6202, 0x79ac5108,
            0xccd855c4, 0x4e2dc354, 0x39e8469b, 0xda4c64c2, 0x013d9767, 0x9ecb19ed, 0x37842bfa, 0xf40d8438,
            0xd42009a3, 0xff9aad24, 0x9348abe4, 0x7b7ba0a1, 0x46553520, 0x7d6f3bb4, 0x61540d6f, 0x9b305d90,
            0xc38c1664, 0x4f15ed95, 0x5ead6947, 0x18fde5c1, 0x5c7a98ee, 0x57edb1f2, 0xb571bd6a, 0x2f7c779d,
            0x49017680, 0x136accdd, 0x38d0685a, 0x30a89e2e, 0x327f6f87, 0x5216f58f, 0x5f954786, 0x532edb4e,
            0x7c571575, 0x3553da53, 0x1a2a1468, 0x8e4bb3fe, 0xa2dda2ad, 0x2850c249, 0xf8b618f0, 0x2bbf1d21,
            0xcbf4e010, 0xf98e3631, 0x8633458a, 0x5d42b62f, 0xdc58ffd7, 0x22ffc594, 0xf7e25b50, 0x606c23ae
        },
        {
            0x921ccdc6, 0xb14c3283, 0x77767f6c, 0x6589bb16, 0xbe675746, 0x9f1f3ce2, 0xbabde02e, 0xdc2470b3,
            0x6093f086, 0x799de651, 0xfeb4730e, 0x1836a9bd, 0x5b0de5ec, 0x46d94453, 0x53145f58, 0x6e7869bb,
            0xe7ba65d9, 0x8c200460, 0xd8fec7db, 0xf19f16cb, 0xf4855d5b, 0x1ec48a34, 0x9d37a803, 0xfc9ce7ef,
            0x85f9422c, 0x6661d30f, 0x688a4a32, 0xf05fea33, 0x27720bbf, 0x120787e8, 0xeab994fd, 0x0ac96dc7,
            0xe2a02e49, 0xe592f138, 0x9cf754fb, 0x560e14c8, 0x26b2f747, 0xf2777ed2, 0xd5fd36ff, 0x52d4a3a0,
            0xd43dca07, 0x6aa2ded3, 0x513ccbb9, 0xabaa4c4d, 0x4a1a498f, 0xdad6533a, 0x1bdec1a4, 0xa2730a01,
            0x3665a7dc, 0xefa3df6d, 0x71845ce5, 0xb2a45a9a, 0x6fb89543, 0x785d1aa9, 0xc4ea9a9c, 0xe088baa8,
            0xd2cfe98e, 0xe4520dc0, 0x02d0d773, 0xcedbb4c9, 0x5acd1914, 0x3d947571, 0x6d9001a2, 0x830b61a5,
            0xa19b6218, 0xe891001c, 0xe360d2b1, 0x1cec1ed5, 0x060a601b, 0x694ab6ca, 0x03102b8b, 0xa3b3f6f9,
            0x8ad227e9, 0xb89574cf, 0xb4567913, 0x2268402f, 0xfd5c1b17, 0x32bf10b4, 0x4ce86a06, 0x5925710d,
            0xdfcc18aa, 0x1d2ce22d, 0xc9e96bb8, 0x73acc804, 0x44f1d0b2, 0x37a55b24, 0xf8465087, 0xa4812988,
            0xa982d8ac, 0xb59685eb, 0x62bb6467, 0x4ec0fee7, 0x61530c7e, 0x97068656, 0xfa6ec466, 0x58e58df5,
            0xa7694191, 0xc218b915, 0xdb16afc2, 0x8b12db11, 0x86112a35, 0x1a1e3d5c, 0x7f6fc5d8, 0x45312c4a,
            0x637b989f, 0x57cee830, 0x11efeff1, 0x90345927, 0x07ca9ce3, 0xa6a9bd69, 0x344d333d, 0x16dd3080,
            0xc52a6664, 0x0b09913f, 0xf986ac7f, 0x3e7c1d68, 0x76b68394, 0x0e13daaf, 0x99ed1f6b, 0x358dcfc5,
            0xd0e77d6f, 0xad586fc4, 0xc1f0d10c, 0x14f5a461, 0xf3b7822a, 0xb364a662, 0xff748ff6, 0x6c50fd5a,
            0x4719b8ab, 0xa8422454, 0xb67eedf2, 0x2f6bb10b, 0xb08cce7b, 0xfbae389e, 0x54268029, 0x13c77b10,
            0x67a12ff7, 0xc3d845ed, 0x21802836, 0x29999282, 0x6b62222b, 0x55e67cd1, 0xcf1b4831, 0x0fd32657,
            0x96c67aae, 0x394ec219, 0x4bdab577, 0xec4bb774, 0x388e3ee1, 0x2c83d912, 0x87d1d6cd, 0x4f00021f,
            0xcbc1ff59, 0x9edfc01a, 0xbc4fc3a7, 0xac98933c, 0x4203f33b, 0x3b6656f8, 0x5dffc665, 0x315778ad,
            0x3c548989, 0x0422f4fa, 0xbfa7abbe, 0x91f4a5df, 0x49f22196, 0xd6155ee6, 0xcd33dcd0, 0xb9558837,
            0x7eaf3920, 0x82cb9d5d, 0x7d475139, 0x15355899, 0xaa6ab0b5, 0x7bb572b0, 0x8123f544, 0xd7d5a21e,
            0x171dcc78, 0x43c30fc3, 0x5c3f3a9d, 0x50fc3741, 0x102f1309, 0xc0302df4, 0x8de0f898, 0x23a8bcd7,
            0x7044a01d, 0x749e1775, 0xde0ce452, 0x3aa6aa00, 0x00f84392, 0x4d2896fe, 0xf545a1a3, 0xb7be110a,
            0x05e20802, 0xe951fce4, 0x4832dd6e, 0xeb796805, 0xbd8f3f5f, 0xe67a9921, 0xc702f285, 0xe1484650,
            0x08e1f926, 0x80e309bc, 0xc8299740, 0x0dfbb2b6, 0xdde48c4b, 0x19f65545, 0x8439bed4, 0x30978455,
            0x5fd75284, 0x94eeee4f, 0xf76d3542, 0x755eeb8d, 0xccf32028, 0xd30f1576, 0x5e17ae7c, 0x93dc313e,
            0x2d4325ea, 0xaeb007dd, 0xaf70fb25, 0xd1278197, 0xc6c20e7d, 0x3fbce190, 0x982de393, 0x2a71fa9b,
            0x337fec4c, 0x9bc58b8a, 0x726c34fc, 0x644947ee, 0x28596e7a, 0x41eb9b22, 0x9a057772, 0x255a9f5e,
            0xa541d570, 0x2040d4ce, 0xed8b4b8c, 0xee632395, 0x249a63a6, 0xca0103a1, 0x88fab308, 0xbb7d1cd6,
            0x893a4ff0, 0x402b67da, 0x092105de, 0xa05b9ee0, 0x0c3b4e4e, 0x2bb10663, 0x952e12b7, 0xd93e3b23,
            0x0138bf6a, 0x1f0476cc, 0x8e089081, 0x8fc86c79, 0x2eab4df3, 0xf6adc9ba, 0x7a758e48, 0x7c87adc1
        },
        {
            0x47e470d4, 0x748cfe4d, 0xdd3d8053, 0x05883d9f, 0x782f2f23, 0x18eabbe3, 0x9d2691c1, 0xf2ba5fd2,
            0x64c07e3b, 0x417afa2c, 0xa117458b, 0x5e6f2089, 0xe081837d, 0xda2eddcf, 0xf5a9024e, 0x3eaab449,
            0x1d8ebaa6, 0x07ff6146, 0x112d6bc8, 0xeb310f8f, 0x8f1d4d6e, 0x562527c6, 0x9cab46a5, 0x597c7d15,
            0x1c036dc2, 0x2245e551, 0xa2edce36, 0xa6041817, 0x6029a81a, 0x927fcb12, 0x5a86f6a8, 0xe792dee1,
            0xb0d61299, 0x3f27632d, 0x0ad1674c, 0x7f3c72bf, 0x21bf6eec, 0xc6c18cd7, 0x45932c0d, 0xf0cd030b,
            0x6c8a7974, 0xa5fe93aa, 0xbc75c3f7, 0x918540af, 0x3bceb50c, 0x87574a21, 0x721274b5, 0xafc3c83c,
            0x53412683, 0x739fa3d1, 0x66b722e2, 0xa47344ce, 0xa789cf73, 0x0e38b16d, 0x971bca57, 0xdba30aab,
            0x7eb1a5db, 0x61a47f7e, 0x0161ebbe, 0x804417bd, 0x0c4fedb4, 0xfb7d8ff9, 0x69ee7831, 0x0b5cb028,
            0x7065286c, 0x00ec3cda, 0x10a0bcac, 0x2d1cbf82, 0x71e8ff08, 0x7bd5a49e, 0xf33788b6, 0xfde30501,
            0xe5e58238, 0xf65389f3, 0x956c968e, 0x7a5873fa, 0x430da6f5, 0xfaf0589d, 0x19676c87, 0xa95d42c4,
            0xb6489861, 0x673af586, 0xf424d52a, 0x6efd25ad, 0x441efb69, 0x3a436268, 0xf90ad320, 0x1a9de73a,
            0x9edc1a7c, 0x54527b1f, 0xd577871c, 0x3cdde890, 0x79a2f847, 0x376d6462, 0x900897cb, 0x98429084,
            0x4b47a1ba, 0xccfcd741, 0x3384b243, 0x38343eb1, 0xc1d2d14b, 0xe8cb8432, 0xdcb05737, 0xd3e90de4,
            0xd0138659, 0x2556b8cd, 0x6f70f2c9, 0x12d7e075, 0xff9459d8, 0x32096527, 0x092becf1, 0x852016f8,
            0xaaa7c979, 0x8983c796, 0xee550eca, 0x880e10f2, 0x99cf47e0, 0x36e0b306, 0x39b9e9d5, 0x6863af55,
            0xdf4adc8a, 0x4aca76de, 0xb32c9924, 0x8a794c2b, 0xc05f062f, 0xb15bc5fd, 0xd9d45672, 0xc8150160,
            0xedaf8577, 0x63d323a7, 0x6d07ae10, 0xc998d604, 0x351a38bb, 0xb7c54f05, 0xce8b8b98, 0x5fe2f7ed,
            0x82334b64, 0x81c9c0d9, 0x96961d33, 0x93f21c76, 0x0316b767, 0xbdf81493, 0x6a14f38c, 0xcf065cfc,
            0x1b10305e, 0xb911c2b2, 0xd4fa5078, 0x75012929, 0x5c187c50, 0xeabcd8eb, 0xc74c5bb3, 0xd264da80,
            0xe2f6dfa4, 0xa8d095a0, 0x307e39fe, 0x0fb56609, 0xab2a1e1d, 0xf7de5e97, 0x135a3711, 0x51367a5a,
            0x654da95f, 0x163e3654, 0xcd710025, 0x4930fd63, 0xd8598116, 0x4e23a0ff, 0x4dd92b42, 0xadb494e5,
            0x625ef4c3, 0xf140d46f, 0xd68d0ca1, 0x50bbad3e, 0xd700dbc5, 0x24db6fa9, 0x2032b988, 0xdec70bee,
            0x8d6a11b7, 0x84adc19c, 0x86da9d45, 0x3d503ff4, 0xe37b08c0, 0x52ccf1e7, 0xf8870444, 0xa3601952,
            0xc3a58d92, 0x2721e414, 0x76fba294, 0x029b6003, 0x5b0b21cc, 0xefd8d9ae, 0xbb669e6b, 0xec225213,
            0x6b9924e8, 0x31f3ee9a, 0x2c9168e6, 0xb89c15d6, 0x4c54fc26, 0xc4b6d00e, 0x9f51cd18, 0xbe029f2e,
            0xa09a92ef, 0xac394381, 0x7cc6f902, 0xb43fc4b8, 0x8ce7c6d3, 0x7d4b2e66, 0x9a35cc5d, 0x29f569a3,
            0xc2285af6, 0x4fae779b, 0x0405eafb, 0xe10c5419, 0x40f72d48, 0x57a8f0a2, 0xcbef8add, 0x94e141ea,
            0x5d95ab34, 0x1e74311b, 0x0dc23ad0, 0x4669a7b0, 0xe9465356, 0x2878bec7, 0x14496a8d, 0x42807191,
            0xd19e513d, 0xbaeb490f, 0x2f6be35b, 0x3497efdf, 0x17b3e130, 0x15c4bde9, 0xca625db9, 0x26ac3370,
            0xfe198ebc, 0x0672b622, 0xc53b076a, 0x8e909a0a, 0x9bb81b39, 0xbf8f484a, 0xe61f0985, 0xb5b213dc,
            0x55dfac7b, 0x2ee6343f, 0xfc6ed265, 0x2a0fe21e, 0x1ff9e67f, 0x777675f0, 0xae4e1f58, 0x48bd2a07,
            0x2b82357a, 0x83be9c00, 0x08a63b95, 0x8bf49b4f, 0x58f1aa71, 0xb2a14e40, 0x23c83235, 0xe468555c
        },
        {
            0xb9ef3b90, 0xce8495f8, 0xf617f408, 0xa47adf7f, 0xf315f791, 0x470509d5, 0x1d3baecd, 0x821c65de,
            0x1f33485a, 0xda2a2451, 0xde40fee1, 0x6d5ae5ab, 0x2dfb4352, 0x1839ad54, 0xae21b587, 0x1760c435,
            0xd3117117, 0x436fd365, 0xbee5de9e, 0x08fdc64d, 0x9883643f, 0xbbe7dd07, 0x130a1e85, 0xb887e2b9,
            0x6e3ada15, 0x0c971cfd, 0x8b273098, 0x23caf31a, 0xeaeac9ce, 0x9ee15818, 0xb4beb466, 0x871e6647,
            0xa218e358, 0x8d450cbf, 0x1b5992ea, 0x0dffc5d4, 0x2e9b7cec, 0x5d9a0834, 0x6a5000a5, 0x02a6acb5,
            0xa84389a0, 0x600b6a5d, 0x7efeb10c, 0xe7bb4638, 0xa01005cf, 0x01c6930b, 0x485c60b4, 0xb3b45168,
            0x416735f2, 0x3f37cedc, 0x59f0d284, 0xdf2827c8, 0x55c9845b, 0x8e253301, 0x03ce759c, 0x636b55e3,
            0x466dd0fc, 0x9be35b81, 0x74a5dbf4, 0xd279a83e, 0x91b83179, 0xe3d19c88, 0xf94e9d69, 0x96b2d477,
            0xa3703a71, 0x9d8167a6, 0x57c162cc, 0x0af520da, 0xc1ddfc99, 0x383d2bd2, 0xad418a39, 0xb7de8bd8,
            0x52c36155, 0xf77f2d21, 0xe2b945a1, 0xf27d2eb8, 0x4465366b, 0x8374bcf7, 0xc6d71997, 0xf11d1106,
            0xba8f042e, 0x5f92eea3, 0x7d9e8eb2, 0x7cf6579b, 0xede02cc0, 0x6f52033c, 0x6163b374, 0x1400fb8b,
            0xaa4b6f37, 0xa178dce6, 0xeb8210e7, 0xe1d97a1f, 0xefe8ca57, 0x2b997f75, 0xfd2447d9, 0x2c939a7b,
            0x306ea7bd, 0x9f898131, 0xf075c82f, 0xe5b3a0af, 0x892fd60f, 0x4e3e5c93, 0x6669567a, 0x1951747d,
            0x22a22a33, 0xb6b652f1, 0x847e59f9, 0xa67239e8, 0x28f940cb, 0x05ac49bb, 0x79f45402, 0x42070a4c,
            0x5efa378a, 0x7f966825, 0x95d2ebc9, 0x58980bad, 0x8c2dd596, 0x330e9803, 0x3a35cd45, 0x26c8f083,
            0xc7bfc0be, 0x299199e2, 0x4934b99d, 0xd5734d30, 0x70cf0144, 0xc5b72629, 0x92d80ec7, 0x1262c7ac,
            0x0b9df9f3, 0x1a314bc3, 0x25a8cf3d, 0x7bfcb295, 0x90d0e850, 0xd94a1bef, 0x00ae4a22, 0x76ad3d63,
            0xfc4c9ef0, 0x400fecdb, 0xa5120656, 0xfe447867, 0xa71ae0c1, 0x2af1a65c, 0xe4db7986, 0x27a029aa,
            0xcde4aa46, 0x1e5b9173, 0x156822a2, 0x8f4dea28, 0xf41f129f, 0xc8e6a9df, 0x3266412a, 0xe8e22f59,
            0x6858e632, 0x2ff3a5c5, 0xb5d66d4f, 0x8a4fe9b1, 0x9a8b82a8, 0x53abb87c, 0xdc481876, 0x6c323c82,
            0x851680d0, 0xcfec4cd1, 0xfa2ea2d7, 0x6461b0ed, 0x4a548623, 0x88470f26, 0xac295310, 0x5cf2d11d,
            0x789c8d2b, 0xb2dc8841, 0xc98e70f6, 0x8676bf6e, 0xb1bcb7ff, 0xee80137e, 0x4c36ba04, 0xe0b1a336,
            0x21c2158d, 0x06cc7605, 0xab23b61e, 0xcaee4f48, 0xb0d46ed6, 0x56a9bbe5, 0x5bf83413, 0xd77baba7,
            0xe98af670, 0x94ba32e0, 0x20aacca4, 0x09951f64, 0x0e9ffa6a, 0xf8264440, 0x3955f2fb, 0x97da0d5e,
            0x16081d1c, 0xdd20c15f, 0xec88f5e9, 0xc2bdc327, 0x69303f1b, 0xbd85e120, 0xfb467bfe, 0x80148349,
            0xcb869661, 0x04c49092, 0xd613728e, 0x72c7e7d3, 0x4d5e632d, 0x1102f812, 0x3e5f17f5, 0x93b0d7ee,
            0x4f5685ba, 0x650969c4, 0x7a946bbc, 0xd0714ea9, 0x24c01614, 0x77c5e44a, 0xbf8d07b7, 0xdb42fd78,
            0xf577cbb6, 0xaf496cae, 0xc3d51a0e, 0xa92b5089, 0x4b3c5f0a, 0x0ff72343, 0x07a4af2c, 0x9ce9be8f,
            0x3d3f284b, 0x5a90ed3a, 0x34047d0d, 0x3c57f162, 0x1c5377e4, 0x75cd02dd, 0xc0b525b0, 0x106a213b,
            0x360c9b9a, 0x67018f53, 0x376442b3, 0x71a7d86d, 0x450def42, 0xd822c2c6, 0x54a15d72, 0x51a35eeb,
            0x356ca424, 0xbced3809, 0xff2ca14e, 0xe6d39f11, 0x50cb87c2, 0x62038cca, 0xcc8c736f, 0xd1199780,
            0x3b5d146c, 0x73af3efa, 0xc4dfff00, 0x31067e94, 0x817c5a60, 0x6b38d98c, 0xd41b9419, 0x99ebbd16
        },
        {
            0xd1165992, 0x081191b1, 0xd7ff4015, 0x6bc8315f, 0x9bf923e1, 0xc203799f, 0x06550c4d, 0x851a9cc4,
            0xcaaefde4, 0xac2c4659, 0xec303d2d, 0x2e8f5178, 0x5702d248, 0x171ea93c, 0xb6786587, 0x821f02eb,
            0xe96b267e, 0xae72c325, 0x793196fa, 0x07b98be5, 0x7b6f1386, 0x54b0d09c, 0x88ec03ec, 0x4f0874ea,
            0x8b5e0138, 0xc8f07898, 0x59464fb4, 0xdbe55895, 0xb17dfba8, 0x38c16a26, 0xdebe43c6, 0x4d56f196,
            0x6996b423, 0x8c5b9f17, 0xb3237ed4, 0xd8575a41, 0x0a4f14cd, 0xcc47e463, 0xfec99a88, 0xe3982779,
            0x8fe99dc3, 0xcdab63cb, 0x01509262, 0x5e43d19b, 0xf08d0774, 0xa6df475e, 0x80418797, 0x18b6b368,
            0xba627d07, 0x84f61b6c, 0xe72fbb82, 0x9a15a449, 0xcb427a4c, 0xf9cc04a7, 0x3c76f6dd, 0x7d860a01,
            0x50074c67, 0xbd67e328, 0x00bc15ca, 0x11f7b0bb, 0x195a34c0, 0x34db72a6, 0x229549f8, 0x42feebc2,
            0xbf396654, 0xf33f05a0, 0xd44d42c1, 0x2cd1d404, 0x1c012f93, 0x40a06ebe, 0x90e6a54e, 0x8ab28690,
            0x43126c6a, 0x4ee4f342, 0xa56d458a, 0x1245b26f, 0x33deec89, 0x247c507f, 0x719c1281, 0xbb8efaaf,
            0x0f140f9e, 0xe6c33c2a, 0x4bbfe811, 0xf6641ef3, 0x1b04b1bc, 0x9d103a66, 0x040b8931, 0x81ad003f,
            0xfd7b985c, 0x2590d7d7, 0x613b3058, 0xf5d61c27, 0xead924aa, 0x49e16d6d, 0xc05dfce3, 0x306cee5d,
            0x2f63d6d0, 0x945139b5, 0x32326b21, 0x2622d503, 0xbc8b6480, 0x6289328c, 0x2bd44a2b, 0xd5a1c569,
            0x53b54eb3, 0xb794e22f, 0x27ce52ab, 0xfb9281db, 0x6d2128d8, 0xc3effe37, 0x3b7368f2, 0x70709529,
            0x2379ce50, 0xd9bbdde9, 0x1fb32d47, 0x6f7fada4, 0xc6b4e564, 0xb426e0fb, 0xa733c0f6, 0x46497739,
            0xadc0c1f1, 0x77750b06, 0x7c6a8da9, 0x5b18cac8, 0x99a7a69d, 0x9f4ebf1a, 0xaac55fde, 0x1e5faaef,
            0xbed5e1fc, 0x15402c40, 0x722e1055, 0xb2cff97c, 0x984b2135, 0xc91cff30, 0xaf9e448d, 0x3685f7da,
            0xa268dba5, 0xce19611f, 0x414ce916, 0x0ba39365, 0x09fd1619, 0x92b82032, 0x20cbcc84, 0x78dd1152,
            0x47a5f091, 0x67d229df, 0x13a935c7, 0xa1dad971, 0x1deda83b, 0xe1c6a205, 0x101b3713, 0xcff5e6b7,
            0x51ebcbcf, 0xe274a0d1, 0xa9775d0a, 0x9354a79a, 0x5af44d60, 0xc506e7b0, 0x60d7b7f0, 0x5df1d34f,
            0x9ea238b2, 0x6a24b6f7, 0xe49db956, 0xfc971ff4, 0xb5ca6753, 0x286648ff, 0x5259c91b, 0x298acf57,
            0xb83cf87b, 0x8e051a6b, 0xb0917c00, 0x3e2873a1, 0x2d3d53ac, 0x0d4a8ae2, 0x45fb75ed, 0x6365b524,
            0xa0365ed9, 0x910a22e6, 0x5c1d54e7, 0x74c709d2, 0xc4ea6018, 0x56ee55e0, 0xd348dcee, 0xb9d07fd3,
            0x76998cae, 0xdce0c6ba, 0x6ccdaf70, 0x663eae77, 0x58aac81c, 0x318069f5, 0x658caca3, 0x6e932a0c,
            0x4cba763e, 0x874419b8, 0xdd0c4112, 0x480deac5, 0x960fbcc9, 0xee6eb851, 0x83f38543, 0x3d9a7175,
            0xa481c222, 0xc75862cc, 0xeb35a302, 0x030e171e, 0x21274b2c, 0x752b8e7a, 0xc1b17b4b, 0xa3845c0d,
            0xf788995b, 0xd613c7bd, 0x95bdbe1d, 0xf16180dc, 0xeddcba85, 0x16f22e94, 0x2a38cd83, 0x0ef88836,
            0x73c297fd, 0x3a9fef5a, 0xfa7e0673, 0x0ca60d4a, 0x97e33b61, 0x1ae83614, 0xef823ff9, 0xe02a25ad,
            0x14acabe8, 0xff251d20, 0xe5713efe, 0x7fd88f7d, 0x05e70e99, 0x687a338b, 0x3537f50e, 0x4a536fb9,
            0x7a83942e, 0x5faf5633, 0xd2a45b46, 0xd0fade3a, 0x555c5734, 0x7e3408d5, 0x9cfcbdce, 0x02e290b6,
            0xdf52c46e, 0x392ded8e, 0x37697072, 0x8db718bf, 0x86a89e10, 0xf2d38208, 0xf820830f, 0x89008444,
            0xab29d876, 0x4417f245, 0xe887a1d6, 0x64602b0b, 0xf43a9b8f, 0xda09df3d, 0x3fc4f409, 0xa89bdaa2
        },
        {
            0x7691c500, 0x6d7fb2d0, 0x4af8adb4, 0xd92436eb, 0x80d101ae, 0xe3dbfc46, 0x8f6062cf, 0xfb8dd672,
            0x909a8d17, 0xff994e7a, 0xc96fba52, 0xc855dda7, 0x09d98ad4, 0x6562145d, 0x0b5bb0c5, 0x42e50b39,
            0xa34286c2, 0x7920a661, 0xb0b1579f, 0x83695c4a, 0xfc21139e, 0x5116da64, 0xe54d5e5f, 0x7413ff11,
            0xb8acf112, 0xc3f026ce, 0x159b38e8, 0x502cbd91, 0x948e151f, 0x2b706a4d, 0x4c6e0fad, 0xbd820eef,
            0x70076719, 0xbf0034fe, 0x8de258de, 0x8647a3b7, 0xb627f586, 0xf90fec63, 0x00fe4bac, 0x56ba1f88,
            0xdba60cfa, 0x6ffd88c1, 0x5394e075, 0xe7cf644e, 0x0e754f38, 0xf1124aee, 0x3a018101, 0x81eb665b,
            0x61768c55, 0x348a8595, 0x7a98fb85, 0xa5d424db, 0x7d343e69, 0xefd2c2c3, 0xb59fa862, 0x6c45d525,
            0x118fa0e0, 0xdfb294f2, 0x960c2f0e, 0x54382599, 0xc0487b2a, 0x487a97a5, 0xfea3298f, 0xc2ca413b,
            0xb99696e7, 0x1237fd04, 0xd52d086e, 0x5780787d, 0xacf3e5a3, 0xe87e072f, 0x91a0eae2, 0x9da9d467,
            0x1f04a474, 0x29f2505c, 0xf506d2e6, 0xaf4bb847, 0xf0282d1b, 0x4549ced5, 0x39b9dce5, 0xcad7e7b6,
            0x604ceba0, 0x89f6c0d6, 0x309e1d9d, 0x277954c8, 0xd695558a, 0xfd1b746b, 0xde88f307, 0x03461648,
            0x21eff6d1, 0x9322d0f3, 0x77aba2f5, 0xc6ded933, 0x1992066d, 0x415d56dd, 0x84c599a6, 0x95b472ea,
            0xe2e19bb3, 0xe159c657, 0xe6f503bb, 0xa0fadb26, 0xed50f8d2, 0x20d59124, 0xcd7b225a, 0xebc65acb,
            0x10b5c715, 0x877dc442, 0x6be910c9, 0xcec37fbe, 0xeee8a536, 0x3883bb10, 0xcc4145af, 0x35b0e260,
            0xfab7b187, 0xe47739aa, 0x25fb6ed9, 0xab5f204f, 0x9e118983, 0x752998e4, 0xdd30aee3, 0x4d546858,
            0xb2336d8e, 0x5ab3210d, 0x3732d871, 0xd7af327f, 0x6ec7ef34, 0x5ea7b905, 0x2643333d, 0x713d00ec,
            0x130d9af1, 0xda9c6b0f, 0x4940f050, 0x82533bbf, 0x2a4a0db8, 0x3e151909, 0x3608bf84, 0x62ced1b1,
            0xf784e8f7, 0x68514d2d, 0x3b3be6f4, 0x5d1fe4e1, 0x28c837a9, 0x1623650c, 0x1a2a5b89, 0x3f2f7efc,
            0xd3bbaa77, 0x24c1092c, 0x72855d08, 0x0cf77529, 0x1d869e65, 0x3dad44ed, 0x18a86198, 0x973648fb,
            0x05d0b451, 0x1cbcf990, 0x0668e9b5, 0x8cd83f2b, 0x027c71bd, 0x696b2ad8, 0x2f64f245, 0x9218b706,
            0x5502426c, 0xb4a5cf97, 0xb71d9273, 0xbe3a530b, 0x5b8946f8, 0x7c0e599c, 0xadc98256, 0x1b103c7c,
            0xaa6547ba, 0x85fffe53, 0xbb14acf6, 0xb3090a7b, 0xa1c0bcd3, 0x4eec35bc, 0x01c42c59, 0xf43cb513,
            0x73bf3afd, 0xdc0ac916, 0x98872b9a, 0x9a05118b, 0xc7e4bec6, 0x43df6ccc, 0x46f19331, 0x2257ab35,
            0xeafc3d3e, 0xa7561eca, 0x88cca723, 0x14a15f1d, 0xba2ecb03, 0x4473a920, 0x5f9ddef0, 0x171902f9,
            0xb18b306a, 0x66da49b9, 0x590b7ce9, 0x9f2bee76, 0x04ead3a4, 0x63f4b644, 0xc45ce322, 0xf6be8f02,
            0xcff9184b, 0x1e3ec381, 0xbcb8691a, 0xa66c793f, 0xd003f793, 0x8b74fac7, 0x9b3f767e, 0xc56684d7,
            0xf8358b96, 0xd1399066, 0x8e5a053a, 0x781ac194, 0xf2aa170a, 0xe063a1a2, 0x7ba29c70, 0x31a47a68,
            0x4bc2ca41, 0x67e02e4c, 0x5c258314, 0x236dccc0, 0x47cbf4c4, 0x07528e40, 0x2de6c854, 0xa4ee432e,
            0x3c972318, 0x52ae8780, 0xa278e137, 0xec6a9f27, 0x645873a8, 0xae71dfb2, 0x0a61d730, 0x6ad3773c,
            0x7e8c638d, 0x321c278c, 0xa8e77dab, 0xd281cd82, 0x08e3ed21, 0x0dcd12dc, 0x2cdcafa1, 0x7fb60478,
            0xd81e511e, 0x40673128, 0xd4176f9b, 0xa9dd1a5e, 0x8a4e9d32, 0xc1721cdf, 0x9c93b392, 0x58311b1c,
            0x2e5e95b0, 0xcbed8043, 0x99bd4c6f, 0x33264079, 0xf39070ff, 0x0f4f28cd, 0xe94460da, 0x4fd65249
        },
        {
            0x2702cae0, 0x2c0e42ee, 0x1f3997f7, 0x49280182, 0x10a1a1ce, 0x84817ec5, 0xdf5022b4, 0xba7661d8,
            0xb32215eb, 0x79af137a, 0x5fae7034, 0x5ad2f5df, 0x56fa0407, 0x047f2c45, 0xc64e653b, 0xb7b6abdc,
            0x8dd50af6, 0xbb9e5a04, 0x289afcd9, 0xff9d03f0, 0x8f8df6cb, 0xc332e0d0, 0xb092d20a, 0x8015c0f2,
            0x680d1b1a, 0x4224898c, 0x1ed1ac2b, 0xcef22ad4, 0xe217fa48, 0x3ff4b6b3, 0x7f635170, 0xaa3c5264,
            0xda2ca75f, 0xe76b7fa3, 0x9b537b40, 0x15dd2425, 0xd6045687, 0x3a883358, 0xdd08de89, 0xec67f7ad,
            0x61596f29, 0x93ef34af, 0x6425eac2, 0xfdc5ffcd, 0x239674d7, 0xb82e9de5, 0xf95141fa, 0x36a0c280,
            0x02b36e4f, 0x554ac3e6, 0xaea8ec53, 0xfb09bdc7, 0x85694519, 0xe533839e, 0x952376a5, 0xc9d65302,
            0xa98c9585, 0x43ccb250, 0xc83e68de, 0x8e65cd17, 0x538681ec, 0x2de67932, 0x526eba30, 0xe1a73da9,
            0xa5a4645d, 0x67952d23, 0xa2801d8b, 0xcf1a1108, 0x1a45121c, 0x76372543, 0xdeb81968, 0x6bbddcfb,
            0xb17ae9d6, 0xee3f0b90, 0xf8b97a26, 0x0103a9ae, 0xb2ca2e37, 0xeb438e7b, 0x63019314, 0x4a98c663,
            0x667d16ff, 0x0cc363aa, 0x2026b336, 0x0627d078, 0xa130da6a, 0xe4dbb842, 0x2ac200e4, 0x33dc476b,
            0xad182bb2, 0x3b600884, 0xfc2dc411, 0x11499a12, 0x3e1c8d6f, 0x7587e2a2, 0x69e520c6, 0x7a1fd49b,
            0x71135c95, 0x7cd39691, 0x8c3d312a, 0x4500f05a, 0xe3ffc194, 0xacf0106e, 0xf25dc9f4, 0x1c895016,
            0x19f5d5fd, 0x5962323e, 0xc2dadb0c, 0x5036460d, 0x51de7dd1, 0x5df68c09, 0x0f73a44b, 0xd0c8148d,
            0xa3682657, 0x990b877d, 0xefd7304c, 0xbd52180e, 0x62e9a8c8, 0x9e2ffeab, 0xfae1861b, 0xe04f0675,
            0x905ff34e, 0x07cfeba4, 0x588a09e2, 0x5b3ace03, 0x72a39b74, 0x977b8a98, 0xa7fc9860, 0x734ba0a8,
            0x3938f4b9, 0x1785d818, 0xd378d36c, 0x0857dd9d, 0x14351ff9, 0xb5ee57e1, 0x0a0f21a0, 0x83a50713,
            0xb9c6a639, 0xa864ae59, 0xc16a1ced, 0x784728a6, 0xf3b5f228, 0x12f95df3, 0xa614a3bc, 0x0e9b9f97,
            0x0d2b5876, 0x81fdfb2e, 0x77df1e9f, 0x60b154f5, 0x34f83ebd, 0x44e8cb86, 0xe8f3499a, 0xe91b7246,
            0xabd469b8, 0xaf40d78f, 0xd7ec6d5b, 0x94cb4d79, 0x255a36dd, 0x8941b4c1, 0x2b2a3b38, 0x00eb9272,
            0x5c1eb7d5, 0x65cdd11e, 0x6c99a52d, 0x7e8b6aac, 0x41944e6d, 0x9d9f394a, 0xeaabb5a7, 0x2e56bed3,
            0x26eaf13c, 0xe683447f, 0x0be71a7c, 0x86d982f8, 0x05971799, 0x4c548469, 0xd8745b62, 0xa44c5f81,
            0xcd42ed35, 0xd99c60be, 0x6ec15910, 0xcb8eaf3f, 0x98e3bca1, 0xb4066c3d, 0x21ce88ea, 0x8731b924,
            0x3dac4a8e, 0xa0d8e1b6, 0x1311662f, 0xf00535c9, 0x2972c705, 0x3184bb56, 0x3c447152, 0xf1ed0e15,
            0x54a2f83a, 0xc5fea2da, 0x407c75b1, 0xb65e9000, 0x48c03a5e, 0x9693b144, 0x35100561, 0x92070f73,
            0x57123fdb, 0x9c770296, 0x70fb6749, 0x8b1948fc, 0x24b20d01, 0xc4169906, 0xc7a65ee7, 0x47580c67,
            0x8af17320, 0x4fe44388, 0x32347cb7, 0xdbc49c83, 0x4e0c7854, 0x6f2962cc, 0xd5b49166, 0xf579b022,
            0xdce0e555, 0x2fbe850f, 0xed8fcc71, 0x4dbcbfb5, 0x306c808a, 0x6a55e727, 0xbf0ae433, 0x1bad29c0,
            0x09bfe641, 0xd1202f51, 0x227e4f0b, 0x9fc7c577, 0xf4918bfe, 0x3748f95c, 0xbee2dfef, 0x91b7c892,
            0x166de3c4, 0x5e464be8, 0x88a98f1d, 0x46b037bb, 0xccaad6e9, 0x38d0cf65, 0xbcba23d2, 0xfe75382c,
            0x7d3bad4d, 0x9abb409c, 0x824d3ccf, 0x035b5593, 0x1d616bca, 0xf6c977c3, 0x4b70fdbf, 0xd45caaba,
            0xd290e8b0, 0x6d719ef1, 0x181dee21, 0x7bf7ef47, 0x746fd97e, 0xca6694e3, 0xc0822731, 0xf7214c1f
        },
        {
            0xf6b5ab29, 0xe4a6a07b, 0xf5b77bc3, 0x32268e44, 0x860b98f3, 0x727c5c58, 0xb122aaca, 0xb04a74a9,
            0xf17878d6, 0x798c2df0, 0xcfcb35ce, 0x194b1bf1, 0x64a0541f, 0x552c6bba, 0xd6284f34, 0xc19c9910,
            0x91bf4ed7, 0x27f856e9, 0x9fe8e209, 0x1a49cb1b, 0x01c0bf68, 0xa8c1d030, 0xb2207a20, 0x050fbc7d,
            0x10d164d0, 0xbbba0501, 0xfd45da81, 0x9cea32e3, 0xbc77d6fe, 0x6d3a2b3e, 0x4ea51fc9, 0x35eb5dbb,
            0x8f91e7d2, 0x606f570a, 0x7f29206c, 0x0765b2f4, 0x78e4f393, 0x7d432ee5, 0x8c933738, 0x37815332,
            0x6c52f55d, 0x334e5027, 0x40f2b317, 0xe1017d0d, 0xd9173d89, 0x2bc5f4be, 0x7a8efd1a, 0xf010a6b5,
            0x36e98d51, 0x96729d28, 0x3bbcf165, 0xa2597ffb, 0xdcb0e0ff, 0xe7a47091, 0x80ae956f, 0xa4fc7267,
            0xc43b4466, 0x2e6229c8, 0x75b18fa7, 0x562ebb50, 0xa6967cee, 0xfbe0d71d, 0xfc2d04e2, 0xe203ade7,
            0x7c2bf086, 0xfe470a6b, 0x57466533, 0x5a131907, 0x5cb6149b, 0x085ac049, 0xeb99d2c6, 0x74d951c4,
            0xc0f44773, 0xc806e631, 0x0effcdd5, 0xe5ce7e18, 0x348383d8, 0x994def95, 0x6f5025b7, 0xd1e59ccb,
            0xc96e3852, 0x215d5b75, 0xef56d1d3, 0x45556e61, 0xc3f69799, 0x4fcdc1aa, 0x51e368af, 0x39d6ffec,
            0x2aad2add, 0xeaf10ca5, 0xd7409157, 0x4a6a1cdc, 0xbe1dd877, 0x7be62379, 0x31245eae, 0xa7fea28d,
            0xd44241bd, 0xa0337172, 0x90d790b4, 0x0b5810a3, 0x5fb4c471, 0x8461967a, 0xa594ac04, 0x5444b5d9,
            0x885c342d, 0x1b211578, 0x87634690, 0xb9d00b88, 0x473f60e8, 0xf27aa83c, 0x69f5282b, 0x3e1b2c13,
            0x5879178e, 0x2d60f922, 0xad660d46, 0x971a434b, 0x52e1b845, 0xae64ddac, 0x701652d1, 0x38be218f,
            0xd52a9fde, 0xda15ed63, 0xd2e74c21, 0xfa88097e, 0xe6ccaef2, 0x419a6d74, 0xf8e207f7, 0x5ddecaf8,
            0x1fee166d, 0x28c72454, 0x61078969, 0xdedaee76, 0x1cecc687, 0x82c49be6, 0x9a4f3f7f, 0x7314823b,
            0xdfb23015, 0xbd1f089d, 0x12bb6a59, 0xabc300da, 0x03aab1e1, 0x1576b9a6, 0x02c26f82, 0x65c88a7c,
            0xed3cdf5a, 0xbf750614, 0xaaabdeb9, 0x508bb6cc, 0x3f73f270, 0xd38f9242, 0x83ac4585, 0x0a30cec0,
            0x8b5ee4c7, 0x0c95c35c, 0x09321e2a, 0xe9f3dc4f, 0xa9a90e53, 0x0dfd1d3f, 0xec540139, 0x4298bd9e,
            0x5911c9ed, 0xc5539a05, 0xca6ce8b8, 0xac0ed325, 0x233755fc, 0x3c71229a, 0xb348a443, 0x941893a1,
            0x6af7f8c1, 0x304c80cd, 0x0467621e, 0xb8b8d5eb, 0x1e86c80e, 0x636d87e0, 0xa15baf11, 0x4657be8b,
            0x060d6c97, 0x443db002, 0x1674694c, 0x5b7bc764, 0x3d19fcf9, 0x1d8418e4, 0xb787a756, 0xdb7d3300,
            0xe89b022c, 0xcea3ebad, 0x171cb72f, 0x982531f6, 0x76b35f4d, 0x9e803c6a, 0xf7dd754a, 0x20358516,
            0x92bd9e3d, 0xf98ad994, 0xbad2db62, 0x4968cc36, 0xb48577bc, 0x4b02c2bf, 0x9d82ec80, 0x93d5405e,
            0xe069a36e, 0xa331a198, 0x8dfbe95b, 0xc29e49fa, 0x689df648, 0xc739948c, 0x3ad42f06, 0x43f063fd,
            0x5edc1a12, 0x24fa8603, 0xcb0436db, 0x48001255, 0x9b27e11c, 0x6e38fbd4, 0xc6514aef, 0x25925860,
            0x00a8610b, 0x8ef939b1, 0xe36b7384, 0x95704dc2, 0x7e41fe0f, 0x8934ea4e, 0x2f0af7ab, 0x4ccf1140,
            0x67a284f5, 0xf312765f, 0x81c64b0c, 0x29affa37, 0xff2fd408, 0xd08d42a8, 0xcda13b47, 0x2c082741,
            0x62055983, 0xb6ef7935, 0x11b9bab3, 0x1823c592, 0x717e8cb2, 0x0f9713b6, 0xd87fe3ea, 0xf4dfa5a0,
            0xaf0c03cf, 0x77db812e, 0x225f8b9f, 0xee3e0fb0, 0x6b9f26a2, 0x141e67c5, 0x4da7cf23, 0x85094819,
            0xccc9e524, 0x8a363aa4, 0x66ca5a96, 0x2690888a, 0x13d3b43a, 0xddd83e9c, 0xb5eda9df, 0x53896626
        },
        {
            0x968fcc79, 0x1e807700, 0x9b9d010c, 0xf06175c9, 0xc1d34d18, 0x4054db3a, 0x2991ed10, 0x153118b4,
            0x8628835d, 0x92152c57, 0x0c1e7acb, 0xbb8ed23d, 0xdbc3c94c, 0x1cb935ef, 0xfc751c78, 0x0335f551,
            0x426d99d5, 0x9f07e122, 0x0490f354, 0x627e4ae4, 0x222082a4, 0xa098f2ad, 0x31b82bab, 0x912aca7c,
            0x7df28a5a, 0x9d3ea3cd, 0x2c0da9fa, 0x64dde825, 0xf4fb95e7, 0x6047080b, 0x160efe9f, 0xb206ff66,
            0xaeb5d9f3, 0xab299d19, 0xe45cdac3, 0xf6c2d708, 0xfe4c5e97, 0xbf143213, 0x30be8f6f, 0x0e273824,
            0x2f324fd1, 0x258584a1, 0xc2ecab33, 0x19257105, 0x0abdd80a, 0x5a445f6e, 0x1f86d3c4, 0x3522cb85,
            0xcffe6646, 0xdac56d88, 0x10ad5c5e, 0xd34d40d3, 0xdf592962, 0xf35e93e2, 0x71e6e3eb, 0xdd606b8d,
            0x0bbb7cce, 0xff4afa53, 0xcb648668, 0xafb37d37, 0x99a443e3, 0x27bcc64e, 0xd174023c, 0x1392ba75,
            0x44ce3b14, 0x02335195, 0x7745412a, 0x371b896a, 0x72d905c0, 0xc770efd9, 0x0f219ce0, 0xe848b372,
            0x3936a234, 0x4c40b28b, 0xe55a7e07, 0x7ecd6c71, 0x98a2e727, 0x68c98194, 0x6e6a2355, 0xd8fc2f67,
            0x8d99ece9, 0x8a3ceaec, 0x7643e5ee, 0x50f3941e, 0x0d18de0f, 0x53cc7235, 0x7b51289b, 0xe665982c,
            0x08849ae5, 0x3b0fe0db, 0x8b3a4e28, 0x211f648f, 0x95b02a52, 0xc0d5e9dc, 0x8805a803, 0x79686a74,
            0x4e79f064, 0x26ba628a, 0xefedb577, 0x3f9500f5, 0xa2a1b042, 0x587d1d81, 0xf8effc56, 0x34246f41,
            0xf5fd3123, 0x4d46164f, 0x6c5361ba, 0x6141accf, 0xc85b6043, 0x9a9ba5c8, 0xa3a71486, 0x8c9f482d,
            0x1823d5c1, 0x4f7f54a0, 0x51f530da, 0xaa2f39dd, 0x7a578c5f, 0x93138893, 0xfd73b8bc, 0xccc1806d,
            0x07af157f, 0x5edebf40, 0xeb775559, 0xfad6beb9, 0xb03fbd89, 0x747aa701, 0xba8876f9, 0x11abf89a,
            0xb5a3f963, 0xb139194d, 0x3dac421a, 0xe7633ce8, 0x05965790, 0xc3ea0ff7, 0x7cf42e9e, 0x6f6c8791,
            0x010cb7be, 0xac8c9b1c, 0xa4021283, 0x872e2799, 0xe1c09e29, 0x12941eb1, 0xde5f8da6, 0x556fd0f4,
            0xf167d10d, 0x06a9b1bb, 0x2aae0b3b, 0x9e0145e6, 0xea71f19d, 0x6378ee20, 0x3287cd80, 0xf7c473cc,
            0xc549ad36, 0x49dcf661, 0x597bb945, 0xb79abb8c, 0x89030cc7, 0x48da52a5, 0x361d2dae, 0x4be5b48e,
            0xe0c63aed, 0xad8a3fd8, 0xd9fa8ba3, 0x33816944, 0xa504b647, 0xf9e95892, 0x808b219c, 0x66e4aaca,
            0x67e20e0e, 0x52cad6f1, 0xa63b506c, 0x000a137a, 0xd24be417, 0x3a09441f, 0x786eceb0, 0x9c380709,
            0x6d55c57e, 0x902c6eb8, 0x757c03c5, 0x436b3d11, 0x2019c04b, 0x565036df, 0x5b42fbaa, 0x5de1596b,
            0x2e34eb15, 0xa19e5669, 0x289749d4, 0x46f779fb, 0xbe1296d7, 0xcdc724a9, 0xe94e17b6, 0xc95dc487,
            0xfbd01a7d, 0x94b68e96, 0x383006f0, 0xd4e846d6, 0xdc66cf49, 0x45c89fd0, 0xbd2d70fc, 0xc44f09f2,
            0x8fa0ae06, 0x1dbf912b, 0xca6222ac, 0xb4a55da7, 0x17085a5b, 0x70e0472f, 0xe2ff7802, 0xa910dff6,
            0x65db4ce1, 0x6bf667bf, 0x85176576, 0x4ae3104a, 0xa73df4a8, 0x23262660, 0x6af0c37b, 0x09823e21,
            0xd6d10439, 0xb3005ba2, 0xbc2bd438, 0x24832065, 0xedd4f798, 0x2d0b0d3e, 0xd7d7a0fd, 0x1a1a972e,
            0x83b4c7b7, 0x818d8558, 0x82b26373, 0x1437bc70, 0xa8167b32, 0x54697430, 0xecd2535c, 0x69cf2550,
            0x978968bd, 0xb69c1f48, 0x73dfa104, 0x47f1dd3f, 0x8411c1b2, 0x5ce7fdaf, 0x3caae6de, 0xd072a6f8,
            0xeeeb11b3, 0xb8b13416, 0x41527ffe, 0x5756921b, 0x3e93a431, 0x5fd81b84, 0xc6764b1d, 0x2ba8afff,
            0xb9b790d2, 0x1b1c33ea, 0x7fcbc8b5, 0xf2583726, 0xcef8c282, 0xd5eee212, 0x8ea60ac2, 0xe3f9dcc6
        },
        {
            0x35665792, 0xfd35d378, 0x4b74b92b, 0xad4ae124, 0x45e7c6e7, 0x22ac32c0, 0xb2545388, 0x856095f3,
            0xacab7243, 0x09b7db6f, 0xc7a3f7b7, 0x263b94ed, 0x5e6ed266, 0x71e29de4, 0xb8508a69, 0x9dd81c0a,
            0x87b09bec, 0x44065580, 0x49a4b734, 0xf5e10486, 0x67c96bd1, 0x183a160f, 0xa83cd46e, 0x110f5296,
            0x1d4c2345, 0xbd26bf23, 0x84810694, 0x53cc30d2, 0x1b0b8b77, 0xa3d99ee8, 0x907afebe, 0x025291e9,
            0xf6d099fe, 0x82c6aea6, 0x0cc1ee25, 0x2f0ed074, 0xeaffb62a, 0x32c06cc7, 0xdefaed29, 0x0b67d570,
            0x5d5f4f1e, 0x68bb877a, 0x3321ffa0, 0xa2380d8f, 0x522da3b5, 0x24eb9af2, 0x16a969c3, 0x88c27747,
            0x5cbedc79, 0xb165cef0, 0xf9a27555, 0xeb1e254d, 0xc1e45f85, 0xf176a2ab, 0x3a14bb39, 0xc64264d0,
            0xa74e38c5, 0xce96b32e, 0x6c2c2157, 0x4e028c61, 0x733293fb, 0xd95cd67c, 0x06c537c4, 0x8f644c12,
            0xfcd4401f, 0xe46cc9e6, 0x31f1f1bf, 0xecb81e18, 0x75753bc9, 0x97dcc5eb, 0x8c55d16a, 0xffe5dd67,
            0xba808476, 0x77a535d6, 0x4cd2827e, 0x6b8a1a02, 0x7da1ec37, 0x70030e83, 0xcbe08664, 0x934b63c6,
            0xee681007, 0xe0fb6fcb, 0xbff6b13c, 0xd2b99cfa, 0x9f081215, 0x05f4aabc, 0x3bf5285e, 0x994fba27,
            0x83273dc1, 0x301062d8, 0xe75d549e, 0x00829ff6, 0xf7310a99, 0xa47fa5bd, 0xd51fa7af, 0xb3b5c0ef,
            0x56ba0598, 0x8db4420d, 0xbb611711, 0xa10990f7, 0x8e85df75, 0x7be64405, 0x511c3ecd, 0xf2473fd3,
            0x78d7d97d, 0x38c4b526, 0x92aaf0a1, 0x1cadb022, 0x59c8e933, 0x219dafb8, 0x6628f8b6, 0x0a864617,
            0xe3caf2b3, 0x2ddede6b, 0xe58d5a81, 0xb9b1190e, 0xbe17225b, 0x7494a8ae, 0x29497846, 0x651965ce,
            0xb72266c2, 0x919b6dd9, 0xd8bd451b, 0x9c398f6d, 0x950ccbf4, 0x2b997659, 0x48452453, 0x417060ca,
            0xa6afaba2, 0x234da1a7, 0x618ec3e3, 0x5b18e72c, 0xb5f268dd, 0x8651088b, 0xaf9aef3b, 0x5f8f4101,
            0xa0e80390, 0x4091f3ad, 0xc8d11b1c, 0xcc46bd31, 0xe9ce2b52, 0xe6bcc7f9, 0xc334519a, 0x123ecfee,
            0xf3a6acb4, 0xa59e36da, 0x03b3028e, 0x9ee98172, 0x207c3cdf, 0xd7cfa9b0, 0xc573f9a8, 0x37b6598d,
            0xae7b7c5c, 0xe11afcac, 0x6dcdb230, 0x3db2806c, 0x9a7e275f, 0x58297a54, 0x01630c91, 0xca011503,
            0xdf1b7e4e, 0x6a6b8965, 0x27da078a, 0x1598f4bb, 0x7e90714f, 0xd62e3ad7, 0xa9dd4709, 0x43a06ed5,
            0x3f628e73, 0x147967dc, 0xd06992e5, 0x2eef4313, 0x606f5084, 0xc4926acf, 0x6f1dbc2f, 0xddcb7051,
            0xe22b61d4, 0x13df5c89, 0x558b98e0, 0x695a141d, 0x9b9fb438, 0xfa93e82d, 0x1f9c2d5a, 0x1e7dbe3d,
            0xc005cce2, 0x50fdadaa, 0x8016a0b9, 0x0d207d42, 0xc2d5c2fd, 0x7f71e228, 0x4a952a4c, 0xdc2ae336,
            0x6efc2f48, 0xd4fe34c8, 0xf843e632, 0x0724a4a3, 0x3487c4f5, 0x4737c8f8, 0xf40097e1, 0xb6c3f5a5,
            0x19db8568, 0x7a07d762, 0x2c3f4d0c, 0x39252641, 0xfe044e00, 0xcf772049, 0xb413fbba, 0x1aea1810,
            0xed598d7f, 0x0e11e03a, 0xaaecda71, 0x94ed5893, 0x0ff0735d, 0x98ae2940, 0xe82fb835, 0x3e831d14,
            0x28a8eb21, 0xb0845d97, 0xdb8cd863, 0x4fe31f06, 0x4d331119, 0x8923e420, 0x7c407f50, 0x8a127958,
            0x8bf3ea3f, 0xcda72e56, 0xc930887b, 0x64f8f6a9, 0x08564808, 0x46d65b9f, 0xbcc72c44, 0x250a0995,
            0x5af9744b, 0xfb727b4a, 0x546a0b87, 0x79364a1a, 0x4241fdb2, 0x7644a6b1, 0xab0d4916, 0x10eec1f1,
            0x963d568c, 0x72d3009c, 0x1748faa4, 0x041539db, 0xf09731cc, 0xda6d4b04, 0xd3580f9d, 0xd1880182,
            0x3c53130b, 0x62bf5e9b, 0x635ecdfc, 0xef898360, 0x575b96ff, 0x2a78e53e, 0x3657caea, 0x81f733de
        },
        {
            0xe3ff0c05, 0xed4e06c9, 0xcf91c233, 0xe93304cd, 0xaee96441, 0x0e1b7a11, 0x7bb388e1, 0x62e7ebd5,
            0x775bbb6e, 0xa0586e8d, 0x9073c5b2, 0x9657fef5, 0xc431cec2, 0xf8f25672, 0xaf856078, 0xcdc8fb70,
            0x67f6ede8, 0xe85f00f4, 0xc8d9fd4d, 0x51f97d90, 0xfde3504f, 0x6a72da5e, 0xe5db3742, 0xa71051f3,
            0x44452d2b, 0xfaab6f31, 0x60bed296, 0x3590dddf, 0xf23e5eba, 0x2275b427, 0xb90c0db9, 0xe7820e01,
            0x8c36a0bb, 0x0953456f, 0x3a4dd32a, 0xd2b8a303, 0x2140895d, 0xf41a65fd, 0x2e9d87a8, 0x7adf8cd8,
            0x039f4da7, 0x8a129bfc, 0x717f8029, 0x53a044d3, 0xdd65adf6, 0x125e1f18, 0x9346f8c8, 0x509579a9,
            0xb0f5380b, 0x2ff18391, 0xee7b3bb3, 0x6e0fd85a, 0xec2202f0, 0x7cfbb79f, 0x00aa70dd, 0x3978ee50,
            0x1acb2e93, 0x5d114e1f, 0xf72f5887, 0x4cd01ca0, 0x1ba72aaa, 0x98e6f439, 0x7d97b3a6, 0x54e87bad,
            0xe293083c, 0xfed66d35, 0x7ea28edc, 0x40382f2f, 0xbc1d0b84, 0x189217d0, 0x6f63dc63, 0xe1a63546,
            0xb2ac0148, 0x7502822d, 0xd7a9a53e, 0x7637bf57, 0xa1346ab4, 0xb3c00571, 0x07e24fa3, 0xea0639b7,
            0xf06767f9, 0xc04cccc6, 0x068e4b9a, 0x01c674e4, 0x998af000, 0x52cc40ea, 0x85cf9509, 0x2608b623,
            0x3c69e86d, 0xcca4ff49, 0x31eddfdb, 0x4e8925e3, 0x15162066, 0xaddc593b, 0x9abfcd7a, 0xd5f09c7d,
            0x922afcf1, 0xb1993c32, 0xf57661c4, 0x8b7e9fc5, 0xd49c9844, 0x84a39130, 0x884ba2bf, 0x5e247365,
            0xf10b63c0, 0x638befec, 0xd3d4a73a, 0x48ad1ea4, 0x2da8bad2, 0x37c9e49c, 0xe4b7337b, 0xd918aff2,
            0x83ebae4e, 0xc55dcafb, 0x6c56e119, 0x5b357558, 0xb7bd0775, 0xdc09a9cf, 0x6b1ede67, 0x34fcd9e6,
            0x147a245f, 0x8287aa77, 0x6d3ae520, 0x0a667815, 0x24518f60, 0x9df7f204, 0x682be31d, 0xaa946645,
            0x65afd4ab, 0xa4256c89, 0x0c424352, 0xbe4432c7, 0x973bfacc, 0xba3930c3, 0x669ae9d1, 0xd0e19a40,
            0x13321b21, 0xb5e43e36, 0xa20157ce, 0x36a5e0a5, 0x33b4e698, 0x28b9bcef, 0xc120c8ff, 0x0d2e476b,
            0x70138410, 0x5f48775c, 0xc379f1bc, 0x56b142ee, 0x16231d1c, 0xcbecc037, 0x86faa873, 0xdb4196b1,
            0x29d5b8d6, 0x80de9334, 0xf6435cbe, 0xbf2836fe, 0xd18d9e79, 0x79eab1a2, 0x81b2970d, 0x19fe13e9,
            0xa8cd5f06, 0x4261166c, 0xca80c40e, 0xc668f781, 0x3d05ec54, 0x02f3499e, 0x3e30d12e, 0x7326b96a,
            0xb6d1034c, 0xd874abcb, 0xf99e524b, 0x64c3d092, 0x7886b59b, 0x8927a686, 0xd6c5a107, 0x116b2262,
            0x9faecb47, 0xfbc76b08, 0xc215f585, 0xbb5534fa, 0xc9b5f974, 0xffba690c, 0xa67c55ca, 0x5c7d4a26,
            0x202c8d64, 0x8796ac4a, 0x9562c38f, 0x4fe521da, 0x596c4c1b, 0x41542b16, 0x0b0a7c2c, 0x58004822,
            0x9c9bf63d, 0x1d8311ed, 0x3081dbe2, 0x32d8e2a1, 0x3814ea69, 0x6947e724, 0x083f4156, 0xbd710fbd,
            0xeb6a3d8e, 0x461c1468, 0x253d8b59, 0xc704f3b8, 0xa54968b0, 0xdf3c94b5, 0xabf8627c, 0xda2d9288,
            0x1cef15d4, 0x9ec2cf7e, 0x9bd3c943, 0x49c11a9d, 0xe0ca317f, 0x1eb62c97, 0x4dbc1899, 0x3f5cd517,
            0xacb05d02, 0x7fce8ae5, 0x45292912, 0x8f039dc1, 0xfc8f5476, 0x04d772d9, 0x55847f94, 0x1007265b,
            0x05bb76e0, 0x2b8c8195, 0x8e6f99f8, 0x61d2d6af, 0x2764b21a, 0x2319b01e, 0xb4883a0f, 0xa36d53f7,
            0x4b9823de, 0x4af427e7, 0x47701051, 0xa9a15b3f, 0xb8600980, 0xf3525a83, 0xcefdc60a, 0x8d5aa482,
            0x0f777e28, 0x57dd46d7, 0x940ec7b6, 0x1fda28ae, 0xe6ee0a38, 0xef173f8a, 0x430d1255, 0x724abd53,
            0x2ae085ac, 0x5a597161, 0x911fc18b, 0x3b21d713, 0x2cc4beeb, 0xde50908c, 0x174f1925, 0x746e8614
        },
        {
            0xe2e7c4a8, 0xdfdf2e18, 0x2f620cd8, 0x1c028eb4, 0x56f5cf53, 0x7132ead6, 0x044dee79, 0x7eed5735,
            0xa7cf38ac, 0xbd30f799, 0x47333d4d, 0xecbfac74, 0xfd795e6a, 0x359dc3ed, 0xdabe7bef, 0xef88d6b3,
            0xfaa8a465, 0x937e40cf, 0x38f2d1f6, 0x76e310d9, 0x039c1476, 0x2b848c10, 0x9b700723, 0x1a54a184,
            0xb3689f45, 0x05ca3b46, 0x7b8c02c2, 0x94afbac0, 0x592a72b0, 0xb2ef4a7a, 0xae46aa7f, 0xbe078d5e,
            0xf0164c71, 0xf6406341, 0x3c14513e, 0x4165127d, 0x18e40e7c, 0x9f9687eb, 0xc376ce1d, 0x78bb7805,
            0xc6179bea, 0xa57f9754, 0x9ca1fd2c, 0x5dccf278, 0xf7c7b67e, 0x4a5c2f56, 0x856948de, 0xa9975070,
            0x20bdb13b, 0xf32136b6, 0x3f232bf9, 0xc84ff336, 0x65954d3f, 0x6725e2c7, 0x36aab92a, 0x89818ffa,
            0x98477de4, 0x0c43a995, 0x30fc961a, 0xd00093fb, 0x64129800, 0xfb2f715a, 0x26eb9e0b, 0x496b5591,
            0xb4b9654a, 0x3d938401, 0x317b4325, 0x00ab6eb1, 0x6244b730, 0x84ee9de1, 0xd7d169f4, 0xeb6e567b,
            0x80081d29, 0x68fa5f24, 0xb609cab2, 0x75d46a1e, 0xd2b03c03, 0xad71d0b8, 0xc520e12d, 0xf4f0ccb9,
            0x8d670f32, 0x7f6a820a, 0x33cbecdd, 0xc041b4da, 0x077a94be, 0xd80ed417, 0x9e1152d4, 0xc2f11b22,
            0x8b312002, 0xd561c60c, 0xb78e1f8d, 0x793cad3a, 0xc4a73412, 0x0f74d352, 0x5a1d0877, 0x16bc66a0,
            0x6173cdf7, 0x245b31f3, 0xfcfe8b55, 0x7c5df8cd, 0x1f35f473, 0x5c4b2747, 0x6f2ba52b, 0x82b8b2d1,
            0x397504c9, 0x28b3f6d7, 0xfe4e24ad, 0x021bc149, 0xe5363ea7, 0x48ec80ae, 0x238acbfc, 0x2dd2a320,
            0xa01ec2a3, 0x961f1538, 0xd18746c4, 0x4bdbfa69, 0xd9890128, 0xd656bccb, 0x55c2b594, 0x6a4af0dc,
            0x7382452e, 0xed38794b, 0xa329b864, 0xf5771986, 0x173bb39f, 0xf2a6e389, 0x7a0bd7fd, 0x25dce4cc,
            0x012cbb8e, 0x1d855b8b, 0xd4e61333, 0x865e3219, 0xf99fdea2, 0x06fd4181, 0x8ce0da0d, 0x91ceef37,
            0xa2ae6d5b, 0x7453bf21, 0xb53eb075, 0x7764c5e6, 0x43d5bd85, 0x50a3e063, 0x4ebaaf9e, 0x57721a6c,
            0x6d9b0ad3, 0x9d262813, 0x2a03592f, 0x4404478a, 0xc7904ed5, 0x5124355c, 0xb1d830bd, 0x833f67ee,
            0xcca973fe, 0x4f3d7aa1, 0xe3601197, 0x6c1cdfec, 0xde58fb27, 0xe6014460, 0x9798c007, 0xdce854df,
            0x220d1ec3, 0xa810854f, 0x458392b5, 0xcb7889f1, 0xbae10d96, 0x4c0a0066, 0xdb39aed0, 0xcd2ea6c1,
            0x90493a08, 0x95286fff, 0xce19dc06, 0x818fc816, 0xb9d67751, 0xb05fe582, 0x544560ab, 0x40e2c742,
            0x92f995f0, 0x3ea4fec6, 0xacf60587, 0x2ee5d9e7, 0xaaa02ab7, 0x324c39e2, 0x5efb88bf, 0x341a16d2,
            0xd337e93c, 0x8ab6f53d, 0xdd6f81e0, 0x0922fc62, 0xe1d0be6f, 0x2c55761f, 0x13dd3357, 0x3a427e0e,
            0x116d9caf, 0xafc17f40, 0x0a1586a5, 0x276c4b34, 0x1eb2214c, 0x125ae668, 0x53949aa4, 0x46b4e872,
            0xe786915f, 0x52134f9b, 0x0dc47caa, 0xf8180b9d, 0xb851a26e, 0xe9def983, 0x8fd7a0ca, 0x293423e8,
            0x70b53fe9, 0xc9c82609, 0x10ea4990, 0xa199179c, 0xbb66d8a9, 0xee0f038c, 0xe0576b50, 0x140cc958,
            0x6bcd25e3, 0x3bc5ab31, 0x9af7d21c, 0x5f7c5d80, 0x372d6c15, 0x0ef3066d, 0x158b1c67, 0x72059011,
            0x697d8a1b, 0x08a5295d, 0xffc9f192, 0x88065ac5, 0xc1c661e5, 0x60f418c8, 0x8e5075f5, 0xab27ff88,
            0xf191994e, 0xcf9e0939, 0xbf805861, 0x6eac7014, 0xa648ed93, 0x425268ba, 0x1bd374bb, 0x87d9e726,
            0xe8592cbc, 0x63c3620f, 0x66a237f8, 0xbcb722a6, 0x1963db43, 0x58ada78f, 0x213a6404, 0xa4f8426b,
            0x4d8dd559, 0xeae98344, 0xcaff5cce, 0x5b9add48, 0x0b92539a, 0x99c0a8db, 0xe4b1eb98, 0x7dda2df2
        }
    },
    {
        {
            0xa066aa62, 0xe8a0d624, 0x34951e98, 0x1c691a85, 0x338b727a, 0x160d4883, 0xce5ba22e, 0xdb82746c,
            0x617535b6, 0x17ebd55c, 0xca38803f, 0xffe2d34a, 0xbd40fd0a, 0x35738347, 0xe6a7a633, 0xc945cecc,
            0xf71d5260, 0x39ef207c, 0xecc3f435, 0xda64e9b3, 0xb2a110c2, 0x2855d42f, 0x4c0c8e65, 0x5833c5f8,
            0xebdd98d7, 0x0dd3eed6, 0xcbde1de0, 0xf8fcbfa8, 0x00a9d032, 0xa778c680, 0x92a295f5, 0x0f483dfa,
            0x5ecb34c5, 0xe43c751f, 0xa4058873, 0xc1ba4fe6, 0x6af7fa6f, 0x8d1f11b1, 0x43ed63ad, 0xc8a35313,
            0x869dde68, 0x126e6a92, 0x63eee69a, 0xf0033e82, 0xbbb80c37, 0x6b1167b0, 0x08565118, 0x1a91ebb8,
            0x6e94d87e, 0xc05cd239, 0x498931ab, 0x3110a156, 0xb6c232d3, 0x678dc48b, 0x889aae7f, 0x84060d44,
            0x180a3894, 0x27b439e7, 0x831861a6, 0x20aa5505, 0x98c6c7f3, 0x214cc8da, 0xc2c70115, 0xe5dae8c0,
            0x0232031e, 0xe7413bec, 0xacfa0959, 0x5f2da91a, 0x59d55827, 0xa97fb697, 0x014f4ded, 0xc43ff028,
            0xb1dc5e31, 0x1b777667, 0x0eaea025, 0xc6a42304, 0x326defa5, 0x7f2e2c2d, 0xabe465bb, 0xe9464bfb,
            0xae61da75, 0x57d22830, 0x9a5d14df, 0x62087b45, 0xdd7a8551, 0x9344082a, 0x725412c9, 0x525797fe,
            0x052c6ffc, 0xb5bf7c20, 0x478e41bc, 0xd29b6899, 0x09b0ccc7, 0x1388f74d, 0x45159290, 0x64f08a78,
            0x1f145476, 0xd37df546, 0x50cc44d2, 0x74ace3f4, 0x4176b081, 0x6c0f0b52, 0x486fac74, 0xe1b9cad1,
            0xb3478d1d, 0xdc9c188e, 0x03d49ec1, 0xb459e1ff, 0x7c5362de, 0x945a64c8, 0xbfdb2e26, 0x360ecdb4,
            0xd000bbb5, 0xfc9f9db9, 0x5b4e8b0b, 0xe05f570e, 0xf4601c93, 0x29b349f0, 0x0b2b1feb, 0x763730d8,
            0x23d71bf6, 0x754a7e2b, 0x5634b5ef, 0x512ad90d, 0x71295c3a, 0x686c2943, 0x698ab49c, 0x54af66c3,
            0xd919a740, 0xa2fd794e, 0x2ace0703, 0xd1e6266a, 0xbca660d5, 0x420bfe72, 0x11132461, 0x4dea13ba,
            0x95bcf917, 0x9e3e36ce, 0x82fefc79, 0x8be7e08c, 0x6093a869, 0x80652f55, 0xd46399a4, 0xfa676c84,
            0xee582719, 0x5aa816d4, 0x252feacb, 0x0c357309, 0xd6f84a88, 0x8183b28a, 0x3a926e8f, 0x3f17d141,
            0x9bbb8900, 0x3d8c026d, 0x22318629, 0x2c36f63e, 0x77d1ad07, 0xd8ff3a9f, 0xb03ac3ee, 0x4668dc63,
            0xefbebac6, 0x4af47f58, 0x85e0909b, 0xc3219cca, 0xf91a2277, 0x2652a438, 0x5549fb1c, 0x3809bda3,
            0xa8992b48, 0x4b12e287, 0x3b74f350, 0xa5e315ac, 0xd585047b, 0x3c6a9fb2, 0x53b10a21, 0x9ca5e5e2,
            0x30f63c89, 0x6f7245a1, 0x7ec8b1f2, 0xa69e5b5f, 0xea3b0508, 0xf586814c, 0x8cf98c6e, 0xc5d96df7,
            0x7db5ff01, 0xa31be491, 0xb724af0c, 0x6de9968d, 0xbe3db3f9, 0x1ef2c9a9, 0xe2c48422, 0x2f4bb8cd,
            0xb8c542c4, 0x10f5b9be, 0x2dd06be1, 0x1d8f875a, 0x8f84c29d, 0x0acd8234, 0x4f71c096, 0xdfe1567d,
            0xfd790066, 0xed2569ea, 0x24c97714, 0x70cfc1e5, 0xccc07102, 0x19eca54b, 0xc742bedb, 0x651617a7,
            0x4e975d49, 0x37e8506b, 0xf37e7071, 0xfb81f15b, 0x99205a2c, 0x96c1b7e4, 0xde07cba2, 0xaf8747aa,
            0xba5e91e8, 0xcd26ecdd, 0x5db67a36, 0x5c50e7e9, 0x9d43783d, 0x79d6dd10, 0x97272a3b, 0xa18037bd,
            0x2ead2512, 0x7b4d0e3c, 0x9fd8ab11, 0x0651210f, 0x40902d5e, 0xad1c9486, 0x15700670, 0xfe044e95,
            0x8e625f42, 0xcfbd3ff1, 0xf6fbcfbf, 0x7aab93e3, 0xe32219fd, 0xb923df1b, 0x8a017d53, 0x666b5954,
            0x3ef14c9e, 0x14969baf, 0x73b28f16, 0x44f30f4f, 0x897c33a0, 0x91dfdb06, 0xd71ed757, 0x903946d9,
            0x2b289adc, 0x877b43b7, 0xaa02f864, 0xf1e5a35d, 0xf298edae, 0x783040cf, 0x04caf223, 0x07b7bcd0
        },
        {
            0xf8ddc220, 0x09ff7b50, 0x9b10087f, 0x4bfb7ece, 0x8b516474, 0x00c64c99, 0x6e38ca62, 0xaa98abb5,
            0x8737709f, 0xef0dcbc9, 0xdbda4b21, 0x58210c4a, 0x92293fb6, 0xd02d3a28, 0x2badaa1e, 0x91b22139,
            0x56895e61, 0x5283250c, 0x7b26854b, 0xb6bfd355, 0x9e4f2b5d, 0x2af8f251, 0x2c3ccffc, 0xad09ce57,
            0x630b86c6, 0xdd1e768c, 0x27cbbef5, 0x11d278dd, 0x41595788, 0xbb8c9ff1, 0xc2a210e3, 0xb3e0f077,
            0x06027134, 0xda8f136e, 0xf1e4f5e9, 0x649ae324, 0x4935380e, 0xcd5f1a87, 0xa903b53a, 0x0757297b,
            0x70d1f442, 0x3eb3e537, 0x05996fbb, 0xc7fd33c1, 0x2963ecde, 0xe23e876d, 0x1db46c36, 0x04cc37f4,
            0xb942d931, 0xa16fdabc, 0xe36bdf22, 0xedc38d09, 0x80a6157d, 0x17164570, 0x53d67d43, 0xec96d546,
            0xc5337501, 0xc6a86b8e, 0x301bb71c, 0xd7bc5fca, 0x7f2cfe26, 0x95b85a54, 0x0e6e1eb2, 0xa6febf5e,
            0x8f5b1f19, 0x69a9af80, 0xe89cae2b, 0xc95561ea, 0xb4719595, 0x7a73dd04, 0x019314d6, 0x5bba12c5,
            0xfcd7b94d, 0x6f6d922d, 0x10872092, 0x59745405, 0xbd48a25c, 0xee589386, 0xd4274145, 0x97761c94,
            0xbc1dfa13, 0x6b67e940, 0x205adb17, 0x0df5003d, 0xf0b1ada6, 0xb12eb6b7, 0x0a6465df, 0xfe19ff8d,
            0x826853bd, 0x1ce13479, 0x4c6a1b2c, 0x5c2b7727, 0x81f34d32, 0xbf86e49c, 0x32d5f1dc, 0x12496652,
            0x0ca05872, 0x6701fdab, 0x68fcf7cf, 0x314eef53, 0xd1786267, 0xff4ca7c2, 0x22949dd7, 0x0b313d90,
            0x2ef2893c, 0x3380a993, 0xf720c844, 0x899f22b4, 0xb7ea8b1a, 0xc80039a5, 0x937c67f9, 0xc1390e6c,
            0xd572190a, 0xa2f4c433, 0x734aeacd, 0xb07beef8, 0xa856ed75, 0x15d803b0, 0xc06c5623, 0x36df8ab1,
            0x8d9559d9, 0xd2e37ce8, 0x5aef4a8a, 0xf9889a6f, 0xcb9b272a, 0xc4662d4e, 0x440674aa, 0x5ee531e7,
            0x9a455030, 0xf675900b, 0xe9c9f664, 0x4d3f4363, 0xcace7f65, 0xf32ab329, 0x99de4ebf, 0x9c816d9d,
            0xfb46dcaf, 0x131c3e1d, 0x4ff105a3, 0x392280d5, 0xb817817e, 0x51183b83, 0xb524cdda, 0x19be175b,
            0x866228d0, 0x74db8f2f, 0x23c1c598, 0xe5afe28f, 0x46c8326a, 0x479d6a25, 0xfa1384e0, 0x8a043c3b,
            0xd6e90785, 0x3becc615, 0x9dd435d2, 0x721fb282, 0x43971148, 0x504d63cc, 0xea52e8eb, 0x7cb7e0a9,
            0xd84155ae, 0x61c5c006, 0xcc0a42c8, 0x3fe6bd78, 0xde856803, 0xf5ee8e84, 0x400c0fc7, 0xa430f99e,
            0x544718a1, 0x94ed021b, 0xa565a1d1, 0xb2b5a838, 0x45532ce5, 0x148d5bff, 0x1e2f72b9, 0x962344db,
            0xe0f0c1ad, 0xa03a82f3, 0x6a32b10f, 0x269ee6ba, 0x4aae2681, 0x7e79a669, 0x0f3b46fd, 0xbad9c7be,
            0x758ed760, 0x1a2509d4, 0x625ede89, 0x3ab99e5a, 0x210f8358, 0x2d6997b3, 0x035d5216, 0x48606041,
            0x85f9365f, 0x8e0e4756, 0x551240ee, 0x6da3d4ed, 0xd3b624a7, 0x833d0bf2, 0x08aa231f, 0xbed3bcd3,
            0xa3a19c7c, 0xc3f748ac, 0x1b70519b, 0xe634fc00, 0x6654a5e4, 0x6cf68ca2, 0x7615c9ef, 0xe4fabac0,
            0xf4bbd6cb, 0x16431d3f, 0x3411cc71, 0x2836b491, 0x1f7a2af6, 0xcec40408, 0x9f1a7312, 0x2fa7d173,
            0x3544943e, 0x78bd9bc4, 0xac5c9618, 0x2505f835, 0x988b16f0, 0xf27feb66, 0x42c24907, 0x79e8c38b,
            0x5d7e2f68, 0x774091a0, 0xdc4b2ec3, 0x84ac6e10, 0x18eb4f14, 0x378ad2fe, 0x65cfbb6b, 0xd9140de1,
            0x90e77976, 0xdfd0304c, 0x4ea45dec, 0x7de2b8e6, 0xcf915c47, 0x3877d89a, 0x8cc00196, 0x60909849,
            0xe761a44f, 0x3d28fbb8, 0xeb07b0a4, 0xae92d0d8, 0x7184ac0d, 0x57dc062e, 0xe1a599e2, 0x02080a59,
            0x3c7da3f7, 0x5fb069a8, 0xfd82e102, 0x2450a07a, 0x88ca7afb, 0xabcdf3fa, 0xa7abe711, 0xafc78897
        },
        {
            0x597483a0, 0x60320ed1, 0x5c50be30, 0xa2c6aac8, 0x08a67108, 0xfc0ab89b, 0x70e87c76, 0xd3a9dc61,
            0xcdd38fbc, 0x85fa7464, 0xc1d6c9fb, 0xc4f2f46b, 0x01870adf, 0x4ab557bb, 0xabe7d11f, 0x7ff69c8d,
            0xb3a219ee, 0x6e922fab, 0x3bda2112, 0xc068087a, 0x3a64e093, 0x81608875, 0x115d7878, 0xa8fc77a3,
            0xfeafdfa6, 0x89ff3223, 0x7156bdf7, 0x9f1adba8, 0x48103086, 0x75cc41e6, 0xde125ba7, 0xd10cbb5c,
            0x6329a86d, 0xd68de1f1, 0x241eb34e, 0xba836239, 0x8d65ce32, 0x7877c620, 0x16dc22d5, 0x0bbdd7b4,
            0x7e485d0c, 0x6d898917, 0xe270eb46, 0x20844f5f, 0x2d3fc899, 0xc6579356, 0xc94973ad, 0xac668bb2,
            0x19c2c22e, 0x8b5a551e, 0x9a3ee638, 0x660d95fd, 0xeb519091, 0xb1077ed3, 0xbd023894, 0xcf76e881,
            0xefcb6c80, 0x1246dec4, 0x357a0068, 0x15c78469, 0xca52d511, 0xed6e0bbd, 0x3efe1c82, 0x187c03af,
            0x33459b44, 0x80de49f4, 0x83c5ef48, 0xc373aec6, 0x22212862, 0xe5f1b1eb, 0x0c3c8d19, 0x74728067,
            0x978561fe, 0x4d340d16, 0x989b8105, 0x6bb6123b, 0xb59d82c2, 0xe9f4f7ac, 0xd82dc08b, 0x534e5ecb,
            0x618ccf50, 0x9ea41a29, 0x422aeded, 0x2f9aafa4, 0x051df6ce, 0x5055f877, 0x566a635b, 0x67b3547c,
            0x629769ec, 0xb0b9bf52, 0x73f3daca, 0xf92e850b, 0xb4234343, 0x51eb39f6, 0x43942c6c, 0x69137506,
            0x8e7e688e, 0xcc6d4e3d, 0xda88a7b6, 0x04a3374f, 0x46b011fc, 0x90043b53, 0xb686247e, 0x99254084,
            0x0a031635, 0x0d824c98, 0x7b6c609c, 0xaa59109e, 0x76d7e75a, 0x963ba07f, 0xcec82900, 0x5a6f251c,
            0x4b0b963a, 0x931f9def, 0xaec3ec8f, 0x147945e8, 0x949ec742, 0x57d4a2da, 0x49aef107, 0xc54c35ea,
            0xb998c485, 0xe84a362d, 0xa1dd0c74, 0xff111e27, 0x1ad96492, 0x9dbfbc95, 0xdcb73c9a, 0xfdb4791a,
            0x0f272ba5, 0x34c4c1e9, 0x45abb740, 0xe44f706a, 0x4c8acc97, 0x5dee7fb1, 0x875f1359, 0xdfac9a26,
            0x5ef5d90d, 0xc7e952d7, 0x03226de2, 0xf3145860, 0xa65c56d9, 0xbfa75fa9, 0x3f40dd03, 0xdd09fd1b,
            0xbe199e28, 0x3661a6d4, 0xe754d6d6, 0xf2aa99e1, 0xf52bc34c, 0x58ca4221, 0x8841f3a2, 0x213a8ede,
            0x8ae4949f, 0x3c5b7bbf, 0xa063cdf5, 0x1d583e3f, 0x408f8ad0, 0xa3786b49, 0xbb3da3b8, 0x5f4b188c,
            0x724d1b4b, 0x7ced3a31, 0x4f916a2b, 0x5bd1e49d, 0x6a08d3ba, 0x239fe9e3, 0x952006c3, 0xfb8be236,
            0xe0d58c7b, 0x827b2ec9, 0x2e246e25, 0x270515f2, 0x029cac63, 0x776926db, 0xc2cd6f47, 0x470ed07d,
            0x441576c1, 0xeaef5110, 0x1ce6ffbe, 0x8444b5e5, 0xd0b27add, 0xb738e5ff, 0xcbec1490, 0xd42886cc,
            0x31e0fc79, 0x0e99ea24, 0xf00ffedc, 0x06065072, 0xd7332070, 0x3de5ba3e, 0x92a15c6e, 0xf890448a,
            0x32fb5ac5, 0xd596474d, 0x8cdb0fb3, 0x5571c5e7, 0x65163341, 0x38c187ae, 0x86e1d2d8, 0xd2171de0,
            0xf78ea471, 0x0039cb5e, 0xa7e29758, 0xbcbcf915, 0x2abe9234, 0xf63065f0, 0xf1b13f5d, 0x10e3b9f9,
            0x9b8027b9, 0x25a072cf, 0x68adb487, 0xf49502cd, 0x1b67a513, 0xaf7d2d0e, 0xb8260504, 0xb21cd86f,
            0x52f09f4a, 0x281bf509, 0xdb366637, 0x4e2fabaa, 0xc8f7b22c, 0xe3ce2ac7, 0xa942b622, 0xadd84a33,
            0x37df6755, 0x13f81f45, 0x41314b51, 0xe16b4dfa, 0x2b0053b5, 0x1ffd5902, 0x26bbd473, 0xee75ad01,
            0xa4f931e4, 0x9c017d14, 0xecd0ca3c, 0x8fc0a90f, 0x1e439883, 0xe6ea1757, 0xd993010a, 0x305e3df8,
            0x7ad2a11d, 0xfa3523b7, 0x64a8f2c0, 0x29a53488, 0x6f2cee2a, 0x07b891f3, 0xa547f065, 0x1762e354,
            0x397f462f, 0x91bafad2, 0x2c810918, 0x0918b089, 0x7d53fbb0, 0x54cf0466, 0x79c907a1, 0x6c374896
        },
        {
            0x52a0ded5, 0x4f0b96f9, 0x85f1226d, 0x59d5b712, 0x00ef9dbe, 0xf063656e, 0xf257f85b, 0x7c3c2e4f,
            0xb9343296, 0xf3bc3f09, 0x04685c34, 0x05839b66, 0x356b79b7, 0xa9594fc2, 0x5be12a27, 0x2b1f6bfc,
            0x862e780a, 0xe5621ee2, 0x47a1a559, 0x6e65ce2e, 0xc08b87bf, 0x09ae694c, 0xa574bde8, 0xb075c664,
            0x72254150, 0xedc82d42, 0xa8b28890, 0x6b09c8f6, 0x67243adc, 0xd7be6106, 0x1a1c4e7f, 0x2c47f011,
            0xadde8e48, 0xbc58344e, 0x065cc101, 0xac35491a, 0x4d3f0bcc, 0x55f84538, 0x1828d34a, 0x985a6a41,
            0xbdb3f31c, 0xf4e4a4e4, 0xc40c4635, 0xb72d5d89, 0x6510a7e9, 0xe6bd4485, 0x375fe482, 0xfb160ca9,
            0x0845ae1e, 0xa018bb30, 0x9a6ef774, 0x2e736d24, 0x509443e0, 0x57ccd80d, 0x534b1987, 0x0f1d35f3,
            0xdb93932c, 0xc5e78167, 0xd10d3db9, 0x5d527698, 0xa6abe78f, 0x206a023b, 0x15eee632, 0x3ff5d722,
            0xee177725, 0xec23ea10, 0x92c4c4d4, 0x90f059e1, 0xe3d1425d, 0xd9a70e19, 0xf188a23c, 0xd0e6faeb,
            0xaa8615a5, 0xb19e0136, 0x3dc14a17, 0xb6c69adb, 0x5413826a, 0xd655a654, 0x5cb9b1ca, 0x135dba8d,
            0xbb00afa3, 0xd2d267de, 0x4ee051ab, 0x757ddabd, 0x932f0386, 0x9643055e, 0xc821b41f, 0x225e9f0e,
            0x250604e3, 0xf73bfe83, 0xa22c2605, 0x64fb60bb, 0x9d366c99, 0xd339a08c, 0x30077f6f, 0xe94fecc8,
            0x61976663, 0x0b9af479, 0xafea137d, 0x7b64b5a2, 0x2181c569, 0x3233e25a, 0x78bbefc5, 0xce92e8a0,
            0x6c51531b, 0x36b423d0, 0xc9ca734d, 0xfda55016, 0x4595386c, 0x3480bee5, 0x8a038a20, 0xdd20cf93,
            0x1082e0ea, 0x88371715, 0x68d69291, 0x583e7040, 0xfe7a0a71, 0xbf876e29, 0x12b67ddf, 0xdf1452a6,
            0xa1f37c62, 0x6ae20fa4, 0x3a99d1fa, 0x8176e3e7, 0x8be84d72, 0x1bf7892d, 0x31ecb83d, 0x517f84b2,
            0x79502897, 0xbe6ca97b, 0x5f66ebad, 0x9f02f1ac, 0xe75683d7, 0x48530d14, 0xc354ddd8, 0x464a620b,
            0x7dd7e91d, 0xe8a42b9a, 0xd4613b61, 0x40f93eb4, 0x9cddabcb, 0x432664d3, 0xea90b6af, 0x28c0319b,
            0x1d44d592, 0xa74020dd, 0x959c5f39, 0x7a8f72f0, 0xbaeb68f1, 0x1631bc55, 0x841ae53f, 0x4a679021,
            0xf922919c, 0xab6dd2f7, 0xdccb08c1, 0x2f98aa76, 0x62483c04, 0x8cb0d69f, 0x1caf12c0, 0x8e844baa,
            0x24edc3b1, 0x38ad4ccf, 0xcbfeee78, 0x39468b9d, 0xb3aa9c03, 0x693d55c3, 0x42cda381, 0x56271f5f,
            0xae01d42f, 0x07b70653, 0xcca67595, 0x97a8c20c, 0xdeff95f4, 0x49b8ca46, 0x33d82508, 0x0d29a8c6,
            0x01045aec, 0x4112f9e6, 0x0ef6f2a1, 0x6f8e097c, 0xc638db00, 0x809d24b5, 0xff91cd23, 0x3b7216a8,
            0x89dcd047, 0x73ce8602, 0xe489d9b0, 0xd58afc33, 0x23b5585c, 0xeb7b71fd, 0x8f6f8cf8, 0x77494788,
            0xb8dff5c4, 0x9b853026, 0x5a0aed75, 0xa3c7e157, 0x17da7b07, 0xb4f207ee, 0x0330c7d9, 0x9ee936fe,
            0x9477986b, 0xd84cc94b, 0x7011dc65, 0xcf792ff2, 0x14052160, 0x99b1ad13, 0xb519c0bc, 0x82a9b980,
            0x63a3fb56, 0xc2bf1a8a, 0x4cd4cc9e, 0x8d5b11cd, 0xca15292a, 0xa49f7aba, 0x116927b8, 0x3e1e1070,
            0x1e9b8ff5, 0x607ca131, 0x02db008b, 0x7e08b37a, 0x1f7048a7, 0xb2415b51, 0xe1e5df68, 0xc7d31c52,
            0x83427ed2, 0x26d95e84, 0xf8c956ce, 0xc16040ed, 0x5e8d2cff, 0x3c2a8d45, 0xe00e183a, 0x0cc26f94,
            0xfc4e9744, 0xf6d039d1, 0xfafdcbfb, 0x447eff3e, 0x911b9eb3, 0xda78547e, 0x7fe37428, 0x2af4acae,
            0x74961def, 0xf50f63b6, 0x87c5bf58, 0x292bf6c9, 0x6dba9449, 0xe23a850f, 0xcd4db2c7, 0xeffcb077,
            0x66cffd8e, 0x0a71332b, 0x2dac3743, 0x4b8c5773, 0x19c31418, 0x71fa1b37, 0x76a280da, 0x273299d6
        },
        {
            0xaa0c0197, 0xbf049614, 0x0514e744, 0xf9b19b87, 0x4d0a302c, 0x68cb99b2, 0x38f93411, 0xb72583f6,
            0x645b8dd8, 0x5802a7af, 0xde4bfc88, 0xb01bb5cd, 0xc7d37f61, 0x4cbec90e, 0x316cd8d1, 0xdc703219,
            0xf1908e65, 0x14ad714f, 0x0ebac515, 0x265f81c3, 0x88f39e32, 0x72dc2de8, 0x0bbf3dbf, 0x101c70c7,
            0xc6678643, 0x19899c07, 0xf71a417c, 0xd8c13391, 0x8b7ca981, 0xfcb4632d, 0x039e285d, 0x52187cdc,
            0xe19de14c, 0xd36f11c0, 0x85d7737a, 0x394dcd33, 0x2fca6d03, 0x8ac850a3, 0xb98e590d, 0x6b44ae01,
            0x00111fee, 0x6365bbe3, 0xe6a3d777, 0x22ee804b, 0x6ff5af89, 0xf80562a5, 0x95da1c53, 0x865844c9,
            0x11a889e5, 0x3dfcccbb, 0xe8080d8c, 0x13934774, 0x67d4ba6b, 0x0d35f2a6, 0x79720fb9, 0x449fdcec,
            0xcdc9a412, 0x59b65e8d, 0x5a39693e, 0xabb8f8b5, 0x92e42a68, 0x4a340617, 0xad3237ac, 0x8fcda809,
            0xd7de1048, 0x766d2c60, 0xc45c48d2, 0x7b49c128, 0x62d142c1, 0x419a2446, 0xac86ce8e, 0xb1af4cef,
            0xb6917ad4, 0xba016ebe, 0xfb8a5516, 0x0f0e3c37, 0x0a0bc49d, 0x56a97d54, 0xddc4cb3b, 0x9ac53f8a,
            0xa399ed57, 0x7368d4ca, 0x98fef11b, 0xc159b078, 0x9b71c6a8, 0xaebd001f, 0x80d28bd0, 0xe49819e6,
            0xee82c295, 0x2c455ab0, 0xdb4e0422, 0x33571640, 0xc978a59a, 0xe029186e, 0x55264ae7, 0x6dce6118,
            0x6c7a983a, 0x8e79512b, 0x5cb3a627, 0xf21fb9d6, 0x24644f52, 0x835dbc63, 0x4b80ff35, 0x615e7572,
            0xa837cf06, 0x7456e2f1, 0xd154df51, 0xc8cc5cb8, 0xdfff05aa, 0x08300a0c, 0xcb436b0b, 0xd5e5ded9,
            0x2161b7f8, 0xd45127fb, 0xa728ecdf, 0x1696bfde, 0xc3627ee9, 0x3469207b, 0x0c810b84, 0xe7172e55,
            0x60ea8c50, 0xf5218fed, 0xbeb06f36, 0x235a7969, 0x90dfe4f9, 0x946ee571, 0xbd3f5885, 0xbbb5979c,
            0xc5e8b1f0, 0x77d9d542, 0x1f03531e, 0x5e8868b6, 0x1519886d, 0x480fc886, 0x172246fc, 0x30d821f3,
            0x452b25ce, 0xf49576cf, 0xfd009a0f, 0x66604349, 0xa22d1475, 0x7c77f713, 0x82e94541, 0x2df1a392,
            0x3652eeea, 0x816672f2, 0x37e617c8, 0x32e3ef62, 0x072f29d5, 0xa1a223c6, 0x0984f32e, 0x069bd0f7,
            0x04a01e66, 0xd0e02673, 0x51974b6f, 0x022ad17f, 0x9350d34a, 0x2e7e9421, 0x7afd380a, 0xe9bcf4ae,
            0x4e85079f, 0x84638a58, 0x3ac2fa80, 0xd975cab3, 0x5023b24d, 0xf0247747, 0x78c6f69b, 0xb394827e,
            0x9fc0c720, 0x571d8476, 0x4f31febd, 0x8c429fba, 0x1c8c64ad, 0x8df66698, 0xe212d6ff, 0xd66ae96a,
            0x2940a21a, 0xc0ed495a, 0xed0df526, 0xa9833624, 0x2b7b6c8b, 0x3fc7022a, 0x9dfb09b1, 0x1eb7aa3c,
            0xaf09f93d, 0x5f3c9194, 0x2acf95a9, 0xef363bb7, 0x87ecbdeb, 0xa69c15fd, 0x5b8d901c, 0xe3a62fdd,
            0xf3ab40f4, 0x1227be56, 0xa513224e, 0x28f45b38, 0x01a5e6cc, 0x49bb31a4, 0x183d6525, 0x43a1ead7,
            0x5d075f05, 0x3b7603a2, 0x3e73fb08, 0x3c483599, 0x9c4ff093, 0x6af05723, 0x1d389d8f, 0xd2dbe8e2,
            0x27eb78e1, 0x5492b3c5, 0x7e4c3982, 0x35ddd959, 0xb51e4d67, 0xfa3eac34, 0xea33c31d, 0xb2207b5c,
            0x25d0b670, 0x65ef74fa, 0xc2d687cb, 0x421513f5, 0xfe8fadbc, 0xa016dae4, 0x1bb25296, 0x97e1d2c2,
            0x994a0839, 0x402edd64, 0x7dc30e31, 0xe52ce0c4, 0xdafafd00, 0x6e4156ab, 0x9e743e02, 0xecb90c04,
            0xb4aab445, 0xa4a7db6c, 0xce4693a1, 0x75e21bd3, 0xcc7d5d30, 0x96552be0, 0x53ac85fe, 0xbc8ba1a7,
            0xeb873a3f, 0x916b1ddb, 0x70e7e379, 0x71531a5b, 0x89476710, 0xb83aa02f, 0xff3b549e, 0xcff26a83,
            0x697f6090, 0x4710eb5f, 0xcaf79229, 0x7ff8c0a0, 0x20d54eda, 0x1a06abb4, 0x46a4127d, 0xf6aeb85e
        },
        {
            0x69f232be, 0x3dad572d, 0x14f60769, 0x64983d6e, 0x892d410b, 0x0b81f120, 0x1d12a473, 0x93e3cf13,
            0xb502a6b5, 0x7befcb27, 0x8f73dbf3, 0x85709a40, 0x948a8170, 0x7455f2c5, 0x5ee94028, 0x8da3edc1,
            0xe8b9603c, 0xd4968782, 0x25b3ef07, 0x47c02c99, 0x869778e9, 0xad1c1e9f, 0xff1de1f4, 0x18abdc22,
            0x1fc29241, 0x54ea019b, 0xf51ea047, 0x53834ff8, 0xf3403abf, 0x733cbca6, 0x84474edb, 0x3320ba54,
            0x1c2570e8, 0xc205d2d1, 0xdc45f003, 0xd2c81d7a, 0xce58099a, 0x15c1d3f2, 0x9e89c0c3, 0x357e20ac,
            0xa2a6277d, 0xb6e5441c, 0x050c1c59, 0x0ab625bb, 0xa5cf691e, 0xc332064a, 0x2c574c1d, 0xc8069362,
            0xbe36339d, 0x976d63d9, 0x08661389, 0x6d7c9e74, 0x58b7dad0, 0x37ae169e, 0x1711e5c0, 0xe6348d45,
            0xd0182b48, 0x2a09d6e5, 0x5b503879, 0x9133f921, 0x5c39761a, 0xcf6fdd01, 0x5fde94b3, 0xd646b1b0,
            0x3923fbe7, 0xf6f942ee, 0xed00186d, 0xb18c0a7f, 0x45101aab, 0x68c5e625, 0x114f7f38, 0xbdd1d134,
            0x563a37a9, 0xbce605af, 0xb95f7dfe, 0x99e08ea0, 0x8bfd7739, 0x00b56408, 0x8219d423, 0x1a7bea10,
            0xe98eb4a7, 0xa71f5f2c, 0x77b2106c, 0xb26be8d6, 0x6e9b7cdd, 0xb35c3c4d, 0x4dc36d2a, 0x23ed75ff,
            0xde95c631, 0xfcfa035d, 0x70db5e0f, 0x720b683d, 0x0ddf6bd8, 0x3449f437, 0x4427ce30, 0x0ce8bf43,
            0x22daa164, 0xd12fffd3, 0xf0a7d816, 0xa391f3e6, 0xe4e4bb77, 0x601691a4, 0x66480b5c, 0x965ab742,
            0xb868a965, 0x2e877a2f, 0x87a0ac72, 0x832e00b8, 0x881a9590, 0x3c9a83b6, 0x434e8053, 0x1b4c3e8b,
            0xda1b6afb, 0xfdcdd7c6, 0x570de332, 0xc93147f9, 0x8acaa3a2, 0x90042dba, 0x32176ecf, 0xbf01e706,
            0x46f7f802, 0xefd02e5f, 0x1078aba3, 0x9fbe1458, 0x7e56b376, 0x9c59f6f1, 0x4b9df7d2, 0xb435722e,
            0x12a89d91, 0x63f1730d, 0x06ebfef0, 0xfaa499a5, 0xab428467, 0xfe2a356f, 0x95bd55eb, 0x26540dae,
            0x3f7d611f, 0xe06a17bd, 0x213d43cd, 0xd9fc8852, 0x0265523a, 0x4f135b18, 0x1ef546da, 0x7f6167ed,
            0x7ad81fbc, 0x59800e4b, 0x3699c205, 0x9b30b892, 0xc45b4829, 0x7c868544, 0xc68b7e1b, 0xe38df514,
            0x494dc1e0, 0xf874af97, 0x80c9e211, 0x65afe9f5, 0xea69560e, 0x4e248f83, 0x30c758fd, 0xaa7550fc,
            0xfb934d3e, 0xcad6a550, 0x9d6e226a, 0xf1900c8d, 0xe2ba218f, 0x6121453f, 0xf9437b0c, 0xa6288bb7,
            0x0951c712, 0x199c08b9, 0x4cf4b9b1, 0x3bf3cdd5, 0x5d0ea281, 0x043bc8c2, 0x2b3e027e, 0x28d9e0d7,
            0x8c94395a, 0x2fb0aeb4, 0x6a15d017, 0x6c4b4aef, 0x6faca846, 0xcdbfeb33, 0x2763d935, 0x9a076c09,
            0xe5d36fec, 0xa992b255, 0x55ddd500, 0x793ffd15, 0xe70359de, 0x0182b093, 0x3e4ab584, 0x0e388971,
            0xa8a566ce, 0xdd722498, 0x40a962fa, 0x2d609886, 0xaefbfc36, 0x24843b9c, 0x98d75a3b, 0x71ec8a94,
            0xb7d29087, 0x677fdfc7, 0xd5a15319, 0xeb5e8295, 0x427954c8, 0xdfa212aa, 0x515379ca, 0x4aaa2349,
            0xcc883fa8, 0x0f0f5dea, 0x31f08c66, 0x8e440f68, 0xa4f8bd85, 0xeee7fac4, 0xa141c5d4, 0xc56c9cb2,
            0x81fe368a, 0xbb8f4bcc, 0x7db151df, 0xac2bca04, 0x07dc2a6b, 0xa076114f, 0xf42974dc, 0x419eb661,
            0x7808298e, 0x5064ad51, 0xd771652b, 0x035286a1, 0x5a67ece2, 0x62c6a796, 0xc1e23078, 0x139f490a,
            0xafcc28ad, 0xc7bcaa80, 0x487a157b, 0x7562265e, 0x52b49b63, 0x38142f7c, 0x29ee344c, 0xdb2cbe60,
            0xc0d5e4e3, 0xd3ffc9e1, 0xbab89f57, 0x200a9756, 0xb0bbdee4, 0xcbe171cb, 0x7685c4f7, 0xf7ce9675,
            0x6b22048c, 0x3ac4194e, 0xd8cb5cc9, 0xf277ee24, 0x1626315b, 0xe15dc326, 0x92d41b88, 0xec37ccf6
        },
        {
            0xa4e67032, 0xa6b5b2c7, 0x57787904, 0x4fedb3a6, 0xcc8489cf, 0x05f5eb73, 0xb49fdc7a, 0x766c3514,
            0xf8ff5cac, 0x25dc88ae, 0xfe8784af, 0xfb91b194, 0xbf1d57a8, 0xb9658fab, 0x069b064b, 0x158c473b,
            0xcfea64f7, 0xd2699b6e, 0xe886f0e4, 0x187614ea, 0x22997f60, 0xe157b9c3, 0xc17eda1e, 0xac0a16d8,
            0xd6428198, 0xed90c5df, 0xf0133a46, 0x64465ba9, 0x1a25d61f, 0x4afb869d, 0xab4fe116, 0x33ddfce5,
            0x291bf4b2, 0x0a5c7a57, 0x82b7cbec, 0xd9eb10bc, 0x36cbc9de, 0x8a5bad06, 0xf66be245, 0x8f4d983d,
            0x564556c9, 0x1f33e324, 0x41790d4f, 0x26b26596, 0x5a822ad5, 0x8d1e5ac8, 0x606d415f, 0x3e27af34,
            0x78f88bfd, 0x6caa3d43, 0x5bbf0518, 0x7014ed17, 0x5416943c, 0xf43820b0, 0x2e5e037c, 0x657b7464,
            0x96e57d52, 0xffbaab62, 0x49956ba5, 0x84cf13ef, 0x5dc7dd1b, 0xdf93c8bf, 0x552bbbf1, 0x3d49420c,
            0xf5050f7d, 0xb858a066, 0xae59d42d, 0xda85fd84, 0x0c24a254, 0x34980b2b, 0x07a62986, 0xd8d63f71,
            0x12c9b0f5, 0x40442282, 0x2a75198a, 0xb7f13142, 0xbc73ba90, 0x01def185, 0x6728b691, 0xa0cd6ac4,
            0x4c835e9e, 0x79c5a430, 0x4dbe7153, 0x21f79258, 0x9871c3bb, 0x1d6021d1, 0x2f632cb1, 0xc043f5d3,
            0x396258fa, 0x080fb8a2, 0x6fc4d07b, 0xd03a599b, 0x8c237505, 0x58d1e820, 0xfcd4465a, 0x37f6e613,
            0xddc00a4a, 0xbb364d5e, 0x20cabd95, 0x94b6bfa7, 0x1b18f9d2, 0x91a08a9c, 0x5f941fee, 0xe57ca335,
            0xe06a960e, 0x85f23c22, 0x463cfa81, 0xb5a2f3b7, 0x623e83aa, 0xd1077656, 0x02b01cbd, 0x6d97128e,
            0xa29ea831, 0xf12e158b, 0xc706021d, 0x6ad2e540, 0x72472fe2, 0x869cd11a, 0xe4418cf8, 0xc63b2dd0,
            0xfde96997, 0x24e1a763, 0xeefe28e7, 0x688127b5, 0x737a002f, 0x59ecc7ed, 0x92ce67a4, 0x0e7760a1,
            0x7b9666c5, 0x4bc6a950, 0x8935403e, 0x00e3de48, 0x32e0d328, 0x48a84468, 0xbd4e955d, 0xb6cc1e8f,
            0x9e091bb8, 0x6615995c, 0x2c0dc189, 0x535363f2, 0x3f1a80f9, 0x038d3370, 0xf9c27361, 0x0f4a4f6c,
            0x23a450ad, 0x87a1fed7, 0x7e8053fe, 0x80e40919, 0xaa72cedb, 0x4701d54c, 0xfaac9e59, 0x743ff7e1,
            0xd52c6ca0, 0x4217e077, 0x6303ac67, 0x0d198d99, 0x455217b9, 0x5cfaf2d6, 0xc32d18eb, 0x16e2aa03,
            0xead53211, 0x6befca8d, 0x526e4c3f, 0x432acfba, 0x385f7737, 0x7aab4908, 0xd77fae55, 0x4ed09c6b,
            0x7deebec6, 0xc468ef25, 0x909da551, 0x7129c2da, 0x7502d82c, 0x2d30ee44, 0x61506e92, 0xb2e70479,
            0x1c5d0e1c, 0xe72f61c0, 0x8e70b7f0, 0xcdb9a602, 0xba0b6293, 0x3a0cb5c2, 0xb3da2bb4, 0xf240f8b3,
            0xbe207865, 0xe3047b36, 0x14b168f6, 0x77511ad9, 0xecadea12, 0x194b3b27, 0xe6124e0d, 0xa5db5fff,
            0x503d8eca, 0x5ea93023, 0xdcfd2587, 0xc2103726, 0x8b6682cb, 0xc555c0e8, 0xced74b3a, 0xaf64fbe0,
            0x0932976f, 0x30b311dd, 0xd354b4a3, 0x0b61559a, 0x278f4a5b, 0xb189e941, 0x3c746dc1, 0x446f3874,
            0xf37dd77e, 0x81d926d4, 0x17df85ce, 0x69bc0878, 0x6ef9ffb6, 0xc992bcf4, 0xebe81ddc, 0x9c5ad94d,
            0x13f49f38, 0xdbb8d249, 0x9d67f680, 0xf756cd88, 0x35a524e6, 0xdeaee772, 0x1e0ecce9, 0xa8210c2e,
            0xcafc51cc, 0x11a75dcd, 0xa91c23e3, 0xa1f04509, 0x2826db7f, 0xe23954fb, 0xb0b4c68c, 0x9f343475,
            0xefc3072a, 0x9a22014e, 0x04c8c4be, 0x97d8529f, 0x88086ff3, 0xad373915, 0x5100a107, 0x7cd3910b,
            0x7fbd7c33, 0x9b1f2e83, 0x838ae421, 0x3b319a0f, 0x994cec76, 0x958b906a, 0xc8af9339, 0x318e3e10,
            0xa3a387fc, 0xa7889d0a, 0x2b483647, 0xcbc17e01, 0x93f34869, 0x109a7200, 0xd411436d, 0xe9bbdf29
        },
        {
            0xdd8bff79, 0xf761eca9, 0x0ae6bb21, 0x64b2bd47, 0x7c7ca958, 0xa7e246e4, 0xf49112c7, 0xf3d3d70b,
            0xa8e1136e, 0x415bfb1d, 0x0157d509, 0x8cf60f39, 0xff207cef, 0xd4343532, 0x200ca8f1, 0x8d085534,
            0x1cd5a0b9, 0xdb3760b8, 0xbf2c52fb, 0xbb9e6959, 0xb49d3cd3, 0x5ed72ace, 0xb56366de, 0xac5328cc,
            0xb221a312, 0x29b362ba, 0xc74b4f05, 0x4b14cf38, 0x8f06f157, 0x717158b1, 0x9636bf45, 0xdac93ab5,
            0x38c2bcee, 0x328d88cb, 0xe41e969e, 0x5696ba88, 0x30832ca8, 0x586bb50f, 0x6f03d36f, 0x2540c95e,
            0x1edb04da, 0x6d0d770c, 0xadad72c1, 0xca46beec, 0x9c798b60, 0xc8481a8f, 0xd376f0fe, 0xf56f48ca,
            0x9b3b4eac, 0x67424329, 0xeae39919, 0x53dadb27, 0x1a693f78, 0xba603354, 0xcf0adf43, 0xb990cd3a,
            0x3c70874c, 0xf0232965, 0x169a949c, 0x7281a6df, 0x66bc1924, 0xc0098ac9, 0x3b324280, 0xa5ece287,
            0xe0acad3c, 0xfb92474d, 0x40a5a110, 0x6efd8962, 0x89ba6e96, 0x1f255ed7, 0xa91f4963, 0x21f2f2fc,
            0xc545eb66, 0x061510c5, 0x97c8e548, 0xa2ae274b, 0x363fb369, 0x3373d2c6, 0x7b3e6c94, 0x743d391e,
            0x6bb1e8cd, 0xb76dc2bd, 0xd7c4cb5c, 0x0916454f, 0x9935eacf, 0x1d2bfab4, 0x77cdc770, 0x2d015918,
            0x2ef1a776, 0xfd2ed88c, 0x4fa6f49a, 0x502a2549, 0x7d82f355, 0x0da47eed, 0x84b79f7f, 0x11d85150,
            0x908a2084, 0x24be9353, 0x5f2970c3, 0x07eb4ac8, 0x0359716a, 0x620e2286, 0xb1d15d7c, 0xa15ed925,
            0xd63a9151, 0x600086e5, 0xd8c79ed6, 0x5a65116c, 0x51d47f44, 0x78ce92fa, 0x2f0ffd7b, 0x83f55ab3,
            0xafa3d6a2, 0x5b9b4b61, 0x7e720d3b, 0xc9b64082, 0x3f807922, 0xa0a08328, 0x13d6f533, 0xe35c5352,
            0x1b976575, 0x4e58ae97, 0x4aea9535, 0xaaefb70d, 0x35cf4d07, 0x9e772f03, 0x820b00be, 0x05e5eeab,
            0xa412b88a, 0xcef4854e, 0xe61032fd, 0x0e548083, 0x5d27d4a0, 0xe152f731, 0x2bbdc6d9, 0x91747a89,
            0xa3507d46, 0x0b18e12c, 0xeb1dc314, 0xdf855b1a, 0xd5ca6f3f, 0xe9136777, 0x22020c92, 0x3431170a,
            0xc2072eaa, 0xb02f0771, 0x23fc569f, 0x0faada8e, 0x87476111, 0xc1f7d0c4, 0x3d8edd41, 0xccfa212d,
            0x737ffcd2, 0x94381b26, 0xb86e9737, 0xc4bbb16b, 0xfede26e2, 0x0c5a24e0, 0xee51a2bb, 0x274e6d3d,
            0x708f02bc, 0x1999c116, 0x7ac03699, 0x2cff0315, 0x5768e085, 0x46193ed1, 0x61fedce8, 0xbed208f6,
            0xf99ce32e, 0x02a72b67, 0x37c1e964, 0x8005a4dd, 0x654ce74a, 0x6cf32d01, 0xefaff8b6, 0x76339d7d,
            0xd939c4db, 0x6a4fb2c0, 0xab11ed00, 0xd288aaf3, 0x8bb4caf5, 0x2a439cd4, 0x00a98f04, 0xfa6c1d40,
            0x69bf4cae, 0xcbb8e4e1, 0x9d87d16d, 0x47e764dc, 0x8844349b, 0x556644e6, 0x1228af3e, 0xb69398b0,
            0x10260b5d, 0xde7b0117, 0x86b93b1c, 0xf862b923, 0x8a4a90f8, 0xc3f974a7, 0xf1dd7368, 0x4c560af4,
            0xcd047b20, 0xd0860e90, 0xdc75a574, 0x4da850f9, 0x7f8c5736, 0x26b03730, 0xe8ed3d7a, 0x75c36313,
            0x9ac514a1, 0xd178549d, 0xe5e0cc93, 0x18679b1b, 0xfcd08281, 0xae5d8caf, 0x9f89750e, 0x684116a3,
            0x5995ef02, 0x937adeea, 0xb3dff91f, 0x149430ff, 0x156a6af2, 0x3acc188d, 0x491a6b5b, 0x08e81f42,
            0x48e43156, 0x393ce6e3, 0xe7ee68f0, 0x317d76a5, 0xbd22f698, 0x42ab0573, 0x63f0788b, 0x8ef8ab5a,
            0xa61c1ce9, 0x81fbfed0, 0x3e7e232f, 0xf69fb6a4, 0x95c6412b, 0x98cbb0c2, 0xec5f06d8, 0x5224812a,
            0x5cd98ead, 0x284d38b7, 0xf22d8d06, 0x43555f7e, 0x928484e7, 0xeda15cd5, 0x44179ab2, 0x45e9c0bf,
            0xc6b51508, 0x8549c572, 0x041bb4a6, 0xbcdcac95, 0x1764ce91, 0xe2a2095f, 0x7930c8f7, 0x54981eeb
        },
        {
            0x2fb063d4, 0x92ce0ea6, 0x8e85b865, 0x131955c6, 0x72815e1b, 0x546ae7e8, 0x6a9c76e3, 0x3f58a7d5,
            0x3e99dd78, 0x174fcbfd, 0x006f4c73, 0xbe8ffcb5, 0x7a74b2e2, 0x39519ef7, 0xabf0dc22, 0x33fbd517,
            0xf83d3436, 0xc29d3b06, 0x81b81713, 0x06667551, 0xfc6baa0d, 0x1e7b5da9, 0x7c7d8bc0, 0xce3e49c4,
            0x35f2ec35, 0x51fd037e, 0x9698909d, 0xcda09470, 0xaa31a68f, 0x3890e45a, 0xcfff3369, 0x12d82f6b,
            0xef1db3b8, 0xc4940224, 0xb67a104c, 0x323aafba, 0x734024b6, 0x23131116, 0x46dd84f0, 0x9c32db7d,
            0x9091a9bf, 0xe8d5f037, 0x711f83af, 0x31a4720e, 0xdf17f768, 0xf7009b40, 0x3acf4343, 0xe9148a9a,
            0x99a53feb, 0xe0201cce, 0x5908ef87, 0xfa62932f, 0xae6738b4, 0xf2977fd6, 0x68c3d1fa, 0xa9af7b3b,
            0xf9fc4e9b, 0x4fe912a4, 0xc9f60a4b, 0xb5e4cdf8, 0x27458f2d, 0xdb416953, 0xa4cd7354, 0xbf4e8618,
            0xac389fad, 0x1872648b, 0xb886c597, 0x94c73784, 0x1becb93f, 0xea8a572e, 0x2684f580, 0x9759ea30,
            0xded68dc5, 0x5c9f0b11, 0x8670549c, 0x45435944, 0x0f52e305, 0xd7e21b91, 0x663f0421, 0xe3bec17a,
            0xa86e0196, 0x67fe7e8c, 0xf6c1e1ed, 0xb22c8e77, 0x434a6066, 0x4115c77f, 0x80796dbe, 0x1146f2df,
            0x3d0700cc, 0x62699a1a, 0xd91ece4a, 0x1c24fab0, 0xb947bf3a, 0x251a2834, 0x3b0e39ee, 0xfff577b9,
            0x57f43a5c, 0x782b15fb, 0xf109a262, 0xa692d44d, 0xf356057b, 0x58c9952a, 0x4bbf8c9f, 0xa30530db,
            0x87b12e31, 0xbcd05bac, 0xa50c09f9, 0x55ab9d45, 0x2878205b, 0x4a7ef632, 0x9150d312, 0xdd485071,
            0x930f740b, 0x03f191c7, 0x0b047d3e, 0x2c2ebe60, 0xbb181823, 0x7dbcf16d, 0x503c79d3, 0xd3b485aa,
            0x2a278742, 0x214cb60f, 0x6902ab57, 0x76d7c020, 0x888c8147, 0x9fac06c9, 0x65a1d995, 0x8ad3265e,
            0x5f01d6a5, 0x49e02b86, 0x2e711979, 0xbad9628e, 0x168eb150, 0x8cda1f7c, 0x208dcca2, 0xd8dfb4e7,
            0x95064d29, 0x6ecae8d8, 0x5d5e71bc, 0xca68d7ff, 0x8226caa7, 0x5ec0ac08, 0x9e6d7c64, 0x34339698,
            0x4e286809, 0xa09bed6f, 0x07a70ffc, 0x366c3181, 0x2defc4cd, 0xb425b755, 0xe27fbbd7, 0xafa64219,
            0xc103e6b2, 0xa753aee0, 0xb3edf4da, 0xc83770e6, 0x5b57489e, 0x0230eb6a, 0x1fba2704, 0xfe340d14,
            0xc0c29c1f, 0x98644546, 0xe47682f5, 0xf0c8d8cf, 0xe7e85f41, 0xd02a581e, 0x15106ce4, 0xe1e16663,
            0x9df3a1d0, 0x7716ba8d, 0x53a2a467, 0xcc61eedd, 0x4db6b5bd, 0x75491d94, 0x40d4bdd2, 0x9bfa98f2,
            0x8d1b65d1, 0xdc892adc, 0x6f0b9275, 0xc35c41ab, 0x1a2dc392, 0x10878872, 0x29b95af6, 0x428b1acb,
            0x05f8a8e5, 0x74886739, 0xb7bb6ae1, 0x7fe35674, 0x0ac50793, 0x4c77cf10, 0x0ccc3eb1, 0x0439d248,
            0xc5557889, 0x8b125cf3, 0x70def902, 0x6d54356c, 0x6460a338, 0xec836e0c, 0x79ea6f56, 0xd47cc625,
            0x4821512b, 0xc70adf90, 0xd623613c, 0xd5bdbc88, 0x85ee8928, 0x095bda27, 0xcba9ad52, 0xd275ff07,
            0xbd112101, 0x6b5d0c4e, 0xfdaad0a0, 0x9a3be25f, 0x8f44c2c8, 0x2be6fdef, 0xfba3e982, 0x089aa08a,
            0x19b31e26, 0x01ae36de, 0x61f747ae, 0xb073296e, 0x5a963233, 0x7bb5c84f, 0x1de5801d, 0x306508a3,
            0x22d26bbb, 0xf55f3c59, 0xda8013fe, 0x60363d03, 0x5263deca, 0xeb4b2d83, 0x563540f1, 0xeedcc915,
            0x37ad4b2c, 0xa2c44a76, 0xadf9e500, 0xc6cba53d, 0x63a8e0b7, 0x83e7b00a, 0x0d0d441c, 0xf49e46f4,
            0x3cc67a61, 0xe5b7f858, 0xb1b253c3, 0x471cfe5d, 0xa15a97c2, 0x6c954fc1, 0xed4214a1, 0xd1eb22b3,
            0x24db5299, 0x448223e9, 0x7e222cd9, 0x0e9399a8, 0xe62925ec, 0x14d11649, 0x842ff385, 0x894dfbea
        },
        {
            0xa3ba10c5, 0xc102b6c7, 0xfc37ef06, 0x7357c89f, 0x0583963f, 0x51e8d81a, 0x58745359, 0x78b17979,
            0x59ea8834, 0x11ef6e9d, 0x41bb8705, 0xde88ff83, 0x30b49fd0, 0x19ed3eb3, 0x21791ba2, 0x6ea7bb7e,
            0x4c18abfb, 0x4660c170, 0x3c896843, 0xedfa6b74, 0xa224cba8, 0x297b4b8c, 0x39281493, 0x99540f71,
            0x66a5eb50, 0x1dd2990e, 0x4e62915e, 0x712df23a, 0xc4a3ca17, 0x2b017129, 0x9cf573a1, 0xf3eef95d,
            0x56339e6f, 0x3b522e36, 0x63049780, 0xd8cd629b, 0x28e590e1, 0xb193757f, 0x82e1e188, 0x8f42cd76,
            0xd4f09508, 0xfe4dd5a3, 0x3d17b32e, 0xf64f858d, 0xfbeca973, 0xf80848bb, 0x20e7c0cf, 0x6cdd81db,
            0x8ca62cbe, 0x2ea00df9, 0xd56e4e65, 0x4d867096, 0xdab7583e, 0x87409d58, 0x5449a4ca, 0x1071b5f0,
            0x041d4d52, 0xbbeb1ff4, 0xadfdddf3, 0x47fe1a1d, 0x98cad41c, 0x6f396013, 0x92b2be97, 0x458420b8,
            0x1fa8a3ab, 0x0c1f1d7c, 0xd32bd37d, 0x9d6ba8cc, 0xdb298353, 0x36f102c8, 0x13955438, 0x90c88432,
            0xa9c27a4e, 0x2cda375c, 0x7acb43dc, 0x3accf55b, 0x5a0e69fc, 0x81050040, 0x32cea575, 0xf7d15ee0,
            0x15d0c920, 0xa5ff8ddd, 0xc2e6570f, 0x853aa7fd, 0x968d192a, 0xe85b17a4, 0x0a5a8064, 0x60e07648,
            0x09be61ac, 0x1b970416, 0x066777f7, 0x9713c247, 0x9b2e35d4, 0x809bdb2d, 0x348b386d, 0x7ef4e461,
            0x70b32957, 0x3515e300, 0xba75c499, 0x76f6b44f, 0x5dd52f89, 0x1c4c4263, 0x9f119269, 0x8ae3b1a6,
            0x520c39d2, 0xc900e6e9, 0x6d435ab6, 0x72c913f2, 0xe9c5ccc9, 0x0ffbfcb4, 0xe5f83b5a, 0xa785b778,
            0x4bc3ed8e, 0x2a9faa44, 0xf194c3f8, 0x163428e8, 0xcb7adc4c, 0x5faf152c, 0x17aaf385, 0xaa269b86,
            0x0e6527d9, 0x2f3ed694, 0x8d38f7d3, 0x8b7d6acb, 0xec64b019, 0xf5ab6445, 0x617ead25, 0xc53d117a,
            0xc89e3d84, 0x425f66cd, 0x9e8f4904, 0x673b303d, 0xee1e8abc, 0x8edc161b, 0x40255c68, 0xea212d01,
            0x229dfa6a, 0xb7d6e867, 0xc6d9f0b2, 0x94f7238f, 0xf99693d6, 0x43c1bda0, 0xb648330a, 0x07f9ac9a,
            0xc09c6daa, 0xd68aafad, 0xf2702230, 0xbfd4b849, 0x8907506e, 0x48270c46, 0x7d1005a9, 0x91565f5f,
            0xa46156b0, 0x50760377, 0xb3e94fda, 0x6b06c7ae, 0x88998b03, 0x77686f22, 0xcf457bf1, 0x68e22666,
            0xe1c79ce7, 0x38b6cffe, 0x7c8edec4, 0x24d86772, 0x3ef352e6, 0x64dfd1f5, 0x837f3ae5, 0xa1c02a60,
            0x33507e18, 0xe059478a, 0xa05ef10d, 0xabb840eb, 0x273c86ba, 0xfa72721e, 0xb5acd2c2, 0x9ab0eeb9,
            0xae193c3b, 0xdcf2c526, 0xfda9346b, 0xcca19a39, 0x84a47c90, 0xb80ffe3c, 0x4ffc4a33, 0x697cfd0b,
            0x7b5598b1, 0xc7472bdf, 0x932c65fa, 0x629a4ced, 0x75125587, 0xe78201ff, 0xf435bf28, 0xcae40721,
            0xebbff66c, 0x55d77fa7, 0xa61b6c15, 0x5e31ce41, 0x01bc3182, 0xaf87e756, 0xdf1624ee, 0xa85ca123,
            0xe2237d2f, 0x5b90b291, 0xf00a1895, 0x1e3678c6, 0x5c4bf4e4, 0xd0cf32b5, 0x0258d04a, 0x0022eaef,
            0xbe4a6324, 0x748c8eea, 0xbc305981, 0xb27794b7, 0xb9912551, 0x441afbd5, 0x0d81c611, 0x23032107,
            0xd2b50810, 0xffd30ece, 0x86de4635, 0x0820bac1, 0x792fa214, 0xb43209af, 0x120b8f55, 0xd151e9d8,
            0xb00dae12, 0x312a44bd, 0xdd6c1e4b, 0x4a5d36e3, 0xef8051d1, 0xd953b9f6, 0xd71474c0, 0xe466e037,
            0x57ad4502, 0x144e124d, 0xc3788c62, 0x1a09df7b, 0xe3bda642, 0x1873e5de, 0x376fd9a5, 0xcd3f4154,
            0x3f6d898b, 0x0bc45b09, 0x26a25dd7, 0xe61cda92, 0x65410a98, 0x6a981cc3, 0x9569f8e2, 0x5392e2bf,
            0x03c60b27, 0x7f6a3f0c, 0x2546bc1f, 0xcedba09c, 0x49b9d72b, 0x2d44ec31, 0xac63069e, 0xbdae82ec
        },
        {
            0x9b93b132, 0x0d25381e, 0x1312d70f, 0x0931810c, 0x89aea943, 0x2db16f28, 0x4af01dfb, 0x3b98ce4b,
            0x276d4ef2, 0xa45cc45c, 0x90235da1, 0xdc4694d7, 0x18a23b9c, 0x56059d42, 0x5e1bd330, 0xd53417ec,
            0x6e70f3df, 0x07f919c4, 0x9eebc569, 0xe8390d2a, 0x8f787ff9, 0x8766318b, 0xb4a3b385, 0x20d75501,
            0x1b0c997d, 0x0a9f23ed, 0x5cd9bc98, 0x68a62565, 0x0457bb25, 0x46faea9b, 0x14a8ccfc, 0x03eda0d6,
            0x1a605434, 0xc1dfd927, 0xbb07e604, 0x4140f168, 0xb5cf7ecc, 0x7691ca74, 0xeafb6282, 0x77fd073d,
            0x670270e4, 0x0fe757b6, 0xf1b4f9c8, 0x8a000ba2, 0xa3e6dfaf, 0x2379f7e0, 0xc8ad5a1c, 0x9c29aac1,
            0x43829ec0, 0xb70d1164, 0x7fe3494f, 0x821e45d0, 0xe389e1b9, 0x5db571d1, 0x7c4debae, 0x2a0b74db,
            0xe0274358, 0xb275653f, 0xcf1741ef, 0x36fef462, 0x70471cce, 0xd8522dc5, 0xc5cb6035, 0x02816d9f,
            0xa28a12e6, 0x44388533, 0x0695d48d, 0x3792392b, 0x7e8f8406, 0x9437e4b3, 0xe2e52cf0, 0x3f8c7759,
            0x15c401b5, 0x32ea4d70, 0xeeefdb90, 0x5a0f6a22, 0xd3e2c156, 0x860afcc2, 0x166aa354, 0xa7f266bd,
            0xb319a876, 0xa69eabf4, 0x52112450, 0x85a45e23, 0xf4cc8d93, 0x3c22d5b8, 0xfb68d812, 0x73e9be2f,
            0xe55f3703, 0xf9aab7ba, 0xdd2a599e, 0xfcd2c3e1, 0x6316c9f6, 0x33868039, 0x7a9b3d14, 0x7bf7f05d,
            0x48327253, 0x5b63a76b, 0x753f6895, 0x1f18206f, 0x7d2126e7, 0xff7c6100, 0xfa04155b, 0xb1dbc7de,
            0x10bc75ee, 0x83728899, 0xc7090f9d, 0x19cef6d5, 0xa93afe75, 0x79359ff5, 0x72857366, 0x38366caa,
            0x9951de9a, 0x92e13209, 0x2b67b992, 0x402c3c21, 0x7453a5dc, 0xac428a2e, 0x4d4a0608, 0xd120aefe,
            0x8cd6dd18, 0xf60ee23b, 0x21bb9848, 0x59a1c8c3, 0x00430237, 0xae80e586, 0xfe10ac49, 0xba6b2b4d,
            0x302822d8, 0xb9c589ac, 0x1dda4fc7, 0xef8316d9, 0xa0487d4e, 0x2e1fcdc9, 0x627a04bf, 0xc4a7ad7c,
            0x3144ef91, 0xb8a944e5, 0x053b766c, 0x0bf3eea4, 0x5f771e79, 0x61d4a65e, 0xccb9e30e, 0xa856333c,
            0x3d4e18f1, 0xf0d83481, 0x983d13d3, 0x8e14b2b0, 0xbe7f925f, 0x0e8b9aff, 0x938dff40, 0xd28e0c1f,
            0x4554487a, 0xd04c63b7, 0xbdd130be, 0x1cb6828e, 0x11d0b8a7, 0xe79d58ab, 0x35505683, 0xce7b8ca6,
            0xd458daa5, 0xe433fa4a, 0x81b0e731, 0xed417971, 0x8b6cc6eb, 0xabf891dd, 0x4c26cb41, 0x22153aa9,
            0x28c91b73, 0xb661dc2d, 0xfdbe0ea8, 0xa5300915, 0x58cd058a, 0xeb97afcb, 0x785952bc, 0x9d456788,
            0xf21a5b29, 0x395aa1e3, 0x955b29fa, 0xe6f195e2, 0xe14b8e11, 0xd7f67844, 0x84c8936a, 0x012fcf7e,
            0xb0b70a97, 0xf3769660, 0x479627d2, 0xc0b3146e, 0x6dde513e, 0x6a644acd, 0x80dc2a78, 0xc665c2d4,
            0x42ee5389, 0xe955c063, 0xa124b007, 0x6b088784, 0x65c01f4c, 0xda90426d, 0x55ab3fa3, 0x4ee4a4e9,
            0x6cb29c77, 0x51bf86b1, 0x4b9cd0b2, 0xca6f35b4, 0x260183bb, 0x914f90e8, 0xdfe83636, 0xafec28cf,
            0x17066e1d, 0xd69ab50d, 0xd93ee08c, 0x3af40302, 0xbcbdfdf7, 0x495ebf1a, 0x9aff7c7b, 0x4f8869a0,
            0x712bd187, 0xcb03f8fd, 0x9f870820, 0x29a5d63a, 0x8dba1051, 0xbf135f16, 0x64acd205, 0xad2e4767,
            0xc9c19755, 0xcdd52e47, 0xde84fb7f, 0x537de919, 0x127e1a46, 0x88c2640a, 0xc2717bc6, 0x3ee0ba10,
            0xaa945c94, 0xf5a040da, 0x24c3ec13, 0x085d4c45, 0xdbfc8f24, 0x1e74ed26, 0x60b86b17, 0xf8c67af3,
            0x69cae82c, 0xc31db68f, 0x96f58b1b, 0x54c7f2ea, 0xf7622f72, 0x666ebdad, 0x5769500b, 0xec2db438,
            0x50d34bf8, 0x2f730080, 0x2cdda261, 0x25af215a, 0x343c9bca, 0x6f1c3e96, 0x97994652, 0x0c49f557
        },
        {
            0xf224279b, 0x89a6dd40, 0x93663b02, 0xa3228cc3, 0xcd810dc7, 0xc0d50747, 0x0333146f, 0x2ae1daa4,
            0xde9eb1bf, 0x77507329, 0x49165120, 0x1544f0f8, 0xd3cabb3f, 0xdf7db9ea, 0x91d3ac1f, 0x708dbcdb,
            0xe13b9be3, 0x1fcd358a, 0x9558fca5, 0xe8e4c1d9, 0x66fa584c, 0x4ecb9ed2, 0x0f8416ba, 0x1e2e3ddf,
            0x2f89824b, 0x9e323182, 0xd5f47c98, 0x1b466530, 0x0d3181a7, 0x58bc7a45, 0xec6f9163, 0x2656d871,
            0x3294abfb, 0xe7055c44, 0x864740dd, 0xaafdd6f9, 0x7952e6e1, 0x2d3c1556, 0xa9ab49b1, 0x55e870c5,
            0x5a09ed58, 0xdbf6e950, 0x25004739, 0xb03d30bb, 0x7c3abe0e, 0x27b5d024, 0xd8a07618, 0x9ab96138,
            0xf6af7721, 0xc383980f, 0x4f289687, 0xf5f9e869, 0xe0d893b6, 0xf8ade2e9, 0xddc82ef7, 0x7a0479a9,
            0x22dd88cb, 0x412a034f, 0x4714c4e8, 0x2e6a8a1e, 0x3d753666, 0x02d01c3a, 0xa4ff4331, 0x819a8f2f,
            0xf091b086, 0x0859d948, 0xe6e65411, 0xc8e95528, 0x9fd139d7, 0x1d78a297, 0x04eedb9d, 0xa84841e4,
            0x639200a3, 0x6d90956b, 0xaf958e16, 0x644fcf51, 0xe5b0cb59, 0x4d9d019a, 0xae768643, 0xc6ebc0e0,
            0x53d6b762, 0xeeda067e, 0x5c372aff, 0x7dd9b65b, 0xd17f2c22, 0xe26d04ab, 0xff702d1b, 0xb4b66001,
            0x14a7f8ad, 0x67195019, 0xf41ae03c, 0x92853357, 0x28544db9, 0x7f6c2146, 0xfc26b253, 0x12993f0a,
            0x29b745ec, 0xc1360f12, 0xbfdcad26, 0x24e34f6c, 0x48f55975, 0x30213ce6, 0xed8c9936, 0x65acc704,
            0x4ba3c63d, 0x575de7d8, 0x0e671eef, 0xb1de38ee, 0x980cf625, 0xbb57fd9c, 0x1c9baac2, 0x3aa8f994,
            0x8845d515, 0x0b0f4600, 0xbab4f5c9, 0xd6a2e3d0, 0xca5cc235, 0x832f1832, 0x68f8cd84, 0xbc8a326e,
            0xef390e2b, 0x2cdf1d03, 0x6f250276, 0xab1edeac, 0xfe93254e, 0xc260905a, 0x84f2d7c0, 0x6bae52cc,
            0x9d64aeca, 0xda15e105, 0x960e63ed, 0x35496409, 0x7e8f2913, 0xf74c7f74, 0xb80162d4, 0x691bc5d1,
            0x07b844d5, 0xdc2b26a2, 0x72382bc6, 0x17f167e5, 0xacc3115e, 0x595f7210, 0xb603f71c, 0xad20190b,
            0xd229b36a, 0xfdc5ba06, 0x40c90b1a, 0x137a375f, 0xa7a9dc79, 0x60c49feb, 0xa074138b, 0xb9e26a81,
            0xebb25e91, 0x2b02d2f1, 0x34aa6c5c, 0x94bbf4f0, 0x0cd289f2, 0x7be771fc, 0x233e809e, 0x97ed6bb8,
            0x3e23a92e, 0x540b7890, 0x45a153f5, 0x9b5a696d, 0xe453c30c, 0xe38e0cfe, 0xc45e57fd, 0x73db2393,
            0x76b37b7c, 0x8b134a5d, 0x6ec60a23, 0x11cfa042, 0x361ffb41, 0x3fc0a17b, 0x9030a44a, 0x627108f6,
            0x102ca817, 0x0aec4e55, 0xc5bd5fa8, 0x4c7e09cf, 0x56beef8d, 0x5235bf37, 0x20681fd6, 0x8e7b12b2,
            0x218b1783, 0xb288a7a6, 0x09bad11d, 0x01868372, 0xbd693a3b, 0x16126fb0, 0x75e5e434, 0xcc620592,
            0x427c9c07, 0xb5556854, 0x44425ba0, 0x9c87a69f, 0x3377a3ae, 0x8f981ae7, 0xbe3fa573, 0x8cce85af,
            0x8079877a, 0x82cc1067, 0xf172b8d3, 0x381d6e89, 0xf94eeabc, 0xd41774cd, 0xfbfb7da1, 0xa64ad42c,
            0x4a40ce68, 0xa1971bde, 0x1810fa78, 0x5dd422aa, 0xc708c8b5, 0xa51c4b64, 0x716eb48e, 0x31c234b3,
            0x87a44888, 0x78b1eeb4, 0xd9437e4d, 0x050dd3c8, 0x3b4bf1c1, 0x8d2d8dfa, 0xe907c98c, 0xced7928f,
            0x7406ec61, 0x5e82bde2, 0xb7e0ff49, 0xf3c72fce, 0x3c963e33, 0xcf349ada, 0xfa1875f4, 0x6c739d3e,
            0x612797be, 0xb36baff3, 0xc90a5d7d, 0x5163207f, 0x5080282a, 0x37fcf314, 0x439f9452, 0x99effe70,
            0x19f3f22d, 0xa2c18496, 0x6a4d5a99, 0xea5156c4, 0x00658b27, 0x8511df95, 0xd741eb85, 0x5beae50d,
            0x39fe66dc, 0xd09c2477, 0x1aa56d65, 0x8af04208, 0xcbbfca60, 0x46f7ccbd, 0x065b4c80, 0x5f61b5b7
        },
        {
            0xc3b04939, 0xb5150df2, 0xb2ddf667, 0x72f6a6b0, 0x81758faf, 0xc6d623ec, 0x039b19ee, 0x478e61ba,
            0x2ba11d4d, 0xe69ed1ff, 0x9d2f0951, 0xf3aee4e6, 0x0af1aa09, 0x085f3b49, 0xf01830f1, 0xa7edc37e,
            0x7a845000, 0x13cd4622, 0xf6c88e33, 0xfd0cac94, 0xe1562a6a, 0x22cbaeaa, 0xae877099, 0x0d39519c,
            0x4438b5ad, 0xec42b60f, 0x881f3c48, 0x09477e1e, 0x241b1068, 0x0f97c0dc, 0xd14887b5, 0x4a9afddf,
            0x2817c95a, 0xcadafade, 0x8d79569d, 0xa857ce5b, 0xa02538eb, 0x2ec77798, 0xb6a3d9e5, 0xfbdc1256,
            0xe43040bf, 0x7c54eec2, 0xad31a48e, 0xdef28a90, 0x5eb28d91, 0x56c07b21, 0x6eac204e, 0x26b58128,
            0xcd12014b, 0x3f896d03, 0x66ded6fe, 0xdd445e87, 0x82c35bb8, 0xd2fe53a2, 0x3385b431, 0xc96c2ec9,
            0x597a7604, 0x5acca213, 0x5bd4e744, 0xb0736727, 0x469624ed, 0x9445bab6, 0xc2a80c6e, 0x52be54a3,
            0x23d3ebfd, 0xa543523e, 0x83db1eef, 0x1fc19f10, 0x4c4a431d, 0x1ed9da47, 0x7d4cab95, 0x4520f0fa,
            0xbbb74580, 0x3c3fb914, 0xb16b2270, 0x18096485, 0x12d50375, 0x96eb2bf6, 0x92950474, 0xf9728316,
            0x329df166, 0xcfbc900b, 0xaf9f35ce, 0x8ecf828a, 0x76888932, 0x7fe23ad5, 0xd536a837, 0x48346c9f,
            0x40469a2f, 0x151df8e0, 0x35550af3, 0xf2b6a1b1, 0x8c6113ca, 0x8ab1ad08, 0x53a611f4, 0x61162d6b,
            0x43f04e38, 0x58623353, 0x4b82b888, 0x013588ae, 0xf10075a6, 0x1d6f0e50, 0xa28ba9ab, 0x415edf78,
            0xf86ac641, 0xbed12f55, 0x191121d2, 0xc8746b9e, 0x62a0f97c, 0x312b2571, 0x1bbfb092, 0xb7bb9cb2,
            0x73eee3e7, 0xfac45701, 0xaaf95f1b, 0x87a5316d, 0xc478b2ac, 0x8413e57a, 0x2c69e6d8, 0x9ae7f2c4,
            0x6bca4a9b, 0x57d83e76, 0x903b9534, 0x7790cc65, 0xcc0a441c, 0x5d045986, 0xeb8a4d9a, 0x74261872,
            0x107b9235, 0x3959d3c1, 0xcea4d55c, 0x647047be, 0x86bd743a, 0x4ffc970a, 0x38419696, 0xeeec274f,
            0x07e5366c, 0x1aa7f5c5, 0xa94f8b0c, 0x7efa7f82, 0x3bf74281, 0x0be9ef5e, 0x290f8c0d, 0x67c693a9,
            0xdfeacfc7, 0xcbc2bf89, 0xb919d4c0, 0x9bffb793, 0x8fd7c7dd, 0xbc7fbe15, 0x5c1c1cd1, 0xfc14e9c3,
            0x714072a7, 0x63b8bc2b, 0xd93a7105, 0x37fb9bb3, 0xb8019197, 0xe78694a8, 0xed5af358, 0xea9208cd,
            0xd7983977, 0x02835cb9, 0xabe11a4c, 0x6964dbdb, 0x3d27fc43, 0x06fd733b, 0xe52805e8, 0x510880b4,
            0x3aef07d6, 0xfeba7883, 0x705837f0, 0x753e5d25, 0xc560f7fb, 0x2d71a38f, 0xe04e6f3d, 0x806dcaf8,
            0x1163d762, 0x002dcdf9, 0x8ba9e85f, 0x4ee4d25d, 0x7b9c1557, 0xda8ca512, 0xa6f58629, 0x6ad20fcc,
            0xe83c998d, 0xc0069d2e, 0x2ab9581a, 0x0e8f858b, 0x9123d063, 0x782ac140, 0xd3e616f5, 0x600e683c,
            0x9f819811, 0xbfc96a02, 0x9c374c06, 0x656802e9, 0x687c9e8c, 0x17b369a0, 0x546eea61, 0xe924dcda,
            0xeff46218, 0x79328417, 0x1c774b07, 0xbaaf00d7, 0xf4661f73, 0xbd67fb42, 0x0453e27b, 0xb40d48a5,
            0x36e3dee4, 0xc11ed879, 0xa393ecfc, 0xb3c5b330, 0x3e912854, 0x5faac8c6, 0x16ab2cf7, 0x27adc47f,
            0x30336026, 0x9e99dd46, 0xd050c2e2, 0xffa23dd4, 0x6fb46519, 0x97f36ea1, 0x5576af36, 0xa45b1769,
            0x2fdf32cf, 0x4d52064a, 0x850ba02d, 0xc7ce66bb, 0xdc5c1bd0, 0x42e80b6f, 0x2503553f, 0xf57e5a24,
            0x955dffe1, 0x0c2114cb, 0x20653fea, 0x6c02b10e, 0x8907791f, 0x5010c5e3, 0x6d1af459, 0xd6807c20,
            0x995126d3, 0xe2e0fe7d, 0x054ba72c, 0xe3f8bb2a, 0x1405bdb7, 0x492c29c8, 0xd42eed60, 0x217d7abd,
            0xa13d7dbc, 0x344d4fa4, 0xf7d0cb64, 0x98496384, 0xac29e1d9, 0xdb94e045, 0xd8223452, 0x938d4123
        },
        {
            0x2e9ab7a4, 0xb016dce5, 0x909918d8, 0xcc1bd42b, 0x8b282955, 0x36a112d6, 0x32d5fcbe, 0x5a0a357d,
            0xf846d11b, 0x39c2e256, 0x8d4487f5, 0xba93163a, 0x9767624f, 0xd4207159, 0x46457e67, 0x8653991d,
            0xd8c91526, 0x1cab1c34, 0x6bb10a12, 0xadcb43c8, 0xcd89001c, 0xbcffb89a, 0x957f2287, 0x17bc02dc,
            0x2aee59cc, 0xbf752c65, 0x0d9fe766, 0x6a23de25, 0x352b8629, 0xeb6a6a81, 0x1042784b, 0x5b98e14a,
            0x64d2fa92, 0xdb4381d9, 0xdcbdfb4e, 0x4f4a2047, 0x72187b57, 0xed06c421, 0xf4afb564, 0x8f5cc73d,
            0x60a614fa, 0x67586e6d, 0x3fae4cf6, 0x9c707ca7, 0x09eb090e, 0xb7e8a672, 0x69a94ada, 0x036ec3d1,
            0x62be5432, 0xeaf8beb6, 0x194d266b, 0x5e7edb15, 0x6ddda4b2, 0x7ef11f28, 0xfbcc45e4, 0x83b5a342,
            0x7ce95fe0, 0x00e4572e, 0x49268ee7, 0xa12227b7, 0x5c669bdd, 0xf351cff3, 0x4029d0c7, 0x34b9521e,
            0xc0f2b054, 0x6c4f7085, 0x162ed6eb, 0x206b9313, 0x82277775, 0xb18408d2, 0x96f5b678, 0x1b5566a3,
            0x47d7aa50, 0x4231900f, 0x30cdbc76, 0xe611dac9, 0x803f37bd, 0x18dff25c, 0x844bd9d5, 0xafd30300,
            0x8cd653c2, 0xc1606463, 0xe4099a01, 0x071a2db9, 0x41bb04f0, 0xb20e9c2d, 0xbd6d6cad, 0x48b45ad0,
            0xec941016, 0xce0394e3, 0x75e601c0, 0xe26534a1, 0x2964cd33, 0x2273d3db, 0xa2a8b348, 0xee8c50de,
            0xf725219b, 0x445d3eaf, 0xb462328d, 0xd1c64b06, 0x0f87a7ae, 0xa74e8917, 0x33472889, 0x9a1cd207,
            0xa33a677f, 0x738aaf60, 0xa556c9df, 0x1d39c803, 0x54fb11ca, 0x4cc0b4b8, 0x77fe4108, 0x0e157399,
            0xa6dc5d20, 0x683b9eed, 0x0a619df1, 0x9b8e0630, 0xa0b0f380, 0x11d0ac7c, 0x4d52608f, 0x0879dd39,
            0x1eb35cfc, 0x21f94724, 0x5980a182, 0x53056b5d, 0x2b7c8dfb, 0x125a3883, 0x0688f98e, 0x92815810,
            0xbee7f852, 0x1ac7b294, 0x26073db3, 0x38503661, 0xffb8ab8c, 0xf2c31bc4, 0x3c24d809, 0x7d7b8bd7,
            0x87c14d2a, 0x5569c5fd, 0x66caba5a, 0x14369623, 0xb5f0e6ba, 0x910bccef, 0xfda0eb44, 0x1f2188cb,
            0xe7830efe, 0xe9722a49, 0x790f65bf, 0x980492cf, 0xf6b7f5ac, 0x81ade38a, 0xc2eaf09c, 0x4ed8f470,
            0x6134c0cd, 0x3733c6e1, 0x4b3ece2f, 0x2d10235b, 0x6fc5e47a, 0x8930699d, 0xd95bc111, 0x9e683c6f,
            0x241f7d7b, 0xdf376fb1, 0x13c8ecb4, 0x94edf6b0, 0x2c82f76c, 0x258da94c, 0x632c8005, 0x3e3c98c1,
            0xd24cdff9, 0xb67a7245, 0xbb01c20d, 0x6e57304d, 0xe8e0fe7e, 0xdad155ee, 0xc69e1ef4, 0xc5148a0b,
            0x4aac1a18, 0x0c0d3351, 0xc70ccac3, 0xef1e84e9, 0x02fc17e6, 0x5df44fea, 0x7192efa8, 0xd7aae5a6,
            0x15a44214, 0x766c953f, 0x43a34438, 0x5297bf6a, 0xfe2a7fbb, 0x93138c27, 0xa9bfada0, 0x8ece130a,
            0xd3de0bce, 0x0bf349c6, 0x70003b9f, 0x7f63cb1f, 0x5fec0f22, 0xa82d7997, 0xb88b56f2, 0xd6383191,
            0xa4c41de8, 0x7b172577, 0xfa5e91d3, 0xe07d7469, 0xc9fdee74, 0xe59b4e36, 0x23e107ec, 0x789db188,
            0x05026d71, 0x3bdaa29e, 0xac5997ff, 0xaa35395f, 0xd0549f31, 0xb91982c5, 0x2f086393, 0x3db60c3e,
            0xfc323f73, 0x65402ea5, 0x9ffae858, 0x57718535, 0x581275b5, 0xca777a8b, 0xb39c481a, 0x999646f8,
            0xe1efa05e, 0x7a85f140, 0xf9d4052c, 0x45cfea98, 0xc4865e3c, 0x8abafd62, 0x28f61904, 0xaba7ed68,
            0xf53d6153, 0xd5b2a56e, 0xdd2f2f79, 0x88a2bdaa, 0xf1498f3b, 0x508fffa2, 0x56e35102, 0xae41d737,
            0x3a4876a9, 0xe3f7e096, 0x85d90de2, 0xf0db5b0c, 0xc37824ab, 0x9de2a890, 0xcf9140d4, 0x7474d5f7,
            0x315f6841, 0x0490b946, 0x2795e984, 0x511d2b95, 0x01768319, 0xcbe5aebc, 0xc86f3a43, 0xdea5bb86
        },
        {
            0xa604db7f, 0x820f6fb8, 0x98e2363e, 0x07247bc0, 0x6d6e4044, 0xe144a4f3, 0x5bf4f3b9, 0x30c3664e,
            0xe938fa4f, 0xaa8c2173, 0xb6107965, 0x8e8795b4, 0xebbd5f6f, 0x22526174, 0x5cf85c5a, 0x103c7639,
            0x96ef6912, 0x4a9dffd0, 0x3246c36e, 0xdfa249b2, 0x921bcda2, 0x6b1f41d4, 0x0bac81cc, 0x65121ef8,
            0x5d85f229, 0x7fff477e, 0xf2a80dba, 0x45ed0e8f, 0xe845543c, 0x808aca98, 0x9b1a3d6d, 0xdedfe7c1,
            0x708fb621, 0x461505dc, 0xe0390a80, 0x13c47d6a, 0x31bec83d, 0xe5b00043, 0xf65ca90a, 0x4d915033,
            0xca3fe16b, 0x7e82e90d, 0x9e9337ae, 0xbe6c27d9, 0x4064044c, 0xfe20f7b6, 0x0ad12fbf, 0x2d22902b,
            0x04dc7093, 0x0f58257c, 0x18402885, 0xd0d2b8ed, 0x1cb48c35, 0x4be051a3, 0xcecb45db, 0x28ab9ae8,
            0xd7de170e, 0x646fb08b, 0x798e46ee, 0xfca55296, 0xdb56ed02, 0x6a62efa7, 0x7c074c2d, 0xf15006e9,
            0x27db6bb7, 0xfad45306, 0xa9742a20, 0xf92c5855, 0xfdd8fce5, 0xd55bb22e, 0x778319c2, 0x68e74a87,
            0xb2e4ddd5, 0x8786657b, 0x193d86f6, 0xdc5a42e1, 0x52f50376, 0xc7cab514, 0x847e6e28, 0xe2bcafa0,
            0x1141d84a, 0x86fbcb08, 0x2eda9b78, 0x7d7ae25e, 0x7506bce2, 0xd9d34822, 0x66ea15ab, 0xff5d59c5,
            0xcc4ee0fb, 0x02ad7103, 0xba988369, 0xd8aee651, 0xb76dd716, 0xc0c61af7, 0x4119aa3f, 0xa5fcd02c,
            0x3ece3962, 0x232fcf07, 0xeac0f11c, 0xa4817e5f, 0xc243bfd7, 0xa2f07fcf, 0xc6b71b67, 0x2fa7350b,
            0xa108749c, 0x78f3e89d, 0xe4cdae30, 0x946acc32, 0x5f005709, 0x2c5f3e58, 0xb5e87236, 0xa075daef,
            0xe735a563, 0xb11cd686, 0xb495dc45, 0x9d6b3cfd, 0xd6a3b97d, 0x38bf38f2, 0x37cfc9ad, 0x0ddd805c,
            0xabf18f00, 0x510d0825, 0x720a1301, 0x3b4733a1, 0xc1bbb484, 0x29d6349b, 0x2a2e3fc8, 0x0028d423,
            0xd2571dcd, 0x88f69424, 0x1f4c8766, 0x439c0f1f, 0x6e964b17, 0x699ae4f4, 0xc432be47, 0x08548a9f,
            0x1ac58da5, 0x8a733104, 0x609b143b, 0xe3c101d3, 0x01557a50, 0x8b0e9f77, 0xb39973a6, 0x333b6d1d,
            0x14c8d289, 0x164d77a9, 0xfba9fd75, 0x5388ad05, 0xbce982f9, 0x4e695b60, 0x3fb39711, 0x3c4b9c42,
            0x999f984d, 0x1bb823d6, 0x8372c1cb, 0xcb424f18, 0x5601a7c6, 0x548402e6, 0xa8098453, 0x20d7c454,
            0x61e6ba48, 0x81f764eb, 0xcd334e88, 0x8d7f9ee7, 0xa779750c, 0x1dc92246, 0x42e1a16c, 0x7b0be3ce,
            0x898b3a57, 0x5a895dca, 0x9c16928e, 0x4cecfe40, 0x580cf8ea, 0x03d0df70, 0xaf052bb0, 0xedcc5eff,
            0x5070a656, 0xae7885c3, 0xa38dd1bc, 0xf7210779, 0x0ca02e2f, 0xf4d90c2a, 0x91e3c6f1, 0x4768abaf,
            0x0659d5b3, 0x354a6c8d, 0x242360e4, 0x8503c05b, 0xb06178f5, 0x26a6c5c4, 0xd4261c5d, 0xb960883a,
            0x4965f483, 0xbf1189aa, 0xf5a4a259, 0x7a764dbd, 0xe6480b10, 0x48185af0, 0x71f21852, 0xc33e11a4,
            0xbbe52d1a, 0x3a3a9dd2, 0x909e6882, 0x6c13ee37, 0x12b9d319, 0x1730d9da, 0x621eb11b, 0x6febe564,
            0x15b57cfa, 0x5e7df97a, 0x3437c2fe, 0xef49fbdf, 0x577c09b5, 0x05a1dee0, 0xecb1f08c, 0xf851f626,
            0x9792c761, 0xb81d2649, 0x092924ec, 0xd32ab3be, 0xc54f1034, 0xacfd20e3, 0xad808e90, 0x36b267de,
            0x8ffa3bc7, 0x747b1291, 0x39c29681, 0x4490a0fc, 0xf02da89a, 0x936663d1, 0x255ece97, 0xee3455ac,
            0x55f9ac95, 0x9a67931e, 0xda2b4371, 0x95176241, 0xcfb6eba8, 0x76feb7b1, 0xdd27ec92, 0x59715699,
            0x7377bd72, 0x2b5391bb, 0xf3d5a3c9, 0xc8ba444b, 0x1e312915, 0xbd942c8a, 0x0e258b0f, 0x4f14f513,
            0x6797bbd8, 0xd1af169e, 0x9fee99dd, 0x8c023094, 0xc9c7ea38, 0x63631f68, 0x3d363231, 0x21aa6a27
        },
        {
            0xc3fd7523, 0xa46df5b5, 0x0820335f, 0x70dcaa1b, 0xfb10fb54, 0x6bf05cc0, 0x80857929, 0xd1f37df6,
            0x290ec2a7, 0x54342687, 0xebf17ad5, 0xe1ba9fe2, 0x05422258, 0x3f40257b, 0x2a67d99e, 0x463a2e52,
            0x288850ca, 0xa1ab88d1, 0x83ec6210, 0x8f08e17a, 0x22c3b5fd, 0xf0dd8c0e, 0x8e8e7317, 0xa704ee8c,
            0x026bd668, 0x0de64e3b, 0x3b00ca72, 0xce9f6424, 0x84c59620, 0x1e6ed483, 0xbec79103, 0x1a2e3b8a,
            0x58d0a5ed, 0xe47ce286, 0xa6827ce1, 0x9e6ff296, 0x8de7682e, 0xcb591940, 0x7a974f2c, 0x47bcbc3f,
            0xd6da89c6, 0x9fe960fb, 0x25ea41cd, 0x4df75908, 0x00845f3c, 0x04c4b035, 0x529b40da, 0x9d06e9af,
            0xa5eb67d8, 0x603d2b9a, 0x49b7b601, 0x98c094cb, 0xfdbf9d09, 0x0e8f5502, 0xdff877c8, 0x8543044d,
            0x8c61fa43, 0x18c1b2de, 0x942417a1, 0x194720b3, 0x11e34cd0, 0xf49d6307, 0xaa66ff8b, 0x55b2b4ea,
            0xc8300279, 0x91e26ac5, 0xb48c7434, 0xf3b49737, 0xda3e0aac, 0x8821154a, 0x79fe5415, 0xa02d1abc,
            0x862a1f74, 0x691fd594, 0x1d07cfba, 0xc112fc77, 0xe2d384db, 0xd29a66cf, 0x65fb56fe, 0xad4f0bbb,
            0x2d4e2dae, 0x09a6a132, 0xb7e56f0d, 0xecd88ee5, 0x26835af4, 0xc27be74e, 0x4553356b, 0xf232055a,
            0x4113da62, 0xfc390f64, 0x5a3f2cb9, 0x4f18d05c, 0x9c807bc2, 0x5ff951dd, 0x3222347c, 0x7233234f,
            0x51f25be3, 0xb2231269, 0xb50ae659, 0x23452790, 0x826af07d, 0x1ba8a9e7, 0xc4d48113, 0x8b480e73,
            0x96cb9ef5, 0xf9ff7200, 0x03ed4405, 0x4095480f, 0xd5b392ff, 0xb663fd60, 0x246cd3a0, 0x39ef4326,
            0x87ac8d19, 0x6e3621a4, 0x9ba98ff2, 0xefb195dc, 0x7b11dd41, 0xea77e8b8, 0x15a3a3d9, 0x174c2a8d,
            0xa2c293e8, 0x142531b4, 0xbb01ec67, 0xb3a58004, 0xe5fa70eb, 0xdc916cf1, 0xf15b1e63, 0x4e9e4231,
            0x59563780, 0xfed68630, 0x73b5b122, 0x531dd2b7, 0x66924dc7, 0x6d5f3a9d, 0xc9b69014, 0xa90fe4b2,
            0x95a285cc, 0x5e7fc3b0, 0x9a2f1d9f, 0xcadf8b2d, 0x974d0c98, 0x56dbafd3, 0xf879e06d, 0xb9ee6533,
            0xff50145d, 0x749c4512, 0x715a3876, 0xe91ef381, 0x7f513248, 0x0102cd51, 0xe35516b6, 0xbf41036e,
            0xe89861ec, 0x6fb0b3c9, 0x21aaaec4, 0x994606a6, 0xa88976df, 0x348d5221, 0x202c3ca9, 0x5074c98e,
            0x2e273697, 0x37e44918, 0xabe06de6, 0x3c293e42, 0x0c60dc56, 0x89a78727, 0xf672ea53, 0xc7bd9a2a,
            0x7878c678, 0xacc999d6, 0xe715f9bf, 0xafa082ef, 0x647dc493, 0x7673cc46, 0x43fc5336, 0xa3440185,
            0x3dafac2f, 0x1fe846ee, 0x4b583f55, 0x5bb9bed4, 0xba877e0a, 0x61bbb9f7, 0xee3707b1, 0x44d5a706,
            0x6cd9a8f0, 0x130cc584, 0x4831246c, 0xfa966939, 0xae261082, 0x1065debd, 0x128a57e9, 0x77f55e2b,
            0xb14a0950, 0x5d16d889, 0x07adab0c, 0xe03c0d8f, 0xcdf67f1d, 0xbc281857, 0xb0cc9b3d, 0xf51bf16a,
            0x6714dfaa, 0xcf19f649, 0x3869d14b, 0xde7ee5a5, 0x1c815dd7, 0x8103eb44, 0x0b492866, 0x6a76cead,
            0xd8d183f8, 0xcc70ed70, 0x350bc04c, 0x16cab8e0, 0xc0946e1a, 0x3a86581f, 0x8ace9c1e, 0x62d2a2ce,
            0x7c382971, 0xc63b0847, 0xbdae8a3a, 0xd4350092, 0x689947f9, 0x9064f8a8, 0x3ec6b716, 0xe6936bd2,
            0x2fa1a4fa, 0xd75c1bab, 0x5c904ae4, 0x3662db75, 0xd075ef9b, 0x062b3961, 0xdd17fe9c, 0xdbb898c1,
            0x427ac15b, 0xd9571195, 0x33a4a611, 0x0f09c76f, 0x635430a3, 0xed5e1c88, 0xb868f75e, 0x930de391,
            0x575d3dbe, 0xc552137e, 0x928b71fc, 0x4c71cb65, 0x7ed7a025, 0x30cdbd28, 0x2705c899, 0xd31cf4a2,
            0x314b2f45, 0x4adead38, 0x0acfba0b, 0x2cc8bfc3, 0x2be14bf3, 0x7dbebb1c, 0x751ad77f, 0xf7f4783e
        }
    },
    {
        {
            0x36e9b2f0, 0xacb20a88, 0x9a618044, 0xfca2f9d6, 0x4da1596d, 0x12e2960d, 0xb445e059, 0xe0cc5cd7,
            0xd7fae115, 0x0a157cdc, 0x0e8c330c, 0x14ed9149, 0x054640e2, 0x81e5150f, 0xe25a1443, 0x54b384b2,
            0x904ec4a4, 0xa20401b8, 0x860f2545, 0xcc7e745e, 0x6d333240, 0x6b3c3504, 0x6fa57ad4, 0x2a8717f1,
            0xdbdaa2b1, 0xe1296bd9, 0x30e6b5b4, 0x9ef8cf94, 0x9d8bb00e, 0xd010d15f, 0xe7266c9d, 0x3270fd20,
            0x671c76a0, 0x04a377ec, 0xb5a0d757, 0x715d9741, 0x385fb9c0, 0x3ac9f154, 0xa092492c, 0x39ba8ece,
            0x3d23c11e, 0x6e404dda, 0x0c1a7b98, 0xbd19db23, 0x5893c716, 0x69aa7d90, 0x29f4686b, 0xd61fd61b,
            0x1a5b9a79, 0x7421ef9f, 0xa7787966, 0x310382ba, 0xb865a3fd, 0x02ac70a8, 0xdea6da6f, 0xf5fec2ac,
            0x60f646ea, 0xdf43ed61, 0xa82b4558, 0x933dbb3e, 0x9c6e8700, 0x3395ca2e, 0x28115f65, 0xc2c87f6e,
            0x1bbead77, 0xf7688a38, 0x23db2c8b, 0xda3f95bf, 0xc7b407b0, 0xd363aec5, 0x4c446e63, 0x5be0b88c,
            0x1074de99, 0x25d42bcf, 0x80002201, 0x48dd21b3, 0xc5224f24, 0x611371e4, 0x83735d9b, 0x658a3e34,
            0x857c5adf, 0x3e50be84, 0xfb48c99c, 0x5e9cc052, 0x8eb62931, 0x1db1aa33, 0x1307a103, 0x4317525d,
            0x2c8810b5, 0x63853970, 0xe99067ad, 0xca71731a, 0xed09287d, 0x91abf3aa, 0x84996dd1, 0x75c4d891,
            0xfaadfe92, 0xe5b02409, 0xeae31837, 0x24311cc1, 0x0f690402, 0x97a4f4ee, 0xd8a9dd2b, 0xfd47ced8,
            0x4f3711f9, 0x347ffa64, 0xee7a57e7, 0x70b8a04f, 0x40642dc7, 0xab583ac2, 0x003a383c, 0x2742635b,
            0xcb944414, 0xbe6aa4b9, 0xe3bf234d, 0xecec1f73, 0x8c2061a5, 0x9532bc7a, 0x214d641f, 0x98f7c8d0,
            0xb24ae71d, 0x502acb62, 0x18cdd2ed, 0x8a2f66e1, 0xf082ba72, 0x9f1df89a, 0x8dc556ab, 0x1928e5e3,
            0x7d7dd4e5, 0x5c0a88c6, 0x684f4a9e, 0xc8e73b8e, 0xa5ee31f2, 0xa69d4e68, 0x3b2cc65a, 0x5359b4f8,
            0x73cbdfd5, 0xad573d86, 0xb7369fc3, 0x42f26553, 0xbb16dc67, 0xc4c7782a, 0xa1777e22, 0xef9f60e9,
            0x4bae5e29, 0x9912ffde, 0xf83bb606, 0xa3e136b6, 0x722ee8db, 0x2ffb6f2f, 0xf68dbd36, 0xfe34b142,
            0xc05e37fa, 0xbaf3eb69, 0xd4899e8f, 0x57c0fb28, 0x5defbfc8, 0x07d00876, 0xa9ce7256, 0xbcfcec2d,
            0x493816bd, 0x82966a95, 0x3fb5898a, 0xcd9b4350, 0x8f531e3f, 0x62600e7e, 0x2b6220ff, 0x167bd9dd,
            0x1ec2d5a9, 0x466b2a83, 0x41811ac9, 0x0dff4c96, 0x87ea124b, 0xf3f1c5e8, 0x44fd6217, 0xc1bb00f4,
            0xb1399887, 0x45185519, 0x77529005, 0xafc17512, 0x01df0f32, 0x8bca51ef, 0xb0dcaf89, 0x1c549d3d,
            0xaabd0dcc, 0xdc3092fb, 0x646f093a, 0x7c98e3eb, 0x5a058f82, 0x5f79f75c, 0x52bc83f6, 0xe6c35b93,
            0xf9de8108, 0xe4551307, 0xc9020c80, 0x26a75455, 0x5625cc26, 0x179eeed3, 0xf41bf5a2, 0xc32d4860,
            0x06353f78, 0xc65130be, 0x88b92e75, 0x1f27e2a7, 0x478e1d8d, 0x94d78b74, 0x79e49b35, 0xb6d3a8cd,
            0x1508a647, 0x034947a6, 0xb3afd013, 0xbf8f93b7, 0xeb062f39, 0x223e1b85, 0x0bf04bd2, 0x1191e997,
            0xa40b06fc, 0xd56ca981, 0xae24421c, 0xffd1864c, 0x7e0eab7f, 0x370c85fe, 0xcee83cca, 0x08833448,
            0xddd5a5f5, 0x3cc6f610, 0xb98094f3, 0x4ed226f7, 0x66f941ae, 0x2d6d27bb, 0x2e1e5821, 0xf214f2e6,
            0x7801ac3b, 0x9641c3e0, 0xcf0d0bc4, 0xd1f5e651, 0x20a85311, 0xf1678d7c, 0x5976f018, 0x76b7a70b,
            0x895c197b, 0x4a4b6927, 0x7feb9c71, 0x51cffc6c, 0x92d88c30, 0x9b84b74a, 0x5556b3bc, 0xe87550a3,
            0xd94cea25, 0x6ad9020a, 0x7a97e4af, 0x7b72d3a1, 0x09660346, 0x6cd6054e, 0xd28699cb, 0x359acd6a
        },
        {
            0x2f7c57a5, 0x32d632a4, 0xfb1e2a18, 0x91e9b307, 0x85a6829e, 0x25960d59, 0xd9f5ece8, 0x12c251b0,
            0x702037b7, 0x6f75f752, 0x8ebc73e2, 0x6760084a, 0xbdb8090e, 0x8b1cfe67, 0x47746b5e, 0x8f4cd862,
            0x69da74b3, 0x1332fa30, 0x777f1fd6, 0xd2ef1d94, 0xcdbadd71, 0x01d24848, 0x5f7e83da, 0xf1f470e4,
            0xdb0a490c, 0xd1e013f0, 0xa31d626b, 0x1c782d49, 0x89e35b83, 0x80060f1b, 0x0d979155, 0x1ad7aea8,
            0x5594d926, 0x22c92538, 0xa1e2c78f, 0xceb5d315, 0xc9eafb74, 0x576b7cc2, 0x8813f003, 0x0c673ad5,
            0x659fadae, 0x4b31b243, 0x2adcda20, 0xa8079317, 0x8c43d606, 0x5d81263e, 0x0ac8b934, 0xdf5a6f09,
            0x2769a8bd, 0x3e93ebb9, 0x3c6c4e5d, 0xdafae28c, 0x09c7b750, 0x2b2c71a0, 0x6ad57ad7, 0xb00d7b93,
            0x5b2ea5df, 0x980ce79f, 0xbc48a28e, 0x42d4e6db, 0x1762dc35, 0x4684c0de, 0xb818848b, 0x19d8a0cc,
            0x7c65eeaa, 0x05826e4d, 0xb6a2f872, 0x02dd462c, 0xe80e33e0, 0xcf457895, 0x23398eb8, 0xfdb1a9f9,
            0xd010b870, 0xe314c29c, 0xab089d73, 0xe5bb417d, 0xfc410279, 0x5e8e285a, 0x5ade0e5f, 0x732f39d3,
            0x7f6ae0ce, 0x7835c8af, 0xc00fafec, 0x646f062e, 0xac57b512, 0x21c62b5c, 0xdeaac489, 0x8309017f,
            0x2699033d, 0x4f619446, 0x4ac119c3, 0xa2edc9eb, 0x41dbe8bf, 0x7b3ac6cb, 0xaaf836f3, 0x6d8a52b6,
            0xbeb7076a, 0x11cd5fd4, 0x94493e82, 0xbf47acea, 0xe2e4691c, 0x974630e6, 0x9b03e9fb, 0xaea810f6,
            0xc81a50f4, 0x402b433f, 0x5c718dbe, 0xd74f9011, 0xdc55616d, 0xd8054768, 0xb2f2de77, 0xe744e499,
            0xaf58bb76, 0x62c085cf, 0x95b99502, 0x0472c5cd, 0x18280b4c, 0x9f53cffe, 0x6e855cd2, 0x768fb456,
            0xf75bf305, 0xd4409e75, 0x931616e3, 0xc45f89e9, 0x4c6e9a22, 0x032dedac, 0xb75253f2, 0x86a98cfa,
            0x59d1003b, 0xbb178aef, 0x546472a6, 0xe9fe9860, 0x2466a6d9, 0x603f202b, 0x7e9a4b4e, 0x92e6bd63,
            0x71d09c37, 0xada71e92, 0xe44beafd, 0xfaee8198, 0x8759277a, 0xf9e18ffc, 0x569bd742, 0xb30275f7,
            0x96b69b66, 0x49ce17a7, 0xf30bd500, 0x35891ac5, 0xeea1b001, 0x52cbf147, 0x2e8cfc25, 0x72df9253,
            0x9dac6a1a, 0xec5e15e5, 0x8456291e, 0x1f77232d, 0x368614a1, 0xf6ab5885, 0x81f6a49b, 0xc300a188,
            0x383c6858, 0x61cf8bab, 0xc750878d, 0x6c7af936, 0xb45d5d96, 0xf2fb7e80, 0x3d9ce5dd, 0x2d83f241,
            0xdda5caed, 0x2c7359c1, 0x068d6029, 0x7d95452a, 0xd31fb614, 0x90191887, 0x5821abbb, 0x0022e3c8,
            0x6b25d157, 0x4d9e31a2, 0x203680dc, 0x33269924, 0x1d8886c9, 0xa6bdefee, 0xe01bccf8, 0x0b3812b4,
            0xedaebe65, 0x447b653a, 0xf5a456e1, 0xcae5f510, 0x8db37d86, 0x9c5cc19a, 0xb5adf616, 0xeb013d84,
            0x29d3d444, 0x8aec55e7, 0x533b5ac7, 0xb1fdd013, 0xa9f73897, 0x1b270528, 0x3ac3cdbc, 0xc5af2269,
            0xe6b44f19, 0x30299740, 0x3f634039, 0x43244d5b, 0xef511b81, 0xf454fd61, 0xfebea79d, 0x99fc4c1f,
            0x51c4ff23, 0x103df454, 0x169277b5, 0xf811247c, 0xf004db64, 0xd5b035f5, 0xc6a02c0d, 0x3479b145,
            0x682adf33, 0x08371cd0, 0x31d93cc0, 0xcc4a76f1, 0xff4e0c1d, 0x0f6834b1, 0x6690a3ca, 0xc1ff046c,
            0x483ebc27, 0xa5b2e18a, 0x159d79d1, 0x146dd251, 0x7580ba32, 0xbae7216f, 0x7aca6d4b, 0xa74d446e,
            0x3b33663c, 0x3776bf21, 0x077dcba9, 0x747011b2, 0x0e989f31, 0x9af3427b, 0x82f9aaff, 0xd6bf3b91,
            0x39ccc3d8, 0xc2f00a08, 0xeaf19604, 0xcb155e90, 0x1e8788ad, 0xa0126c0f, 0x503454a3, 0x9ea3647e,
            0x79c5632f, 0xe1eb6778, 0xa4424a0a, 0x28237fc4, 0x4e913fc6, 0x63302e4f, 0xb9e82f0b, 0x458bceba
        },
        {
            0x36cae74b, 0x9f421a91, 0x58004fa0, 0xb37be580, 0x4899a3f2, 0x38eafd1e, 0xf2ffc09a, 0x774ec251,
            0x57ed802d, 0x5f1fefb9, 0xe5798cd1, 0x86e44c8f, 0x5abae898, 0x7fbcadc5, 0xd0e625de, 0xa9aac17e,
            0xe0dc8bf0, 0x091d86e8, 0x279edec1, 0x214cab00, 0x9b2ac868, 0xf97addee, 0xce5fd3d9, 0x2dd6166d,
            0xd391573e, 0x1e9bcaa3, 0x26530b19, 0x7d060afd, 0x97b07505, 0xa4fda9cb, 0x6a8046b6, 0x5b773d40,
            0x3ff55d07, 0xbd5bffd5, 0xdaaeed72, 0xb1c142b8, 0xb9332d2c, 0x62722922, 0x02989b9c, 0xd7f985c7,
            0xca370120, 0x7bd47f3c, 0xbe2c8d35, 0xf04567a2, 0x513ff5ec, 0x89098302, 0xc88da618, 0x044aee5d,
            0xe7c32be9, 0x549af2cd, 0x44031e9f, 0x13cca216, 0x0d755411, 0x252479f9, 0x47746c7f, 0x72ebc570,
            0x0a6af408, 0xe60efe31, 0x950ad23d, 0x6f254197, 0x1c216d9b, 0xd9d99f92, 0xf6971263, 0xfcdfdacf,
            0xc07fc98c, 0x34704073, 0xa0957b32, 0x3018928a, 0x45cecb47, 0x6c523377, 0x94c707e5, 0x76831789,
            0x59cd9a78, 0xcd28a139, 0xdf0bea53, 0x5c689d59, 0x4beed112, 0x17a470ef, 0x661afbdb, 0xba445fcc,
            0x4e4bd633, 0xd12bf006, 0xcbfad4f8, 0x01efe97c, 0xf5e06083, 0x8d6151fb, 0xb4644599, 0x4954762a,
            0x073d9cbd, 0x3b9d8ffe, 0xeb599684, 0x2f6cb155, 0x85933e6f, 0x6b4d936e, 0xc7606995, 0x31d54752,
            0x23f60c38, 0x8fdbf6c3, 0x4f8603eb, 0x1176052e, 0x8cac8423, 0xd634501f, 0xddb14d6b, 0xbc962a0d,
            0x81fbec96, 0xd48ef727, 0xcce574e1, 0x1669a537, 0xb2b63058, 0x99906f50, 0x4cf1710b, 0xef31447d,
            0x8bb3243a, 0xd25c82e6, 0xab106646, 0x3c822fe7, 0x719cb790, 0x0cb881c9, 0xd8144a4a, 0xb5a99041,
            0x828c9e76, 0x7e71781d, 0x1849bf62, 0x20817ed8, 0xa5307c13, 0x83414bae, 0xaf78b4bf, 0xa158aeea,
            0x3a505a26, 0xc308bb6c, 0x223bd9e0, 0x37073293, 0xed8be345, 0xfd120f17, 0xdec63f8b, 0x336fe06a,
            0xaaddb39e, 0xc1b21c54, 0x9df8bda9, 0xcf920601, 0x60c88e1a, 0x90afd51c, 0x0ba721d0, 0xadc21387,
            0xf188b27a, 0x75f46569, 0x00223ca4, 0x42d16b5e, 0xea94435c, 0x70516248, 0x2ac9b674, 0x151ed7d7,
            0xd54322ff, 0x92157224, 0x32a235b2, 0x7439b0b1, 0xc94073c0, 0x55572715, 0xc4171b75, 0x10bbd0f6,
            0x9e8fcf49, 0x61055bc2, 0xc5dacead, 0xf3321542, 0xdc7c98b3, 0x683ae18e, 0x03554e44, 0x8a7ef1e2,
            0x985dba88, 0xdb6338aa, 0x431cbe86, 0x63bffcfa, 0xbb898a14, 0xfa0daf0e, 0x1decb843, 0x06f04965,
            0xb6dee2a1, 0x69f73456, 0xbfe158ed, 0x1b3ecd82, 0xc2c56eb4, 0x916200c4, 0x967da0dd, 0x8e16231b,
            0xe3abf910, 0x5da54881, 0x3e3888df, 0xf75ac7bb, 0xb00c9760, 0xaeb56167, 0xe82ee464, 0x46b9b9a7,
            0x796ed804, 0x392728c6, 0xeefc91a5, 0x29bec494, 0xa86714a6, 0xe2662cc8, 0x50f22034, 0x2ea1648d,
            0xb8fef8f4, 0x9ae71db0, 0xe4b45909, 0x538552d4, 0x2c1bc3b5, 0x87299957, 0x7a19aae4, 0x6ee8944f,
            0x656d893b, 0x1af3185a, 0x14d3020f, 0xac0fc65f, 0xc6adbc4d, 0xfbc07ad6, 0xf42db55b, 0x88c456da,
            0x8036394e, 0x78a30ddc, 0x3d4ffa3f, 0x5248870c, 0x08d05330, 0x93d8a7fc, 0xe9e331bc, 0x41a619be,
            0x562055f5, 0x120177ce, 0xfe657df7, 0xa3e209d2, 0x9c356871, 0xa22fdc0a, 0xe1115e28, 0xb7133779,
            0x0e0226f1, 0x67d72e03, 0x4a2304ca, 0x845eebb7, 0xffa8a82f, 0x6d9fe6af, 0x7ccbdf25, 0x732610a8,
            0x2873114c, 0xf8b70836, 0x0fcff329, 0x2b0463ac, 0x406bcc66, 0x35bd95ab, 0x1f561f7b, 0xa6470ef3,
            0x64a05ce3, 0x5ed23a61, 0xa78adb2b, 0x4d3ca4d3, 0x19846aba, 0xec46369d, 0x05873b85, 0x24e9ac21
        },
        {
            0xeee756d3, 0xdae10f0e, 0x538481aa, 0x72a8da46, 0xd8783afc, 0x57d370ee, 0x0bbb0c5e, 0xbc6803f8,
            0x26e94bdb, 0x94aac2c4, 0x3653cf53, 0xd4062695, 0xacd28770, 0x20278f6d, 0x8180c0f5, 0x5ca4dfcc,
            0x62125ece, 0xa53c1da0, 0x15e6a14d, 0x6965f1ec, 0x9fdd6de6, 0xf17d8c3d, 0x5d63a831, 0xb83ff2bc,
            0xbaa6c74e, 0x8dfedc9c, 0x50dac3a5, 0x2ec0a6f6, 0x1998bd24, 0x2b50204f, 0x11b15009, 0x8047b708,
            0xf6743f76, 0x092239ac, 0xc27266ab, 0x8af76fd7, 0xa3f2d916, 0x9b8a9ca2, 0x2d9ee4f9, 0x3ce3178c,
            0x1f567992, 0x41a730d0, 0x548d32e1, 0x46ae839b, 0x6d3200a8, 0x315a7c18, 0x736fadbb, 0xabdb343b,
            0x651bed85, 0x2c599304, 0x63d52933, 0xe590f9f1, 0x7c4ff3dd, 0xeab0a797, 0xc3b51156, 0x060267ca,
            0xb5869928, 0xf223ce32, 0xfd039054, 0x12ef1206, 0x8f67e96e, 0x59345975, 0x6cf57755, 0xc62597ef,
            0x0a7c7ba3, 0xdb2678f3, 0x3a2dd33a, 0x8410464c, 0x4437b669, 0xdde8bc45, 0xb6d8db27, 0x868973be,
            0x6645af8a, 0xb1d1686c, 0xa6625faf, 0x9913a950, 0x7a81376b, 0x4769f466, 0xb9f88541, 0x554a451c,
            0xbef1360a, 0x98d4dead, 0x4f40194b, 0xfa0a231f, 0x7f11b1d2, 0xec7e6321, 0x7ed6c62f, 0x5e3dea3e,
            0xdeb6fe4a, 0x68a28611, 0x56140713, 0xf3e4b9cf, 0x2f07d10b, 0xc57bd5e0, 0x08e54e51, 0xcc954f30,
            0x6fab355a, 0xb0161f91, 0x280e6240, 0x0392e173, 0xd051d7d1, 0x58f32e88, 0x3e7a227e, 0xa235aeeb,
            0x8ea09e93, 0x5bad6c87, 0xe35e3d47, 0x1dcf4c60, 0xa16bece4, 0x3beaa4c7, 0xaa1c43c6, 0xa8857634,
            0xe6cebbfe, 0x8c39ab61, 0x5a6a1b7a, 0xbdaf7405, 0xc4bca21d, 0xe8299265, 0x34cafaa1, 0x8b30182a,
            0x32043e17, 0xce0c7ac2, 0x4c1e5b44, 0x433e0522, 0x1b0188d6, 0xcfcb0d3f, 0x272e3c26, 0x9a4deb5f,
            0xfcc4e7a9, 0xe9eee598, 0xb3485d9e, 0xfe5dd25b, 0xedb914dc, 0x7031efb4, 0x4849aa00, 0xf7b3488b,
            0xdf7189b7, 0xd30f95de, 0xa7a52852, 0x16b8e342, 0x9d445814, 0xef20212e, 0x6a3bb3e3, 0x350d8d5c,
            0x1c083b9d, 0xd196a02c, 0x38b4e6c8, 0xbf3641f7, 0x1421d6b0, 0xb71facda, 0x4e876eb6, 0x132865fb,
            0xca5b8b86, 0x3fbd5583, 0x886e5a25, 0xad15f08d, 0xeb77d06a, 0xe0007f48, 0x177f94bf, 0xd69f1367,
            0x33c349ea, 0x309d0be5, 0x64dc9a78, 0x4dd92cb9, 0xc7e2e012, 0xd9bf4d01, 0xff9aa5a6, 0x07c51037,
            0x608b6b3c, 0x79df7564, 0x75a1690d, 0xae4bb282, 0x1e910e6f, 0x85d731b1, 0x107627f4, 0x614c1cc1,
            0xd2c8e223, 0xe4578e0c, 0xfbcd54e2, 0x1ac6ff2b, 0x78180299, 0x0e2b8ae7, 0xd5c15168, 0x7d888420,
            0x9633f736, 0x9c832fe9, 0x7b464096, 0x6782d877, 0xc0eb5359, 0xcd5238cd, 0x77385cff, 0x874e0443,
            0x8319f507, 0x82de82fa, 0x9e1a1a1b, 0xe1c708b5, 0x90fd3380, 0xf89316ed, 0xbb61b0b3, 0x2379cd62,
            0x2a9757b2, 0xa94201c9, 0xb28f2a63, 0x74661ef0, 0x76ff2b02, 0x45f0c194, 0x6e6c42a7, 0x24707e29,
            0xf0bafbc0, 0xc905c989, 0x185fcad9, 0x956db539, 0x42f972df, 0x3794b8ae, 0x0cb2bf15, 0xa0ac9b19,
            0xa4fb6a5d, 0x5243f657, 0x049b5238, 0x29c915bd, 0x25b709d4, 0x010bd481, 0xf4ed0a84, 0x0d75c8e8,
            0xc8c2be74, 0x00cca37c, 0x4ad09ff2, 0x89a92dd8, 0x0fecfd1a, 0xe709cc03, 0x3d246071, 0x92640672,
            0xcb9cfc7b, 0x4b17e80f, 0xc12c24a4, 0x21e0f890, 0x0255968e, 0xdc2fcbb8, 0x39739135, 0x498eddfd,
            0x913a447d, 0x22beba9f, 0xb441eed5, 0x97f480cb, 0xe2994aba, 0x4060472d, 0xf9546110, 0x5ffa9dc3,
            0x93a3718f, 0x511db458, 0xf52a7d79, 0x6bfcc41e, 0x055c25c5, 0x71f69849, 0xaf8cc57f, 0xd758649a
        },
        {
            0x0bc40eb5, 0x63ff9cfe, 0xb59ae0d3, 0xa395afda, 0x3fdb0d02, 0xf0d9f2a0, 0x59f9d700, 0x74815738,
            0xfec0bae9, 0x69107a77, 0xfa361429, 0xb282bca3, 0x65964441, 0x193def7c, 0x0ab58a7a, 0xb6741263,
            0x420122f0, 0x50f8c339, 0xaf1391ec, 0x6b8f0c08, 0xd74e9411, 0xde4f8028, 0xc6598768, 0x2fbd9ab4,
            0x2c536804, 0xc2af29a8, 0xf9d8e699, 0xa61285d5, 0xb3f3386c, 0x184c6bb3, 0x8402c96b, 0x7d804301,
            0xc3dead67, 0x94645edd, 0x978aac6d, 0x7f1f357e, 0xe449cbd6, 0x46f78c30, 0x26bc8e8d, 0xc4c6f117,
            0xb86d5a2a, 0x557fe936, 0x9ffa3c9b, 0x3b2da3c2, 0xf1a8766f, 0xf55ed8af, 0xa10ad9a5, 0x5f900fbf,
            0x1e25b30c, 0x7a981f71, 0x0dadd60a, 0x9515da12, 0x7077f9f8, 0xb01dcadc, 0x75f0d3f7, 0x31c2454b,
            0x8a1b8122, 0xdf3e04e7, 0x1f5437c3, 0xeb210750, 0x13d209f5, 0x73990b48, 0x831a951b, 0x3eaa89cd,
            0x85734da4, 0x518947f6, 0xeea62d5f, 0x4d69ee76, 0xe5384f19, 0xe35197a6, 0x8884f75d, 0x7be99bbe,
            0x1ba29903, 0x6e082607, 0x6afe88c7, 0xabe53f2c, 0xad8ce793, 0xefd7a990, 0x095b78ca, 0x540e6df9,
            0x3d447b7d, 0xec395b20, 0x5ee18b70, 0xd4a066a1, 0x2423f8f2, 0x7807690e, 0xdab92ee8, 0xe9be712f,
            0x27cd0a42, 0x7976edc1, 0x2a3ab0bb, 0x6160ea81, 0xc5b775d8, 0x7cf1c7ce, 0x12a38d3a, 0x38c35172,
            0xbdea7025, 0x21a4d2fd, 0x29d4420b, 0x937c02ad, 0xea50839f, 0xbb83a89a, 0xd8265897, 0x34456f44,
            0x8eed2fe2, 0x588853cf, 0x8d03dd52, 0x4ff69809, 0x0e4324ba, 0x9a7d1694, 0x91e374d2, 0x012be83c,
            0x8c72599d, 0x48eec479, 0x165523fa, 0xbc9bf4ea, 0x25527c3d, 0x322cb7fb, 0x07423083, 0x869dbf14,
            0xa763011a, 0xacfd635c, 0x71067d37, 0xc0305fd7, 0x53163189, 0x2ecc1e7b, 0x1ad31dcc, 0xb70596ac,
            0x499f40b6, 0xccb661e1, 0x6678b6f1, 0x114d7f8a, 0x5b66a17f, 0x6de6d4b7, 0xed48dfef, 0x8f9cab2d,
            0xd056c861, 0x9993e424, 0x4370a63f, 0x1724a735, 0xe0bf6516, 0xd2c9be1e, 0x5d0f79c0, 0xc840cf21,
            0x36da193b, 0x826b11d4, 0xbf75065a, 0xd1274cae, 0xcdc7e52e, 0x56911b86, 0x39b2d5bd, 0xd63f10de,
            0xcf589351, 0x6861feb8, 0x05dd46fc, 0xbaf22c55, 0x87ec3bdb, 0xa48df3aa, 0x15bbd14a, 0x4c186ab9,
            0x9b0c925b, 0xdda17298, 0x9092f01d, 0x920d8662, 0xe7a73966, 0xa2e42b15, 0x409e548f, 0x98e260eb,
            0x9e8bb854, 0x005a6cf3, 0xa07b5d6a, 0x9c14ce2b, 0x8185e364, 0xf3370010, 0x478608ff, 0x761e2147,
            0x335d3334, 0x72e88f87, 0xd5d1e26e, 0x233ba482, 0xc141db18, 0xcbae3d91, 0xfc5fcc96, 0xfd2e4859,
            0x8b6a05ed, 0x082afc05, 0xf6b02a1f, 0xf8a96256, 0x628e1831, 0x28a5c6c4, 0x41efd040, 0xc9314bee,
            0x89f57392, 0xa5fc7765, 0x20d55632, 0xf24684df, 0xcadfb95e, 0x103cfb45, 0xe1cee1d9, 0x3c35ffb2,
            0x2b4b3474, 0x3a5c270d, 0x7e6eb1b1, 0x0f32a075, 0xa80bcd9c, 0xc72803a7, 0x04acc233, 0x6709323e,
            0x37ab9df4, 0x5267b546, 0x57e09f49, 0x4b0036c9, 0x3534eb8b, 0xb16c4e13, 0x0cdc52c5, 0x14ca5585,
            0xe8cff5e0, 0x4468fa4f, 0x6f79a2c8, 0xe6d6bda9, 0xce29179e, 0xf7c1aed0, 0xbe048295, 0x2d22eccb,
            0x5a1725b0, 0xe2201369, 0x03b49e43, 0x1dcb41bc, 0x9d654ae4, 0xb4eb641c, 0x30b3c184, 0x776fa588,
            0xd3b83ad1, 0x60116e4e, 0xdbc8aa27, 0x02c51a8c, 0x96fb28a2, 0x45197e80, 0xffb13e26, 0xa97a4953,
            0x224a204d, 0xae621523, 0x6c975078, 0xd957dc58, 0xaa94bbe3, 0x4e871cc6, 0xdcd0f657, 0xf42f5c60,
            0x0633b44c, 0x80f467ab, 0xb91cdee5, 0x5c7efd0f, 0x4a71b206, 0x64e7c08e, 0xfb4790e6, 0x1cbac573
        },
        {
            0x224f1de1, 0x1c908936, 0x3ff80537, 0x5e098c31, 0xbb66f0aa, 0xa4ba4719, 0x69d47aaf, 0xfb945ac8,
            0x5db04e47, 0x1efb2653, 0xd24776f6, 0xa0330174, 0x8d696b27, 0x89e02d4a, 0x81302210, 0x1ba00d2d,
            0xf82d98be, 0x5560411d, 0x0b9c31df, 0x40075691, 0x6c8f51d1, 0xcb79284d, 0x963c9af9, 0x41d53b82,
            0x0825f3a9, 0x1f294b40, 0x9585588f, 0xf7cd13ff, 0xaa88a14b, 0x17f9441a, 0x92b5dc94, 0xfd76b3c0,
            0xa38ac302, 0xc8c0ea3b, 0x9c873ac6, 0xf5a6bc9a, 0x4abcf6ae, 0xe448ed7b, 0xd6ce309b, 0xed4a8f32,
            0x3aa32e49, 0x13700277, 0x3c41c741, 0x0a4e5ccc, 0xd02cd993, 0xcaab455e, 0xafd38a35, 0xc720617a,
            0xbe3ddbd4, 0x31cae365, 0xde1e3fc1, 0xbab49db9, 0x8ed0a951, 0x05aed78d, 0xef212057, 0x455c7def,
            0x3d93aa52, 0x8f02c442, 0x6ee4feb4, 0x034c3e85, 0x72818b71, 0xc1c28872, 0xc6f20c69, 0xf12ffaf7,
            0x4d8c72b5, 0xcd9bc145, 0x60d618e6, 0xe113c605, 0x2c7dfbb3, 0xe7f12f0d, 0x26c65b8c, 0xdda7fdb7,
            0x658d3398, 0xe623421e, 0x5b52a74f, 0xb6edd48e, 0xd71c5d88, 0xd4a59ffe, 0x061715fb, 0x7ed8c246,
            0x30188e76, 0x00f5fcf3, 0x80e24f03, 0xac6a4843, 0xec98e221, 0x3e2a6824, 0x7d610030, 0x28f4bdde,
            0x0ec71aa1, 0xcff06e20, 0xcc49ac56, 0xb90d5fcf, 0xf474d189, 0xa258ae11, 0xbd8419a2, 0xbc5674b1,
            0xb8df32dc, 0x783a2b4e, 0x74636279, 0x36fa677e, 0xc499a30c, 0xce220333, 0x610475f5, 0x32732113,
            0x2714369f, 0xfecf71b6, 0x1592eb7f, 0x5a80ca5c, 0x8600a60b, 0x7608cd1c, 0x503b6a63, 0xf0fd97e4,
            0xf2963881, 0x9457359c, 0xd3951be5, 0x8b8b822f, 0x2daf96a0, 0xf3445592, 0x490534d8, 0x0d7ed8d7,
            0x5c622354, 0x846b096e, 0x09f79eba, 0xc3a92717, 0xd92ebbda, 0x6634f1ee, 0x8289e066, 0xa6d1e87c,
            0x012791e0, 0xe59a8068, 0x7f0aaf55, 0x88324059, 0xb1dd5095, 0x4e35b0c3, 0xb55416f8, 0xff1d1ca5,
            0xa5682a0a, 0x1d42e425, 0x7cb36d23, 0xe811a44c, 0xab5acc58, 0x111bad12, 0xfca4ded3, 0x10c9c001,
            0xd1feb480, 0x910c1ee2, 0x90de73f1, 0xc010e561, 0xe2aa0473, 0xeef34d44, 0x391aec3f, 0x1819cf5b,
            0x9eec95a3, 0x75b10f6a, 0x5939082a, 0x7b83e938, 0xbfefb6c7, 0x2926d0cd, 0x4b6e9bbd, 0xfa4637db,
            0x9367b187, 0x6d5d3cc2, 0xf9fff5ad, 0x4737d28a, 0x62bdb783, 0xb3b6fff0, 0x07c578e8, 0x67e69cfd,
            0x1440866c, 0x6a6db8d9, 0x2024b284, 0xb00f3d86, 0x21f6df97, 0x12a26f64, 0x029e5396, 0xa931633d,
            0x77daa00f, 0xd577f2ed, 0xb26492e3, 0x257f99fa, 0x33a14c00, 0x162b2909, 0x46e5bf99, 0x9bb7bedd,
            0x0f1577b2, 0x047cba9e, 0x38c8812c, 0x37280a6d, 0x0cacb5c4, 0x9f3ef8b0, 0x2e1654d6, 0xdc7590a4,
            0x9a65d3ce, 0xb73fb99d, 0x71384907, 0xc54bce1f, 0x3491c81b, 0x7353e662, 0x87d2cb18, 0xd8fcd6c9,
            0xdb4514bf, 0x56d9836b, 0x1a72603e, 0xda9779ac, 0xb4867beb, 0xe3786960, 0x5382a815, 0x43be94e7,
            0x79e8465d, 0x5fdbe122, 0x2b4d7fa8, 0x58eb6539, 0x99dc11b8, 0x645f5e8b, 0x70ea2414, 0x4c5e1fa6,
            0xeba8663a, 0x97eef7ea, 0xae01e726, 0xc9128728, 0x85b9647d, 0x2a9f12bb, 0x239d70f2, 0xf61f7eec,
            0x680617bc, 0x8a59ef3c, 0x48d759cb, 0xe9c3c95f, 0xadb82550, 0x835b8d75, 0x636fda90, 0xdfcc52d2,
            0xe0c1ab16, 0x8cbb0634, 0x570bee78, 0x980e7cab, 0xa703856f, 0x6f3693a7, 0x448e10fc, 0x3543a508,
            0x5250c506, 0x4fe7ddd0, 0x426cf9f4, 0x19cba248, 0x24adf4e9, 0xa8e30e2e, 0x6bbfd5ca, 0x51e90770,
            0x3b71435a, 0xc27b4a04, 0xa1e16c67, 0x54b22c0e, 0x7a51842b, 0x9d5557d5, 0xea7a0b29, 0x2fc439c5
        },
        {
            0x0919d405, 0xdadabf3d, 0x13114723, 0x46f256bd, 0xf1606372, 0x506645f7, 0x0fb43a3a, 0x7d717787,
            0xe803b736, 0x6d488af2, 0x61d40a9e, 0xdc775102, 0xd52d7833, 0x3bc0dc0e, 0x6e23cd90, 0xaa223c7d,
            0xd6463f51, 0xf5f043b0, 0xab74b5e2, 0xdd21d89d, 0x4b385f4e, 0x0cdf7d58, 0xcf25eb15, 0xe1599e07,
            0xd9b1f85f, 0x65442a5c, 0x92ca5a25, 0x5b01a23b, 0x0ee2b3a5, 0x1876a0ef, 0xffc12de3, 0x4d95b171,
            0xadd95bdd, 0x3d6d3231, 0x8aff07fe, 0x80ce69ad, 0x25586fea, 0x16d7ee7e, 0x7a8a1027, 0x7286b089,
            0xb17c26c4, 0x459911df, 0xcd1825e8, 0x73d03916, 0x209ec6b7, 0x662f6d3e, 0x329af53f, 0x688e23af,
            0x0328ba56, 0xcbb5cbd7, 0x6ab3ed52, 0x8994409c, 0x26332888, 0x6c1e036d, 0xc5148546, 0x027e33c9,
            0x29c4ef86, 0x28926619, 0xdb8c36a2, 0x525b8b0a, 0x4efef613, 0x9ac6fa8b, 0x8c52e9c1, 0x9f0053d6,
            0xa81ff280, 0xbde0a6a8, 0xeb68f054, 0x360ad5fd, 0xea3e79cb, 0x011574ab, 0x69d8aa30, 0x4109311d,
            0x9b907314, 0xd2d61f93, 0xf4a6ca2f, 0x1db009b2, 0xdf1c1660, 0x375c5c62, 0xedc51e6b, 0xe36450fa,
            0x9c6b14b4, 0x6779e4a1, 0xba1bc108, 0x7f4cb97a, 0xf35dad8f, 0x490591b3, 0xe6a2f9a7, 0xbfdd6855,
            0xbb4d4897, 0xb21761a6, 0x1a4b6e12, 0x2aafa8e4, 0x78b7deda, 0x54f66535, 0x6412a3c3, 0xc67fc224,
            0x774019d4, 0xc2efe2e6, 0xeeae5909, 0x31f1b25d, 0x970cf378, 0x34371b00, 0x79e15745, 0xf83a4a43,
            0xb02aaf5b, 0xe00f1798, 0xf96cc3dc, 0xb6874164, 0x5a572ba4, 0x8ba98e61, 0x60828301, 0x107a0041,
            0x084f5d9a, 0xe49f375a, 0xd1bd58f1, 0xaeb21cbf, 0x7c27fe18, 0xf69b04d2, 0x1b1de78d, 0xe9553ea9,
            0xac8fd242, 0x2765a117, 0x742b5eb6, 0x8d04605e, 0x33cc7ca0, 0x586ae559, 0x4a6ed6d1, 0xb4ba8f99,
            0x91a11d47, 0x6be564cd, 0xd47bf1ac, 0xc3b96b79, 0x70bb7e74, 0x593c6cc6, 0x99adbde9, 0x4262767f,
            0x939cd3ba, 0xc184a584, 0x579d2257, 0x7616904b, 0xb970866a, 0x1247cebc, 0xfdfce31e, 0xa6bebc11,
            0xf036eaed, 0xeff8d096, 0x05855469, 0x90f794d8, 0x07b89a94, 0x8198e032, 0xa9497b1f, 0xc0d22c1b,
            0xd8e771c0, 0x178167e1, 0xb5ec0606, 0x82f3a750, 0xde4a9fff, 0xd380960c, 0xafe49520, 0x14ea2083,
            0x30a73bc2, 0x2c0246db, 0xb7d1c8fb, 0x3f50fccc, 0x4cc338ee, 0x8f39aea3, 0x86638792, 0xb8260ff5,
            0x88c2c903, 0x112c89de, 0x04d3ddf6, 0x405fb882, 0xc988052a, 0xec9397f4, 0x71edf7eb, 0x15bca91c,
            0x44cf9840, 0x757dd729, 0xcc4eac77, 0x2d54cf44, 0x5cfac59b, 0x3a965591, 0x2e3f8826, 0xfb510d21,
            0xfe97a47c, 0x38ab9b6c, 0x23f581d5, 0x4fa87f8c, 0xfa0784be, 0x0d89f4c7, 0x4334ffe0, 0xa145dbb1,
            0x7e1a30e5, 0x0a729367, 0xbe8be1ca, 0xe232d965, 0x2f6901b9, 0xd0ebd16e, 0x62bf4dfc, 0x5f9182f9,
            0x0043fd34, 0xd710b6ce, 0xa5d5fb73, 0xf20b2410, 0x845e496f, 0x06ee130b, 0x63e9c463, 0x83a52ecf,
            0x2bf9217b, 0x22a3084a, 0x3e067553, 0xfcaa6a81, 0x965a7ae7, 0x3c3bbbae, 0x1ce6802d, 0x5dac4c04,
            0x55a0ecaa, 0x5130cc68, 0x9d3d9d2b, 0x87350e0d, 0xce73628a, 0x8e6f273c, 0x4853182c, 0x19202970,
            0x530d0295, 0xbcb62f37, 0x5ec70b66, 0xb341e839, 0x1f8dc74f, 0x39fd12f3, 0x1edb4ed0, 0xa7e8358e,
            0xc8de8cb5, 0x47a4df22, 0xa378154c, 0x95313d85, 0xa48372ec, 0x9e56da49, 0xa013522e, 0xe5c9bec5,
            0x98fb3476, 0x56cbabc8, 0x3561929f, 0x8508c0f0, 0x0b241af8, 0x240ee675, 0xf7cd8d4d, 0xe7f47038,
            0xc4420cd9, 0x7bdc99b8, 0xc7294bbb, 0x9467b41a, 0xa22e9cd3, 0xcae34248, 0x6f75440f, 0x21c84f28
        },
        {
            0x1235cebb, 0xe2250c81, 0xfce7ede7, 0xca36cffc, 0xefc17f0c, 0x19db0301, 0xab6b0151, 0x7886cdac,
            0x61f2e531, 0x3fd315d4, 0xd5485956, 0x49e1264c, 0x090237cf, 0x8cdf6048, 0x5f32acb5, 0x45b9220d,
            0x46468428, 0xf2fc384f, 0xce7fa022, 0xad61bf66, 0x3581afa2, 0x7ac51c45, 0x0afd91ea, 0xdb538cfe,
            0xc7d2bc71, 0xb41597fb, 0xf0bfe9a6, 0x055a338e, 0xc66ecbbd, 0x4c143e5e, 0x74dec9ed, 0xf54af1b4,
            0x3865dc2f, 0x3d90c43d, 0x39d9abe3, 0x63b134d8, 0x15830740, 0x02ecfa75, 0x0d4b5811, 0xaad7769d,
            0x2eb656d6, 0x8ad5de7f, 0xd2fe90ad, 0x31c8c07c, 0x367e0987, 0xc1d80246, 0xbc04fc64, 0xae9e1943,
            0x271b4a85, 0x6ba05f47, 0x8b69a9b3, 0x1c2e1b13, 0x5884654e, 0x43b39c3a, 0x5129791d, 0x2b434ec4,
            0xa37a6ace, 0x69e38eae, 0x440555c1, 0xed82aee5, 0xd4f42e9a, 0x4feb987b, 0xb84d93ba, 0x2111f4b2,
            0x25589b6c, 0x3074b7b0, 0xbe472d8d, 0x59381282, 0x0eb4fe34, 0xa085cceb, 0x5d717d5c, 0x2cf5873f,
            0xe066dd68, 0x5e8edb79, 0x67f85b06, 0x9ff9f2a3, 0xc227a463, 0xc9c969d9, 0xdf1ae320, 0x6daae170,
            0x6fe93099, 0xfb51241c, 0x556016c3, 0x91e2270b, 0x8e9cb1a1, 0xdaeffb32, 0x8378c22c, 0xeb8810d2,
            0x94173f19, 0x8731adf2, 0xf6b55791, 0xa928d0b8, 0x868dda3e, 0x620d4314, 0x1b98d2e8, 0x52d6df38,
            0xd6b7ff73, 0xfd5b9a2b, 0xc8751e15, 0xc5916d98, 0x569fb0e6, 0xbbb2359f, 0x1a24a524, 0x50950ed1,
            0xf709205d, 0xbffb5a41, 0x9654eef0, 0xa894a774, 0xb9f1e476, 0x905e50c7, 0x2aff3908, 0x1fd1bd36,
            0xdce54505, 0xe1daaaa4, 0xe9cbc13b, 0x17c0d6a9, 0x2f0a211a, 0x6c1696bc, 0x892a785a, 0xa7330510,
            0x3e6f6218, 0xcc3c71cb, 0xf3404f83, 0x11ca689e, 0x0719e267, 0x26a73d49, 0xd0bd4144, 0xc42d1a54,
            0x4e57efb7, 0x536aa8f4, 0xee7d08c0, 0xe42fb2b6, 0x0b41e626, 0x0f0889f8, 0xacddc8aa, 0xf4f68678,
            0x99f34c94, 0x5ccd0a90, 0x5b7bc36b, 0xcb8ab830, 0xe593c57a, 0x84ce0bd7, 0x95ab48d5, 0x6e554755,
            0x420febf6, 0x24e4eca0, 0xb05cf825, 0x08be4003, 0xd342e761, 0xba0e4253, 0x06a595ab, 0xe7d01493,
            0x9e45856f, 0x7562be21, 0xb1e08fe9, 0x73680016, 0x7e8c739b, 0x7d73d5be, 0x9bb09d7d, 0x54dc610f,
            0x7097a633, 0x712bd1ff, 0x93a1f6e2, 0x7b796b89, 0x984f3b58, 0xcfc3d7ee, 0xf8ae8239, 0x4da84992,
            0xd70b88bf, 0xa570d4f9, 0x5723c72a, 0x65bb8aef, 0x22ee5297, 0x66442cca, 0xc39bd3af, 0xff184bc2,
            0x1389b977, 0x0cf72fdd, 0x85727c1b, 0xdea694ec, 0x47faf3e4, 0x28bce8e1, 0x04e64442, 0xfea43c0e,
            0x167ca165, 0x604e92fd, 0xd1013688, 0x4ba2f7a5, 0x00af2b9c, 0xb3a35e00, 0x6407fd23, 0x404c3a1f,
            0x685ff962, 0x1d926cdf, 0x921d812e, 0x9c065486, 0xe66c635f, 0x03508db9, 0xb7ea31de, 0x41f04dd3,
            0x8f20c66d, 0x485d5180, 0xe877b6f7, 0xd9105d17, 0xb5a9e037, 0x4a1e8069, 0x29009f2d, 0xa2c61d02,
            0x8d631784, 0xa139bb27, 0x3b9a7a0a, 0xec3ed929, 0xb6564612, 0x6a1c288b, 0xdd5932c9, 0x7f300457,
            0x2352255b, 0x01135c50, 0x77216fc8, 0xd8ac2adb, 0xaf226e8f, 0x793aba60, 0xea34671e, 0x88960f96,
            0x37c27e4b, 0x769d1804, 0x10761f52, 0x82c4b5e0, 0xc064758a, 0x80876409, 0x5ac7b4a7, 0xe3997b4d,
            0xcd800607, 0xa68f72dc, 0x1e6dcafa, 0x9a0ceab1, 0xa4cca335, 0xb21f29cc, 0x7ccfa272, 0x813b13c5,
            0x32376659, 0xf1039e6a, 0x72d477da, 0xfaed53d0, 0x9dba234a, 0xbdb88ba8, 0x143f708c, 0x186774cd,
            0x2d49f0f3, 0x3c2cb3f1, 0x97e8993c, 0x343dd86e, 0x20ad837e, 0xf912f5f5, 0x338b1195, 0x3a260dc6
        },
        {
            0xe6279ecd, 0xe1934985, 0x5f859d40, 0x49f61090, 0xc38d2bb8, 0x34621265, 0xcacfbc28, 0xd5fea668,
            0x7b3dd73f, 0x50612292, 0x60dfd8eb, 0x6be872ad, 0xc29fd4b2, 0xd86f246c, 0xef65095d, 0x1aff0d56,
            0x13bd9ac6, 0xebb61cc9, 0xcd7b6b60, 0x6afa8da7, 0x81436ce6, 0x61cd27e1, 0x011d0282, 0x55a0c80c,
            0xbc6c149b, 0x0b3857ce, 0xffb0accf, 0x230360bf, 0x43d345dc, 0x1998cf8a, 0x57d5f5da, 0x7948eae9,
            0x8b6639aa, 0xd24a7120, 0xd69964b4, 0x805193ec, 0xe73561c7, 0x6679f0a9, 0x2df52067, 0x000ffd88,
            0x62aae53d, 0x5173dd98, 0x39f39061, 0xee77f657, 0x06a9d5ca, 0x77beaa31, 0x93e3f4a2, 0xe5405c11,
            0x292635f3, 0xb388ab49, 0xab0d6641, 0x9196c974, 0x92f10ba8, 0x87e544a4, 0xf7e0c455, 0xf8047b87,
            0xa24ff1d1, 0x688fb071, 0x84828678, 0x4612af42, 0x8801fb76, 0x58314a08, 0x2a41f72f, 0x9c074b70,
            0x14094d8e, 0x727f40af, 0xafde73d5, 0x8913047c, 0xec02cb81, 0x5e97624a, 0xa128330d, 0x7a2f2835,
            0x3570ed6f, 0x56c70ad0, 0x085f9512, 0x785a15e3, 0x736dbfa5, 0xdfdbf324, 0x99c6a1ee, 0x74d968ed,
            0x6e299833, 0xd4ec5962, 0x24b7b7f7, 0x3d2085f5, 0x3705d0b9, 0x25a548fd, 0x6d4e5aef, 0xadab4e03,
            0xdec90c2e, 0xd03f4cf6, 0xb64941d7, 0x7feec2ab, 0x96221e3c, 0x48e4ef9a, 0xf146ec17, 0x33d6c52d,
            0xd3588e2a, 0x05ce1716, 0x21765d69, 0x027ac05e, 0xdcbc31f8, 0x54b23706, 0xa69ce445, 0x9bb39c38,
            0x03683f54, 0x4a91d24c, 0x47005048, 0x2834caf9, 0x1f3ee7c8, 0xf4870689, 0xb1fd969f, 0x9084367e,
            0xc64cc126, 0x1bedf25c, 0x3c327aff, 0x0c8c8086, 0xd97ddb66, 0x6c5ca5e5, 0xd12db3fc, 0x71188273,
            0x42c1bad6, 0xb0ef6995, 0xc8ba81fe, 0x2ce7df6d, 0x31a3f8fb, 0x44679294, 0x27d0752b, 0xa03acc07,
            0x85907972, 0xb75bbedd, 0x11c8a710, 0xe2f48b59, 0xd78b9bbe, 0xbf0bd647, 0x6f3b6739, 0x4b832d46,
            0xb9adfe05, 0x45756d9e, 0x40b48700, 0x151bb284, 0xed10348b, 0xda1a19ba, 0x8224ae3a, 0x7d9bff7d,
            0x651e3275, 0x5923b502, 0x9d15b47a, 0x10da581a, 0xfea253c5, 0x83365130, 0xc0eae964, 0x0d9e7f8c,
            0x76ac553b, 0x12af65cc, 0x86f7bbae, 0x7c890077, 0x5b5688d4, 0xbd7eeb91, 0xa78e1b4f, 0x640ccd7f,
            0xc1f8166e, 0x9aa16332, 0x8fb52c3e, 0xf054131d, 0x2b530825, 0xb29a5443, 0x9e7276a6, 0xa86aa49d,
            0x676b0fa3, 0x4d250504, 0x36172fb3, 0x30b107f1, 0xfdc59119, 0x4e42c7d8, 0xc439fcf0, 0x4f5038d2,
            0xb52e830b, 0x8dc011e8, 0x700a7d79, 0xe081b68f, 0x167c7058, 0x0ef9bd50, 0xdb08e6b0, 0xa35d0edb,
            0xcbdd4322, 0xc9a87ef4, 0x3e474729, 0x699d4f7b, 0xcc69946a, 0xacb9b109, 0x5df0a096, 0xe452a31b,
            0x8ea7d334, 0xbbd8c3d3, 0xc52b03fa, 0x63b81a37, 0x8cd2eee2, 0x98d45ee4, 0x1c592514, 0xb43c7c01,
            0x188a3080, 0xfa714651, 0xcf0e56b6, 0xe3e67453, 0x75cb97e7, 0xeaa4e3c3, 0x5ce25f9c, 0x0feb425a,
            0xaecc8cdf, 0x04dce81c, 0xddaecef2, 0xf2212ecb, 0x52141f44, 0x1d4bda1e, 0xe8d1de15, 0x2e92e2bb,
            0xb8bf010f, 0x07bb2ac0, 0x5a4477de, 0x3f55b823, 0x094d6a18, 0x7efc3da1, 0x9f6089ac, 0x3b86adb7,
            0x3a9452bd, 0x945723ea, 0x2f801db1, 0x38e16f6b, 0xf916848d, 0x26c28a21, 0xe9c3211f, 0x22119fb5,
            0x32c43a27, 0xa5fb2699, 0xaa1f994b, 0xa9785b97, 0xa4e9d993, 0xf595f983, 0x176e8f52, 0xbaca3cd9,
            0x4c37fa0e, 0x9545dce0, 0x8a74c6a0, 0x1e2c18c2, 0xc75e3e2c, 0x2064a263, 0x41a6780a, 0xce1ca9bc,
            0xf6f23b5f, 0x9730e136, 0xfb63b95b, 0x0a2aa8c4, 0x5306e04e, 0xfcd76e13, 0xbe19294d, 0xf333d1c1
        },
        {
            0xc71921b2, 0xe5749e7a, 0x3bf21b36, 0x593e129b, 0xf73811a1, 0x5e05ffcc, 0x4d14af9f, 0x372b9089,
            0x5863cd13, 0x2c5fdf26, 0x5be4b407, 0x8259dc1c, 0x179c89dd, 0x11fabb02, 0x05d00606, 0x6bc58414,
            0x7eb2e698, 0x15462f41, 0x9d9107f0, 0x992d93b3, 0x00314dcd, 0xeb77b359, 0x88e6657c, 0x09098db9,
            0x94a9c784, 0xd3339cb6, 0xcda698d2, 0x21db8b11, 0x1b450262, 0x55e79924, 0x8e8057a3, 0x6a985b9c,
            0x740d5ff8, 0x83040394, 0xb3253387, 0x96736118, 0x8d072eb7, 0x339704ca, 0xb799a7c4, 0x6da3b6cb,
            0x78d4d447, 0x8a3cc3e0, 0xb41eded0, 0x1c7eef35, 0xd26e433e, 0x49a83bdc, 0x617a3d74, 0x38756222,
            0x3928bdaa, 0xdeb7c881, 0xae374ef7, 0x47ab16ff, 0x9aaaeaa7, 0x92cff55b, 0x62fd4460, 0xb278ec0f,
            0x08545231, 0xf866e30a, 0x2a39edf9, 0xccfb475a, 0xa3b31ac0, 0xe312aca5, 0x70b1cbbb, 0xf93b3c82,
            0xaa8bdab4, 0x81dea508, 0xf2d95a6a, 0xcbc0aa0d, 0x71ec1433, 0x6cfe6943, 0x972ebe90, 0xc022cce5,
            0x016c9245, 0x5d8286d8, 0x6027e2fc, 0xacede86b, 0x20865499, 0x1ff99621, 0x5f582044, 0x0e3260ee,
            0x6e24cfdf, 0xec4c5e0e, 0x8562314b, 0xc17f136d, 0x127dc216, 0xdfea1709, 0x778a26ec, 0xe7ae38e6,
            0xc91a0c91, 0xd1e93a2a, 0xb99a8ae7, 0x4fce0903, 0xd98c25d6, 0x06577f12, 0x52dc7473, 0x0a8ef4ad,
            0xb1ff951b, 0x515b0d67, 0xa5d5281f, 0x0bd32b25, 0xb0a24a93, 0x63a09be8, 0xa90ca3a0, 0x671c0fab,
            0x4090fba8, 0x9e167ee4, 0x03b634d9, 0x48f5e454, 0xfd87a8c1, 0x91488c4f, 0x8b611c68, 0xca9d7585,
            0x18c27b76, 0x7d359f8c, 0x8c5af13f, 0x3d9429e9, 0xd0b4e5a2, 0x2d0200ae, 0x6f791057, 0x35f13615,
            0xce21e1c6, 0xc49e58a6, 0xa8517c28, 0x5cdf5950, 0xbc7bc12c, 0x199fa4fe, 0x36764f01, 0x28e34b65,
            0xdc6d6e1d, 0xbffcb838, 0xd40871e1, 0xd78f08f5, 0xa70f8e83, 0xbd261ea4, 0x25671f52, 0xee96f892,
            0xe6f3e76e, 0x98704c3b, 0xe1c80a39, 0xbea167b0, 0xaf6a917f, 0x02ebeb51, 0x1d2330bd, 0xa03463d4,
            0xfe00d1d5, 0xc644fe3a, 0xe095d5b1, 0xa2eec548, 0xb6c4784c, 0xfabc4596, 0x5ab96b8f, 0x4e93d68b,
            0x442c6feb, 0x29be94ed, 0x5381abfb, 0xfcda7749, 0xe42941f2, 0x9f4ba16c, 0x424a5d34, 0x26e06646,
            0xe8f0ca4d, 0xa169bc5c, 0xba1df3f3, 0xefcb271a, 0x8fdd882b, 0xc2f86a79, 0xe24f732d, 0xc847d319,
            0x3cc9f661, 0x27bdb9ce, 0xb8c7556f, 0x2e8579ba, 0x13201d9e, 0x86e5485f, 0x16c15655, 0xfbe19a1e,
            0x89bbbaf4, 0xda0b5cc2, 0x4b729d40, 0x4a2f42c8, 0x95f4180c, 0x1a18ddea, 0x314da256, 0xf38485e2,
            0x23012d8d, 0x9cccd878, 0xd6d2d77d, 0x5660e030, 0x141bf0c9, 0xb5430158, 0x30107dde, 0x7a0e72db,
            0x3aafc4be, 0xff5d0e5d, 0x7fef3910, 0x0ce8c672, 0x34ace99d, 0x7c684004, 0x3f4e8f75, 0xed118186,
            0xadb037e3, 0xf4bf68b5, 0x573d3fb8, 0x80837a80, 0xd8d1fa5e, 0x6842fd00, 0x75508070, 0x048dd98e,
            0x7336b2af, 0x431782bc, 0x54ba46ac, 0xf003fcf6, 0xabd6053c, 0xc3a5b5f1, 0x87b897d7, 0xf5e2b73d,
            0x901553c7, 0x5006d2ef, 0xc5c3872e, 0x691f2288, 0x0f6fbf66, 0x9bf7352f, 0xdd30b195, 0x41cd2420,
            0x46f6c977, 0x726b6d27, 0x10a7648a, 0x93922ad3, 0x65c6a937, 0x4c497017, 0x76d7f964, 0x649b76bf,
            0xd555ae69, 0x2fd8a632, 0x225cf205, 0xea2a6cd1, 0xa652510b, 0xe9ad15c5, 0xbb402c7b, 0xa488f797,
            0xf15e237e, 0x32cadb42, 0x1ea449a9, 0x070aa09a, 0xdb56834a, 0xf665ce29, 0x3e1350fd, 0x0db519fa,
            0x843feec3, 0x243ac0da, 0xcf7c3e4e, 0x7b53ad53, 0x2b643271, 0x79890bcf, 0x4571b063, 0x6641d023
        },
        {
            0x1c9d68ec, 0x8ae38bf9, 0x7b6b3ff1, 0xbd1fb01d, 0x1acf878f, 0x56adb790, 0xf53b181c, 0xb58dfedb,
            0x9a5f01c7, 0x2f27cb16, 0xe3d57d41, 0x3acee313, 0x8362ff1a, 0x89e4c6a1, 0xc8411a43, 0xb3df11b8,
            0x71ed064a, 0xe95344fa, 0x3bddd936, 0xabf1d540, 0xb84a1226, 0xd8fd907d, 0x9798ed3a, 0xce13f520,
            0xcd14b878, 0xcc07825d, 0xb0d85ce0, 0xf8fcf4e1, 0x786c72a9, 0xbc0c8a38, 0x00f5340a, 0x2c20864e,
            0x5c2b8e2b, 0x25a1f2ad, 0xd53a7c80, 0x64042e4f, 0x17086b72, 0x4702078b, 0x6bd7b5cf, 0xf4282239,
            0x1f9a25b4, 0x50ff58f3, 0xb2cc2b9d, 0xdcbb0863, 0xfbfbb9b9, 0xe8407edf, 0x3d8f3655, 0x6e8217f4,
            0x0a730db1, 0x74b8a471, 0xef01ab99, 0x6d855aac, 0x2b615308, 0xc586f6be, 0xd42946a5, 0x05a09631,
            0x8fb629c2, 0xa4224ec0, 0x8cb1649a, 0xdae9e700, 0x90d9387c, 0xa064d6de, 0xa9e5a23d, 0x49c2a62e,
            0xbb4d5f7e, 0x1049be34, 0x140f262a, 0xa270a1a3, 0x66105932, 0xe2c64764, 0x86375d21, 0x38da946e,
            0xee1291bc, 0x0f26af8a, 0xeb473387, 0x9e1999d9, 0x4043d2cd, 0x151c1c0f, 0xe793e55f, 0x08677acc,
            0x6ac48fea, 0x6f912dd1, 0x8ea513e7, 0x6517146a, 0x0e3595af, 0x02e14377, 0x797f488c, 0xf17d8002,
            0xc2c723f8, 0x325cadd5, 0x125dc949, 0x68d0f897, 0x3c9c0c70, 0x4c970415, 0xbf0bc760, 0x7f2da7ef,
            0x8065b242, 0x5f2cc373, 0x44054ad3, 0x77bfe929, 0xffbd21a7, 0x01e60e2f, 0x2a72692d, 0x6c966089,
            0xb49ec4fe, 0x75ab9e54, 0x6345fb09, 0x2e34f133, 0xb9592803, 0x3048daa8, 0xe494a807, 0x361a35cb,
            0x340e42b6, 0x161b5157, 0x9d1ed481, 0xc0d35485, 0x7c2aeab7, 0xf9efcec4, 0x8bf0b1dc, 0xaae2ef65,
            0x3f9b4128, 0xd9eeaa58, 0xd27ba9c6, 0x72ea4b12, 0x4bd6d153, 0x097440e9, 0x43449f95, 0x586d1635,
            0xec06e6c1, 0xfeae1b82, 0x55aafac8, 0xdeaf7f1e, 0xc1c06ea0, 0x73f97137, 0x334f97f0, 0x06a7db69,
            0x9b4c3be2, 0xb68ab383, 0xdfbc453b, 0xe680df7a, 0xb79989a6, 0xc3d419dd, 0x7e3e9dca, 0x29752475,
            0xb1cb66c5, 0xd06fdebb, 0x57be8db5, 0xa63639bd, 0x7a7805d4, 0xd36893e3, 0xdbfadd25, 0x4150e8e8,
            0xe1c10a3c, 0xfda956da, 0xd72e0bfd, 0xed15dce4, 0xdda83246, 0x28661e50, 0x84232a5c, 0x4d843e30,
            0x5a796148, 0xf06eba27, 0xc9522066, 0x315be08d, 0x85301079, 0x1e891f91, 0x87246704, 0xea5409a2,
            0xe5879222, 0x984b76ba, 0x6256c12c, 0xd63d31d8, 0x70fe3c6f, 0x6042b651, 0xaea4777b, 0x20f45096,
            0xc495cc9b, 0x07b4e14c, 0x26a6bff5, 0x18dbf0f2, 0x597e2c10, 0x5d38b40e, 0x23f31dce, 0x54b9c0ed,
            0xca556d3e, 0x46113dae, 0x24b2c888, 0x03f27952, 0x22e027eb, 0xa53174e5, 0x0b603794, 0xf27acd5a,
            0x93de7524, 0xc79281c3, 0x81768867, 0x134ef36c, 0x76acd30c, 0x04b3ac14, 0x7d39d092, 0x52eb2f8e,
            0xfae8839c, 0xa177ecfb, 0x9c0deea4, 0xada33a23, 0xa7250398, 0x3e887b0d, 0x39c9ae4b, 0xfcba6cff,
            0x8271c53f, 0x0d32d8f7, 0x37090fee, 0x351d7893, 0xba5e655b, 0x19c8cad7, 0x949fa062, 0x27b585d0,
            0xcb46571b, 0x1bdcbdaa, 0xd17ce49e, 0x968bd71f, 0x21e76ab3, 0xacb00006, 0x67036317, 0xcf00cf05,
            0x51ec62d6, 0x4e837368, 0x5e3ff956, 0x4f90494d, 0x5b6a5b6d, 0xbe18fd45, 0xa3639b86, 0xe0d23019,
            0x958c9a47, 0x8da25ebf, 0x0c21e2d2, 0x115a8411, 0xafb74d5e, 0x48d19c0b, 0xf72f6f61, 0x69c3c2b2,
            0x4ac5eb76, 0xf369f77f, 0xf63c5544, 0x92cd4f01, 0xa8f69818, 0x9f0aa3fc, 0xc681bbe6, 0x53f815ab,
            0x1d8e52c9, 0x4257a5b0, 0x99584c9f, 0x91ca0259, 0x451670f6, 0x88f7fc84, 0x2d33bc6b, 0x61518c74
        },
        {
            0x61017a32, 0xa95984a9, 0x87581f65, 0x2150c123, 0x1bdc22a5, 0xaec75eea, 0x44a0485a, 0xc5917cf5,
            0xa2f92d0d, 0x4f00e1fe, 0x27e6d0b2, 0x186c31f6, 0x489e3bbd, 0xcb37d793, 0x502d3010, 0x38cb015c,
            0x68390b17, 0xec0e3d7a, 0x6fa7d154, 0x1944fa24, 0x13cc9852, 0x8670d4b7, 0x8f48a592, 0x4a06e33c,
            0x34f572bb, 0x2c467916, 0x7a0262cc, 0x0741e018, 0xf20b2746, 0x9feb14c8, 0x67b76ba3, 0xc20fa6b6,
            0x9c5b079b, 0x583d8ae7, 0x57b3ea53, 0x08cf80ac, 0xb8d2fe21, 0x3e7d10cd, 0xf1bb3415, 0xa061f58c,
            0x31f37079, 0x39e3ca8e, 0xc3276d64, 0x04f1f34b, 0x0a57582d, 0x52b5e891, 0x8376d675, 0x1ff2ebb5,
            0x914dbfae, 0x79b2719f, 0x05d93899, 0xf595fd05, 0x2456c3e1, 0x1d6a3334, 0x4e282a2c, 0x1c42f8e6,
            0x0ce149bc, 0x62b16961, 0xee96e5fb, 0xf093ffc7, 0xa8714f7b, 0x3243632a, 0xc1bfb5e5, 0xd532cdaf,
            0x2d6eb2c4, 0x93d5672f, 0x825e1da7, 0x41a64a98, 0xde92640b, 0xa567f74e, 0x14524211, 0x0dc9826e,
            0xdc0abc8a, 0xb9fa35f3, 0x374561e8, 0x0b7f93ff, 0x7cb4735d, 0x20780af1, 0x7212d83b, 0x652fb322,
            0xfd8547f2, 0x96d365ed, 0xdd227758, 0xbf4c2462, 0xc0977e37, 0xa7ff2fcf, 0x9ec3df1a, 0xbb62ed72,
            0x1eda2067, 0xe7ae94de, 0xe2a8961c, 0xe820f46a, 0x3f55db1f, 0xf323ec94, 0xe0304e9d, 0x733a13e9,
            0xd11c04bf, 0xfcad8c20, 0x97fbae3f, 0x157a89c3, 0x16ca9a90, 0xf9ab8ee2, 0x6b891844, 0x366daa3a,
            0x036f2908, 0xcca90dd0, 0x3dcd039e, 0xce31d551, 0x4d98397f, 0x0e79913d, 0x89feb403, 0x6c17c207,
            0x45888388, 0x71a2cb68, 0x115440d3, 0x3b7b120f, 0x8cf8b6c1, 0x59154135, 0x49b6f06f, 0xb6745547,
            0xd7aa152e, 0x758c0278, 0x17e25142, 0x88d67fd1, 0xbe64efb0, 0xcf191e83, 0xe6865f0c, 0x5c1343f7,
            0x1af4e977, 0xf4bd36d7, 0x3ce5c84c, 0x2edea197, 0xaae997fa, 0xdabcad1b, 0xf8834530, 0xa1493e5e,
            0x6aa1d396, 0x107c8b01, 0xbcfc3731, 0xb75c9e95, 0xe3805dce, 0x3a53d9dd, 0x6029b1e0, 0x80c6c526,
            0xdfbaafd9, 0x539d2343, 0x7b2aa91e, 0x74a4c9aa, 0x8e606e40, 0xefbe2e29, 0x9065747c, 0x8a4ea750,
            0xd41a067d, 0x433e9219, 0xe5364c5f, 0xfe3554a1, 0x5105fbc2, 0x01f7f189, 0x995d0559, 0x2bd8a355,
            0x6911c0c5, 0xff1d9f73, 0x4b2e28ee, 0x85c0c7e4, 0xfb335663, 0x29407bd4, 0x669fa071, 0x5b8d99b4,
            0xb4ec8dc6, 0x9d73cc49, 0xcd81c602, 0x5fa350a4, 0x0247e2da, 0x6d3f09d5, 0x30dbbbab, 0xc709a474,
            0xed26f6a8, 0x569b2181, 0xe41e878d, 0x26ce1b60, 0xb0c244d6, 0x640778f0, 0x8b666c82, 0x257e0833,
            0xad774db9, 0x9aed160a, 0x23c819a2, 0xd824759a, 0x956376be, 0x421659cb, 0xa3d1e6df, 0xe118854f,
            0x7f04600e, 0x06692bca, 0xc4b9b727, 0xbdd4fce3, 0x92fdacfd, 0xeab82ceb, 0x84e80c36, 0xf70d2584,
            0xf625ee56, 0xd2ac17ec, 0x6e8f1a86, 0xd90cbe48, 0xd034cf6d, 0x5e8b9b76, 0x9875ce8b, 0xd384dc3e,
            0xca1f1c41, 0x8dd07d13, 0x81ee0ef4, 0x5aa55266, 0xb25a9c57, 0x408e814a, 0xe9083fb8, 0x463890db,
            0x944bbd6c, 0x763c112b, 0x0f515aef, 0x2ff66a45, 0x09e74b7e, 0xba4a26a0, 0xa44f3c9c, 0x35ddb969,
            0xd682defc, 0x2af06887, 0xc9af0f12, 0x5d3b8825, 0xb3725785, 0x6399a2b3, 0xdb9466c9, 0x12e45380,
            0x5403f900, 0xeb90e739, 0x789aba4d, 0xc887c4c0, 0x47105b09, 0xac5f866b, 0x7e2cabdc, 0xb5c44614,
            0x708a00ba, 0x7d9cb88f, 0xb1ea8f04, 0x2868b006, 0x00df3a5b, 0x9bc5ddd8, 0xa6d7e41d, 0xafef9538,
            0x336ba8f8, 0xabc15c28, 0x7714daf9, 0x552b32d2, 0x4cb0f2ad, 0xc6216fa6, 0x22e0d270, 0xfa1b9db1
        },
        {
            0xfa1f96d8, 0x8d35c6ab, 0x15d4a32d, 0xc1716111, 0xd104a421, 0xbd5abc3f, 0x92478a84, 0xc0c0cb87,
            0x4355e66c, 0x0ea0eb40, 0x2eba54e4, 0x5821ae01, 0xaa66e907, 0x9e0f97d1, 0x199cbe78, 0x37302255,
            0x857bdfbc, 0x398601dc, 0x1ad32a32, 0x46e248b8, 0xb3ec9fb6, 0xd3fa9afd, 0x684ed495, 0x3079b25d,
            0x8a7c56a3, 0x59900497, 0xcfc74298, 0x45addcf2, 0x6c48d0d7, 0xde032d3e, 0x3d80059e, 0xf2518fcf,
            0x21bdddfb, 0xd24b306b, 0x01a7625f, 0xfd5606d0, 0xe2244aff, 0x5b6e3a4b, 0x4de3c5e5, 0xa4d0ca8e,
            0xc638f119, 0xee6c57aa, 0x06eef257, 0x817ddbfe, 0x2343e327, 0x5ed9949f, 0x5adf90dd, 0xf8e1a804,
            0x9cf1a90d, 0xa0d6cecc, 0x401a7226, 0x8383e522, 0x728b366e, 0x9a099393, 0xcd397c44, 0x0f1141d6,
            0xebdbf97e, 0x3c31af08, 0x32878c81, 0xc4c6cfc5, 0x7c3d15e7, 0xf7e6211b, 0x31c818cb, 0x0b174594,
            0x33362617, 0xbceb16a9, 0xf9500292, 0x48546b31, 0x2745e765, 0x6eb6ee0b, 0xd7fc9ebf, 0x798abb33,
            0xdd4cb974, 0x7ac52f79, 0x11d2a76f, 0x773c98ba, 0x7f7281ad, 0x41abd8b0, 0x0c5ed59c, 0x1ed52e70,
            0x7b7485ef, 0x733a9cf8, 0xea6a53e8, 0xc7895b8f, 0xe4dc7061, 0x5726271e, 0xf11e1b85, 0x132c99b3,
            0x200c776d, 0x42e44cfa, 0x146509bb, 0xabd74391, 0xae60ed45, 0xbe152875, 0x4b1bff7b, 0xda05297c,
            0x0def7f0a, 0x2f0bfe72, 0xd94abd36, 0x075f58c1, 0xfbae3c4e, 0x5320235c, 0x5f683e09, 0x82324fb4,
            0x994607d9, 0xc93f7806, 0x91081ece, 0xf4a9b551, 0xa167645a, 0x8785e160, 0x1b6280a4, 0x4f1dfb39,
            0xf5181fc7, 0x6000cd82, 0xf0afb113, 0xe925c7a2, 0x169b3767, 0xa228f010, 0x26f44df3, 0x3837ab4a,
            0x4eac51af, 0x3ecf91d4, 0x4c526f73, 0x71c4a224, 0xd502a063, 0xe793e42b, 0x80cc7168, 0x29f3c4ec,
            0xf3e02559, 0xb514a528, 0x8bcdfc35, 0x02e8f615, 0xcc88d6d2, 0x0858d1de, 0x03595c83, 0xe0da7423,
            0xb112a16a, 0x172a9df1, 0x35ce1c89, 0x49e5c1a7, 0x0410cc8b, 0x09e97b48, 0x3ac99596, 0xd4b30af5,
            0xed23c3e0, 0x4753e22e, 0xa3995a86, 0x2df5c0ae, 0xfce7ac46, 0xb7ea9bf4, 0x1c2b10ac, 0x8c846c3d,
            0x22f249b1, 0x2c446a38, 0x56978d88, 0xb0a30bfc, 0x1f6484e6, 0xd64d3429, 0x97f02450, 0xac9ed399,
            0xa62ef452, 0x4aaa55ed, 0x25bbd9b9, 0x5c27aa43, 0x61b16714, 0x94bfb01a, 0xb95cb87d, 0x75c2a666,
            0x506fb716, 0x55d819c2, 0x634f59c8, 0xd8fb17a0, 0x182d14ee, 0xc38f5fcd, 0x6ab0ea49, 0x69ff7e03,
            0x6b0140df, 0x2b0dfa30, 0xad2f790f, 0xb65b3162, 0x3f7e3b42, 0xdfb287a8, 0x8e7a52e1, 0x8fcbf877,
            0x90b9b458, 0x5d9600d5, 0x84ca752a, 0xf6578b8d, 0x2abc50a6, 0x51de1d80, 0x96418ec6, 0xa79f5ec4,
            0x8933c2e9, 0x707508b2, 0x240a732f, 0xc5776553, 0xa9297d4d, 0xafd147d3, 0xe16bdeb5, 0x5469b354,
            0x347fb61f, 0xb4a50fbe, 0x05a1661d, 0xffa8380c, 0x67495d8a, 0x1d9aba3a, 0xcbc146da, 0x98f7ad4f,
            0x3b783f00, 0x74730cf0, 0x950e1a8c, 0x529189ca, 0xbfa482e3, 0x93f62012, 0xb8ed12eb, 0x0016c8c9,
            0xdbb483ea, 0x7ec32b3b, 0xbba286a1, 0x441c7664, 0xc23ef55b, 0x9fbe3d47, 0x28426e7a, 0xdcfd13e2,
            0x62fef35e, 0x86344bf6, 0xe8946d34, 0xba132c37, 0x9d40039b, 0xe395e069, 0x768d322c, 0xfe19929a,
            0xc88ed290, 0x10630df9, 0x6f07449d, 0xce76e80e, 0xd0b50eb7, 0x7d8cbf71, 0x6df97a41, 0xa898d7db,
            0xa5616018, 0x0aa6ef02, 0xe56ddaf7, 0xec926976, 0x783b11a5, 0xb25d3520, 0xefddfd3c, 0x129d3325,
            0x368188c3, 0xe6224ebd, 0x6406c9c0, 0x66f8f71c, 0x8882687f, 0x65b76356, 0xca70ec4c, 0x9bb83905
        },
        {
            0x5d12b573, 0xc06701f7, 0x6ce37e75, 0x65b12b98, 0x5ef5ee49, 0x2677efbe, 0xa13b5ddf, 0x1376697a,
            0x789f3b85, 0xaf7e1eca, 0x9a7f980e, 0xd0eb09c5, 0x9c73ce93, 0x51abed39, 0xa62c4b27, 0xf27191cb,
            0x742663cf, 0xe11ac2c3, 0x3b59ffa3, 0x6141665a, 0xf5668733, 0x4b92ebdc, 0x681333b7, 0xba191b5f,
            0xdb454777, 0x92368d86, 0x57a7bba4, 0xe60dd43b, 0xcad20f20, 0xbff216f8, 0x2287a27c, 0xbc154dc2,
            0x82ba85b4, 0x3eb2f204, 0x0ca46238, 0x85ad934c, 0x472bb396, 0x7f882d7d, 0x351cbcb6, 0x9f9495a9,
            0x320baa4e, 0xb34b4eb2, 0xebafcc14, 0x2590b484, 0x14617f82, 0x2160f946, 0x63bd7d05, 0x2cc2e169,
            0xb547182f, 0xa7370b42, 0x0dbf225d, 0x8e03ddfe, 0x31ecf174, 0x0e587967, 0x1a243c97, 0xe4f1cf64,
            0x79847be0, 0x9d688ef6, 0x2bd5f791, 0xae655eaf, 0x06116cef, 0x690873d2, 0x2e3efa36, 0x5feeae2c,
            0x05f637d5, 0xffd389e4, 0x04ed77b0, 0x2929ecce, 0x87518813, 0x207bb923, 0x605a263f, 0x36fbe78c,
            0x7b7860bf, 0x169d64dd, 0x9e8fd5cc, 0xb9fe4065, 0xd7fc1f3d, 0xc66b576a, 0xf9dfdf79, 0xd9b95c28,
            0x6bf4688d, 0x178624b8, 0x73317537, 0x95219b7e, 0x9b64d86b, 0x248bf4e1, 0x932dcde3, 0xf08d8a94,
            0xdeae4ad0, 0x98838351, 0xd1f049a0, 0x64aa6bfd, 0x753d23aa, 0x76da7890, 0xeab48c71, 0x08542ffa,
            0x10913240, 0x722a3552, 0x2832acab, 0xe00182a6, 0x126d291f, 0xb0ac1588, 0x58f9b8d4, 0x7a6320da,
            0xc29b1aa8, 0xfec8c981, 0xa9724857, 0xad820595, 0x1c286a0a, 0xf36ad1ae, 0x80469eeb, 0x90ca96d9,
            0x6e1f652a, 0x5440e09e, 0xf79a9c6c, 0x83a1c5d1, 0xce2242e2, 0xc58c0c50, 0xb45c584a, 0x6f04254f,
            0x50b0ad5c, 0x03fa6148, 0xef5f81d6, 0x2f25ba53, 0x4630f3f3, 0x5b1ee3ee, 0x864ac876, 0xd30c52ff,
            0xe716945e, 0xbb025b3a, 0x524cb603, 0xdd4911ea, 0xc770170f, 0x4127e50b, 0xccde59bd, 0x4875b0e6,
            0xc4974c35, 0x6df83e10, 0x8f189d9b, 0xdfb50ab5, 0x0aa834a5, 0x555ba0fb, 0x4f62a61e, 0xd41b4407,
            0x2dd9a10c, 0xd217129a, 0x8914cb06, 0x094f6f9f, 0xa8690832, 0xeda39a89, 0x8de486c4, 0xab8e5308,
            0x38bea499, 0xaa95136d, 0xf681dc09, 0x8cffc6a1, 0xda5e0712, 0xd6e75f58, 0xa2dc06e5, 0x118a7225,
            0xcf390287, 0x91d1d6bc, 0xc17c4192, 0xf8c49f1c, 0x276cafdb, 0x3407fcd3, 0x674d30c7, 0xc935541a,
            0x30f7b111, 0xfc34d2de, 0xe5ea8f01, 0x239ce219, 0xb6a04315, 0xac9945f0, 0xf196caf1, 0xd5000462,
            0x45d7a8c9, 0xe3e6d99c, 0x5c09f516, 0x59e2f8b1, 0x001d3a72, 0x9998c334, 0x37e0a7e9, 0xfd2f92bb,
            0xb7bb0370, 0x70d62e0d, 0x3c4ee95b, 0x77c138f5, 0xfa388443, 0x0bb374c0, 0x62a63d60, 0x5357f666,
            0xfb23c426, 0x71cd6e68, 0xa0201dba, 0x815dde8e, 0x56bcfbc1, 0x3d55a93e, 0xe2fd99f9, 0x6aef28e8,
            0x3310ea2b, 0x3a42bfc6, 0xa3c74680, 0x070a2c8a, 0xee44c1b3, 0x4d9ebd41, 0x1b3f7cf2, 0x97dd8021,
            0xbee9569d, 0x943adb1b, 0x1fcf3130, 0x19c367ad, 0xc82e147f, 0xdc52518f, 0x157a3fe7, 0x02e1212d,
            0x2aceb7f4, 0x403ca56e, 0x44cce8ac, 0xb2500ed7, 0xcdc519d8, 0xd8a21c4d, 0x4a89abb9, 0xbd0e0da7,
            0x7e936d18, 0x96c6c044, 0xf47dc756, 0x8be8d059, 0x665670a2, 0x43dbfe54, 0xc3805acd, 0xa5cb101d,
            0xa4d05078, 0x880f8b63, 0x18d827c8, 0x84b6d329, 0x1d332a6f, 0xe953d74b, 0x496ef083, 0xecb8daec,
            0x01067a17, 0x4c85fd24, 0x7d743622, 0xb8e50000, 0x5a05a38b, 0x1ed47155, 0x0f433902, 0x3fa9b261,
            0x4e79e67b, 0x7c6f7647, 0xe848972e, 0xb1b755ed, 0x8af3903c, 0xcbc94f45, 0x39a5e4fc, 0x42c0be31
        },
        {
            0x1a16d6ab, 0x176d2834, 0xa43b50a4, 0x20cb4d76, 0xe77c5795, 0xcc1bbe0f, 0xfe87abb3, 0x92569819,
            0x4e32c2f3, 0x47b8e16d, 0x30ba92ce, 0xc921cef1, 0x107fe4e5, 0xbdc0ac82, 0x48eba3dd, 0x01c596a2,
            0x4dd1d323, 0xed1565db, 0xd2f28ef8, 0xbad26053, 0x4ac31ff2, 0xe9e4b8da, 0xc2835140, 0xd1119f28,
            0xea07a90a, 0xe246276b, 0x6d14a508, 0x2aa27f38, 0x57c93ed5, 0x7f4dc69f, 0xc0abed6f, 0x3fe9d07e,
            0xdda1cc48, 0x1545941b, 0x11b4491a, 0xc348fcbf, 0x5e431d4b, 0xc1604090, 0x25f13d88, 0xef3dd9f4,
            0x50dbf204, 0x8a66c9c0, 0x42829193, 0x9bdcbb87, 0x61a4f668, 0x948ff937, 0x86d69aa0, 0x3e227d81,
            0x542a2f05, 0x2db0b3e9, 0x243a9077, 0xdf897067, 0x73fd95ff, 0x37a85e1f, 0x0a670913, 0x148e39e4,
            0xc6728c41, 0x23285ca6, 0x4c1a7edc, 0x3930b150, 0x81c45671, 0xe554ebba, 0xa0ca8da5, 0xa101205a,
            0xd5e04229, 0xd60353f9, 0x9cce7756, 0x71d529d0, 0xeef6740b, 0xb58122e3, 0xb44a8f1c, 0x72363800,
            0x288ac317, 0x7994a7b1, 0x2e53a239, 0x800ffb8e, 0x66b63ab9, 0x06d75a73, 0xcac2df21, 0xbc0b017d,
            0x91b589c9, 0x84fe268f, 0x26122c58, 0xf70d882d, 0x83ecea5e, 0x65552b69, 0x0f5d79ed, 0x8e9714c1,
            0xfa7676b2, 0xa7d84174, 0x2100e089, 0xe6b7fa6a, 0x606f5b97, 0x5338e3d4, 0x40aa2dbc, 0xecdec824,
            0xa613ec8b, 0x2c7b1e16, 0xd7c8fe06, 0x5ab2c04a, 0x5f88b0b4, 0xadb1733a, 0x183e6a84, 0xb170ffe2,
            0xe1a536bb, 0x1f2ca655, 0x4ff96f0c, 0x7e866b60, 0xbe23bd52, 0x976ce8e7, 0x31713f31, 0x682ed5f6,
            0x0e96d412, 0x3663f3e0, 0x02268772, 0xa3299c75, 0x6bcdc426, 0xfcaf179c, 0xb35843cd, 0x084fb53c,
            0xab681214, 0x74ef592e, 0x3359831e, 0x5602932a, 0x43493c6c, 0x3b180d7f, 0xd0da32d7, 0x49200e22,
            0xb9317183, 0xbfe810ad, 0x785f0a4e, 0x8f5cb93e, 0x05344ba3, 0xa2e2318a, 0x7a77b661, 0xd89bbcb6,
            0x1bdd7b54, 0xde42dd98, 0x344b4fcf, 0x7bbc1b9e, 0xdb78ad66, 0x69e57809, 0x983faa57, 0xff4c064c,
            0xae5262ea, 0xb293ee32, 0xaf99cf15, 0x5c6ba164, 0x8bad643f, 0x04ffe65c, 0x589a7c65, 0x3580e230,
            0x884e75ef, 0xcdd013f0, 0x6cdf08f7, 0xb8fadc7c, 0x8d740511, 0x871d375f, 0xd42befd6, 0x19f5c77b,
            0xf01f44fc, 0xe06e9b44, 0x0cbe683d, 0xaaa3bfeb, 0x6ef7b4d8, 0x445bf0bd, 0xc5919d91, 0x9a171678,
            0x96a74518, 0x2f980fc6, 0xac7adec5, 0x2b69d2c7, 0xc7b921be, 0x8cbfa8ee, 0x939d35e6, 0xc45a306e,
            0x99f407a8, 0x7d657ab0, 0x0d75c5c2, 0xe49f4645, 0x16a685cb, 0xf85eca9d, 0xcff8afdf, 0xe82f1525,
            0x139cf535, 0xb7a99ecc, 0x76c7e501, 0x55e182fa, 0xf6c625d2, 0x45905d42, 0xdc6a61b7, 0xfd64ba63,
            0x3c0ac1ae, 0x5da00c9b, 0x9f2d6686, 0x907e2436, 0x6f3c1927, 0x1ee70baa, 0x9ee6cb79, 0x1d041a7a,
            0x7caed74f, 0xf9956762, 0xa88b03c4, 0x5951d19a, 0x000e3b5d, 0x6247e7b8, 0x5b796db5, 0x3ad3a080,
            0xd3392307, 0x8985d810, 0x03ed2a8d, 0xf5253402, 0x41618043, 0xfbbddb4d, 0x7524f4d1, 0x9d05daa9,
            0xcb0972de, 0x4b08b20d, 0x649e8696, 0x701e842f, 0x071cf78c, 0xdab30099, 0x38fb1caf, 0x51105ffb,
            0xb0bb521d, 0x638c4a47, 0xd9501149, 0x85358b70, 0x6a0669d9, 0xf4ee99fd, 0x677d9746, 0xbb19cdac,
            0x32922ee1, 0x29416ee8, 0x27d981a7, 0x3dc16c51, 0x954454c8, 0xa940ae3b, 0xf237f8d3, 0x822747a1,
            0xebcc04f5, 0x098418c3, 0xf3fc552c, 0xf1d4e903, 0xb6623333, 0x22e3f159, 0x0baca4ec, 0xc8ea630e,
            0xe38d8a94, 0xa5f0fd5b, 0xce330220, 0x46734c92, 0x770c48fe, 0x1ccfb785, 0x52f34e2b, 0x125758ca
        },
        {
            0x44200340, 0x354b74ac, 0x683884f4, 0xfd0851d5, 0x0eceb3e7, 0xbe52d9f3, 0x0fe9e011, 0x62a03f01,
            0x7c89477f, 0x077a8b66, 0x387c2ea3, 0xc7aac568, 0x13cb48ed, 0xde2c5cec, 0xad4cfb82, 0x72929e04,
            0x3a77fe21, 0x2ccded28, 0x4f9feb43, 0x1efc12e2, 0xe2067a5d, 0xa9cf990c, 0x7736af7c, 0x21fab727,
            0x1b58239a, 0xac6ba874, 0x5b2e28c8, 0xfaa7b02f, 0x753d7ffe, 0x87dcce3a, 0x1dd09196, 0xc1227764,
            0xfb80e3d9, 0xdb886d94, 0xf118582c, 0xcd327e9d, 0x32e49556, 0x41843238, 0xe5a99ba7, 0x0cc56365,
            0x7a01f573, 0x67040e79, 0x245e865f, 0x6cbbe67a, 0xa07ba18d, 0xb8da6bff, 0x10e7cb99, 0x3fd3cf59,
            0x5925f84a, 0x9bfe66c6, 0x94c2ec4b, 0x4917594f, 0x97ee6f3f, 0x8278ff42, 0x0a4dd169, 0x438fe2ba,
            0xae6078f6, 0x573e2131, 0xbd7e5a87, 0x741a2c08, 0x5fad4a46, 0xb4ca6206, 0x9c51873c, 0x03f9e9e8,
            0x346c275a, 0x05715be4, 0xdd00df98, 0x2772052b, 0xe89ec1a8, 0xd593b4ef, 0x265556dd, 0x8c632639,
            0x8e68f6bb, 0xb0490088, 0xabc4498e, 0x1874a0ee, 0x1543fae1, 0xf8ac60ad, 0xa8e8cafa, 0x2579d5a9,
            0xdaaf3e62, 0x51b6933d, 0x2969dc50, 0x98d2e5b2, 0xaf472b00, 0xbbf6e88b, 0xcc152d6b, 0x5412a245,
            0xf234db58, 0x90418ec5, 0x99f5b644, 0xef312052, 0x462bd3c2, 0xd798646d, 0x691fd702, 0x2b620cd2,
            0xd6bf379b, 0x85d71eb8, 0xb7e6e172, 0x2ec63daa, 0xa4f8c303, 0xcbbacc91, 0xb9fd3809, 0x8f4fa54d,
            0xd8a4eee0, 0x7611fc8a, 0x1fdb4114, 0x9d76d4ca, 0xe9b9925e, 0x650fdefb, 0x30ef45d4, 0x4cb36837,
            0xb6c1b284, 0x4d943bc1, 0x70994e86, 0x284e8fa6, 0xc8964fe5, 0x86fb9dcc, 0x04560812, 0x936d0db1,
            0xb5ed31f0, 0x48300ab9, 0x95e5bfbd, 0x63876cf7, 0x924a5e47, 0xcf39ae1f, 0x3dd81fdb, 0xdf0b0f1a,
            0xed3af0d0, 0x0de23093, 0x084601eb, 0x8bccc7c3, 0x12ec1b1b, 0x6f97650e, 0x9e5a57be, 0xc20ef410,
            0xc68d969e, 0x17482a63, 0x835facb4, 0xea95112a, 0x4a3bda3b, 0xd110d661, 0x166f7995, 0xbf758a05,
            0x6a335476, 0xfc2f0223, 0xc329a7e6, 0x450750b6, 0xd23c5515, 0x5802abbc, 0xc5a115ea, 0xa35722f9,
            0x73b5cdf2, 0x1464a917, 0x1cf7c260, 0x11c0986f, 0xca9d9f67, 0x5091c0cb, 0xd4b4e719, 0x5da69ac4,
            0xe68518d3, 0xe48ec851, 0x7fa5c40b, 0xff038157, 0x3b50add7, 0x6eb036f8, 0xee1673a4, 0xf4bc6954,
            0x40a361ce, 0x9ad93530, 0x9166dd33, 0xce1efde9, 0x42a8b14c, 0xf790ea20, 0x64288d0d, 0x60abef83,
            0x4b1c89cd, 0x470c8034, 0x529a1049, 0xa5df90f5, 0x20dde4d1, 0x618cbc75, 0xc0052492, 0x66235d8f,
            0x23f167a5, 0xf31388ae, 0x0961521d, 0x792d7607, 0x84f04d4e, 0x8aeb9435, 0x065dd890, 0x3667f7d8,
            0x9f7d0448, 0xa6f31381, 0x6b140780, 0xb242d00a, 0xc9b11c13, 0xaae31a78, 0x96c93cc9, 0xa270710f,
            0x88e044b7, 0xec1da326, 0x1a7f706c, 0xdc278c6e, 0xf59b3aa2, 0xd0378597, 0xc486461c, 0x31c81622,
            0x02deba1e, 0x7dae1489, 0x3cff4c2d, 0x4eb8b8b5, 0xbc590971, 0x2fe16e5c, 0x22d63453, 0x89c71741,
            0xfe24d2a1, 0xa7d44077, 0x7e8297fd, 0x80732fc0, 0xe12af929, 0x71be1d70, 0xf03f0bda, 0xe00daadf,
            0x2deabede, 0x01f2396a, 0x780a25f1, 0x7b26a685, 0xd31b06e3, 0x5c81c932, 0x395b7d55, 0x2a455f24,
            0x3ef49caf, 0x561972c7, 0xb36583fc, 0x6d9cb58c, 0x00d56a9c, 0x81547c36, 0x5a097b3e, 0x8d4475cf,
            0x33c3c6a0, 0xe7a24b25, 0xf6b7b9d6, 0x3740a42e, 0xf98b335b, 0x5535f1b3, 0x53bd43bf, 0x1953f318,
            0xe32129ab, 0x0b6a829f, 0xb16e537e, 0xbad1bb7d, 0xebb242dc, 0xd983bd16, 0x5e8a19b0, 0xa15cf27b
        }
    },
    {
        {
            0x62b403bb, 0x1b40c7e2, 0x3a973d30, 0x052d156e, 0x279ef54b, 0x977d6fd7, 0xe8b68952, 0x19f7423b,
            0xd5bb24d5, 0x00762d45, 0xb3f1ad2e, 0x50e14a7d, 0x2ef933d6, 0x8ba73882, 0x6e88fd0d, 0x079a90b7,
            0x879bc634, 0xc7ea08ef, 0xbca9496f, 0xf983bf9f, 0x31477e74, 0xa2c49be3, 0x585513ce, 0xca056977,
            0xbb45f49d, 0xd70ca10c, 0xb6aa9505, 0x177c3954, 0xf6db5bde, 0x4a043ff4, 0xf85020b1, 0x9d7eb3bd,
            0xe559e8ca, 0x5fb9ae3c, 0xcde9d485, 0x81a4e4e8, 0xad9c7fa2, 0x746d8884, 0x0c4ad3f3, 0x031237b2,
            0xe7ee6d13, 0xa4fbb93f, 0x2ba20bfd, 0x6c3f78d4, 0xef5a34a0, 0x84ffdcc3, 0xb2223200, 0xb095b7d9,
            0x56de68a1, 0xb14628f7, 0x4363f969, 0x4bd7a0da, 0x5ae29617, 0xe965167c, 0x22c5cd60, 0x33f0fbad,
            0x60038662, 0x1227017f, 0xbfcd5398, 0x0efd562a, 0x8f2f9f87, 0x25297092, 0x3fcc051b, 0x08c274f6,
            0xffbc9d43, 0x01a5b26b, 0x9091d225, 0x3ca81fec, 0x82c0fe1f, 0xe002d0e1, 0x141823a3, 0xf253fcdb,
            0x75be17aa, 0x7e6e54ee, 0x77099273, 0x1a9358cc, 0xf46cde07, 0xa79fa3c8, 0x8a74a7ac, 0x5e6a3112,
            0xaef86555, 0x06490f99, 0x49602503, 0x264d6a65, 0x21a1d797, 0xfcd887b4, 0x6558be49, 0xa8c74789,
            0x29158e24, 0xa31704cd, 0x7ae6f3eb, 0x9fc93664, 0x6a005a08, 0x9a920e4f, 0xf708c4f0, 0xbd7ad641,
            0xc63997c1, 0xdb305fba, 0x1fc860e7, 0xd13383d0, 0xd2579927, 0x6bd3c526, 0xea010c8b, 0xb7790a2b,
            0x61d0194c, 0x37785ca8, 0xebd293a5, 0xc55d8d36, 0x648b2167, 0xaba35d7e, 0x455cdbb5, 0x696440ff,
            0x94197520, 0x83136131, 0x7252aa58, 0x7cd9d137, 0x41d47cb0, 0x80777bc6, 0xd6df3e22, 0xf5bf4129,
            0xfe6f026d, 0x8648591a, 0x4f5f07df, 0xec3e2e57, 0x4007e39e, 0x448f449b, 0x9b419161, 0xd0e01cfe,
            0x5b310939, 0x91424d0b, 0xdcdce248, 0xba966bb3, 0x2c4eb60f, 0xfd0b189a, 0xe2b55538, 0xd468bbfb,
            0x341c465f, 0x1cac7a10, 0x6dece7fa, 0x95caea0e, 0x1e1bffc9, 0x47eb5e6c, 0x7b356cc5, 0xdfb8f8bf,
            0x99f614b8, 0x9e1aa94a, 0x852c43ed, 0x39f327c7, 0x0a75f12f, 0xd854454d, 0x73813576, 0xac4fe08c,
            0x5cddb4cb, 0x6f5b6223, 0xa0731e3a, 0x15cbbc8d, 0xcbd6f659, 0xf0e47902, 0xcf5e515c, 0xa1a08114,
            0x5132d553, 0x13f49e51, 0x67ef3b90, 0x2316524e, 0xa5282611, 0xdae3c094, 0x36abc386, 0x68b7dfd1,
            0x8910bd5b, 0x5256cfa4, 0x4c3b1d28, 0xa64c3ce6, 0xe366ca16, 0x207248b9, 0xb5ce8ff2, 0x3820b8e9,
            0x2d9d2921, 0x1824dd15, 0xcc3a4bab, 0xaf2bfa7b, 0xe1d14fcf, 0x78517632, 0xc2b130c4, 0xfae7a568,
            0x0d994cdd, 0x0ba66e01, 0x3e1f9a35, 0xd3840609, 0xbe1eccb6, 0xc006b51d, 0x5d0e2be5, 0xc362afea,
            0x48b3ba2d, 0xde6b6791, 0xb821ee6a, 0xc8b2ecae, 0xb41d10dc, 0x28c6110a, 0xee89ab8e, 0xc1d52a33,
            0x32236483, 0x8c4b8570, 0x88c32275, 0xa914d8a7, 0x3094e15a, 0x16afa67a, 0x5385508a, 0x0911ebd8,
            0x8efc00a9, 0xaa70c250, 0xb9f27144, 0x42b06647, 0x4e8c98f1, 0xd987da63, 0x8d981a5e, 0xfb343a46,
            0x7136b0af, 0x2a7194d3, 0xdd0f7d66, 0x922657fc, 0x5469ed78, 0x663ca4be, 0x70e52f81, 0xededb179,
            0x109084a6, 0x1d7fe53e, 0x570df78f, 0x24faefbc, 0x7982e91c, 0x98258b96, 0x7fbdcbc0, 0xc48e1218,
            0xc9617380, 0x4638c142, 0x04fe8a40, 0x11431b88, 0x93f5c8d2, 0x55ba7256, 0x0f2ec904, 0xf38063f5,
            0x76da0d5d, 0xf137e62c, 0x7d0a4e19, 0x35cfd971, 0x02c1a89c, 0xce8dce72, 0x4de88206, 0xe48a77e4,
            0x2f2aacf8, 0xe63df23d, 0x9cad2c93, 0x59868ce0, 0x3d7b80c2, 0x96aef0f9, 0x63679c95, 0x3b44a21e
        },
        {
            0xfc8fbe61, 0x9b0f51d1, 0x0d4d3238, 0xfac4e329, 0x0669d1c1, 0x2334cfcb, 0x2e5b717a, 0x5d7cc642,
            0x89e35411, 0x53fbedcd, 0x32305f35, 0xe30c0510, 0xaf56df25, 0x1300bf2d, 0xc477b840, 0x1fa137f8,
            0x920d1172, 0xa8d3b409, 0xc5b98e24, 0x28102c32, 0x4117e80d, 0x49db9eca, 0x58df0e34, 0x3b321f96,
            0x0ea5a706, 0x3cb774ba, 0x365da127, 0x10e82a13, 0x0ac85914, 0x8542dcc4, 0x457a161f, 0xc6511b1a,
            0x95887a5e, 0x9f62afc3, 0xb7500f78, 0x8e663f3d, 0xccbbce87, 0xcb3ea5ab, 0x3f5fe184, 0xa79aa9e2,
            0x4e5ef5e6, 0xf7ab5d98, 0x712398eb, 0x4db660d8, 0x72cb0dd5, 0x7768c5a3, 0xb69e391c, 0x68eb7ed2,
            0xab3b2137, 0xefad8dc5, 0x31d8ca0b, 0x812f22d6, 0xddbf5e79, 0x21126c91, 0x43314b57, 0x0f6b9162,
            0x9ac167b5, 0xe761fb02, 0x6acddd88, 0x5e94537c, 0xbe524fdb, 0xd57328be, 0x269707bd, 0xf6656bfc,
            0x55b0b085, 0x058144ff, 0xcaf093cf, 0xde57cb47, 0x2bf8b90c, 0x61e93e71, 0x4c7856bc, 0x37939743,
            0xf02e36b4, 0xc79f2d7e, 0x42ff7d33, 0x97aed904, 0x5cb2f026, 0x154be265, 0x7480509d, 0x24b1a4e7,
            0x176d413f, 0x46928321, 0x4815a8ae, 0x73053bb1, 0x6d48b6a4, 0xf443c8a6, 0x501378f3, 0xe12aa64a,
            0xd0d0e0c8, 0x8c409c67, 0xf92c7617, 0x19ea6ab0, 0xebc073d7, 0x22faf9af, 0xcf535bb9, 0x7821d848,
            0x00228c89, 0xd2f64392, 0xd9d2a06b, 0xdbf40331, 0xd7558be4, 0x0b066f70, 0x5b379b0a, 0x35b53419,
            0xe828e6e9, 0x76a6f3c7, 0x257f9283, 0xc3f2d36c, 0xbbf187ad, 0x275931d9, 0xb576ac22, 0x79efee2c,
            0xb11b5230, 0x82c7b7e8, 0xa2396194, 0x8a0bc12f, 0xae98e941, 0x07a7e7a5, 0x882d6275, 0x40d9de69,
            0x16a3775b, 0xb4b89a46, 0x01ecbaed, 0x547e86e1, 0x1485d401, 0x754e66f9, 0x8d8eaa03, 0x1d8794a2,
            0xa3f757f0, 0x80e114b2, 0x7fa4b364, 0xf1e000d0, 0x6b03ebec, 0x4bfd3d90, 0x4a330bf4, 0xad707c7f,
            0xacbe4a1b, 0x9c8a3afd, 0x902bb228, 0xe5475858, 0x94464c3a, 0xed8b2e9f, 0x1a02ff8e, 0xea0e45b3,
            0xa4723cdc, 0x3016fc6f, 0x8309818c, 0xc8d63095, 0xc1d47036, 0x7a077b12, 0x6584c063, 0x87647f9e,
            0xe9e6d08d, 0x91e5844c, 0xdf99fd23, 0xd33875f6, 0x579613df, 0x848ceaa0, 0x33fe6951, 0x67a26339,
            0xe6afcd66, 0x59113850, 0xe2c23374, 0xf20895ee, 0x9d440c99, 0x86aa49fa, 0x3afc29f2, 0x6c8680c0,
            0x3e91d7e0, 0xa1d1f4aa, 0xd69bbd80, 0xbc74ec81, 0xbf9c79bf, 0xc91806f1, 0xa91d826d, 0x11261c77,
            0x8bc5f74b, 0x03ca19b7, 0x1bccc9ea, 0x08eefa4e, 0x7e6a8500, 0xaaf51753, 0xfb0ad54d, 0x9929f28b,
            0x20dc5af5, 0xe0e4902e, 0x644af607, 0x02042fd3, 0xba3fb1c9, 0xfd418805, 0xc23ce508, 0x2db3e444,
            0x0c83045c, 0x9660ef60, 0x6f6e15fe, 0x1e6f019c, 0xb9d724f7, 0x2a368f68, 0x565825bb, 0x18245cd4,
            0x2c7dd220, 0x347b027d, 0x70edae8f, 0x9eac99a7, 0xec4518fb, 0xcd75f8e3, 0x5235dba9, 0x7c4c265a,
            0x60270815, 0x3d7942de, 0xe4896e3c, 0x475cb545, 0xb0d56454, 0xce9d6ddd, 0xf8e24073, 0x7d82103e,
            0x6201ab4f, 0x692548b6, 0xf58dfec2, 0x044f729b, 0x63cf9d2b, 0x1c49a2c6, 0xee63bba1, 0x5af9ad6e,
            0x6ea0239a, 0x2f95471e, 0xff672b5f, 0x5f5a6518, 0x93c32716, 0x44b4207b, 0x12ce8949, 0xa01fc2ce,
            0x0920cc2a, 0x38da8aa8, 0x51dd4e97, 0xa5bc0ab8, 0x3914bccc, 0xb33df16a, 0xdc71681d, 0xf3c6a38a,
            0x666c555d, 0xd81c960f, 0xda3a3555, 0xb2f3c70e, 0xbdbadae5, 0x4f90c382, 0xa6549f86, 0xb8191293,
            0xd4bd1eda, 0xfea91d3b, 0xc01a4652, 0x29de1a56, 0x8fa80959, 0x98e7c4ef, 0x7bc94d76, 0xd11ed6ac
        },
        {
            0x333385dc, 0x26383f62, 0x5c237e86, 0x5d9e5610, 0x223b83ed, 0xfe7a7536, 0xb81d4b5c, 0x62bdc601,
            0x73b5c030, 0x6be52ac6, 0x81dfa0cb, 0x328ead4a, 0xd30e0c89, 0xe0cbe446, 0xeacce71e, 0x2c3f3c3a,
            0x846134d2, 0x283c80b5, 0xacabd974, 0x57995548, 0x04f5d19c, 0xbc1ef7d3, 0x5820c209, 0x432fc760,
            0x9ed3192d, 0x9c31de24, 0xfa79c9b9, 0x0214aa1a, 0x0813a942, 0x65e19511, 0x557b9241, 0xd1eccb80,
            0x0b4c46dd, 0xa2af66a3, 0x85dc1c44, 0xcc02b56f, 0xd2b3241f, 0x8d39d815, 0xdfe87457, 0x8e66378a,
            0xe9930881, 0x24daf86b, 0x4e749728, 0x67035218, 0x131cac2b, 0x5f7c9119, 0xc2060ab8, 0xeecf5b91,
            0x6907edcf, 0xb4fb3382, 0x4895ecae, 0xf321257e, 0x7554bbb6, 0xc80109e0, 0x7208e8a6, 0x3c8a129d,
            0x4a772ba7, 0xbaff8c55, 0x6e5bbedf, 0x4bca0331, 0x983262ab, 0xdcb79bc8, 0x893a649a, 0xb9a063ca,
            0x8062885d, 0x599dea9f, 0xa04da1aa, 0xd6b09890, 0x2eddfb33, 0xa6acda2c, 0x2567d0fd, 0x3fd5fd02,
            0x16a23832, 0x77b67cbf, 0x46915379, 0xe4c858c9, 0xe62a9fc0, 0x916a8e6c, 0xcb5ee67f, 0xf1c3e277,
            0x15fdd7ad, 0x07aa3e03, 0x014b4585, 0xc4e7713e, 0x82804f54, 0xb7a4dc1d, 0xf29c0de8, 0x998f4a3d,
            0xda56e04e, 0x4c965021, 0x2d8214ac, 0x94d41a75, 0x306c6a43, 0x8a658b05, 0x6300ee97, 0x54c6bad7,
            0x61e2299e, 0xb21a4804, 0xbefc30da, 0x3889ae12, 0x68bac559, 0xa9154d6d, 0x923561f3, 0x7eee9078,
            0xe82e2017, 0xad16f1e2, 0xd051e316, 0x8bd8a393, 0x4fc9bfbe, 0xcdbf9df9, 0xa1f0893c, 0x2ade47bc,
            0xd4525f99, 0x539ae9c7, 0x7aed2cf7, 0xe176ccd0, 0x7db17fe7, 0xc159e527, 0x9f6e31bb, 0xe3940bd9,
            0xc55a59a8, 0x873edb4d, 0xcae3cee9, 0x74e99320, 0xc3bb222e, 0x171f10a4, 0xa44e1d25, 0x7f53b8ee,
            0x06171695, 0xde555cc1, 0x5227c151, 0x20d944e4, 0x956932e3, 0x0f4ffa52, 0x71570739, 0x5ac20500,
            0xfbc4e12f, 0xd8b42747, 0x978bf5ea, 0x5b7f2d96, 0xb145a79b, 0xef727307, 0x7b500461, 0x6fe69649,
            0xe229234f, 0x8683f3db, 0x93884965, 0x39348684, 0xc9bc2176, 0x50c50658, 0xb3a76092, 0x3a6b691b,
            0xbda3df45, 0xdbebc8d8, 0xf07ecae1, 0xdd0ab35e, 0xf89b0eb0, 0x191baf73, 0xb0f88f0d, 0xcf5d5af0,
            0xf72299f1, 0x104343b4, 0xfd259aa9, 0x4292eff6, 0x70ea2faf, 0x51782ece, 0xc0e4cdb1, 0x2386ab7b,
            0xd5ef770f, 0x0548f90a, 0x1ca53b6a, 0xed90b40e, 0xaa4aa2f2, 0xe797b756, 0xf47d766e, 0x0ef2d2c4,
            0x278517f4, 0xf69fb167, 0x41cd0069, 0x0af16e4b, 0x5ec1b98f, 0xec2d9c98, 0x9ad0a5a2, 0x1a4440ec,
            0x1bf9687a, 0xffc75da0, 0x79b2c368, 0x760b5429, 0x11fe6b22, 0x2f60d3a5, 0x1d1813fc, 0x1e47fc63,
            0x45cebce6, 0x346fd6cc, 0x4d2b78b7, 0xa3124e35, 0xd9090fd1, 0xeb71cf88, 0x7c0c5771, 0x3bd6418d,
            0x605f0108, 0x44739470, 0xe575705f, 0x407028ff, 0x780febfe, 0xaff436eb, 0x9b6d8d34, 0x9d8cf6b2,
            0x6a580250, 0x9636dd7c, 0x21646c72, 0x90d7a6fa, 0xae491e7d, 0x645cbd87, 0x18a687e5, 0xb619f48b,
            0xcee07266, 0x3d373a0b, 0x56247dde, 0x03a9828c, 0x00f66d13, 0x0dad3d5b, 0x8c84f083, 0x1440ff3b,
            0x4928c438, 0xf9262626, 0x31d142d5, 0xc605b637, 0x1ffad4f5, 0xa8a865fb, 0xb5461b14, 0x2981a823,
            0x2b636f2a, 0x12a184bd, 0xbf41184c, 0x833d67c2, 0xf5c05ef8, 0x368d11c5, 0x3e68d594, 0xd70db006,
            0x09ae81d4, 0x88874c0c, 0x35d2fe5a, 0xabf78a64, 0xa5f335b3, 0xc7b89ea1, 0x6d045140, 0x66be7a8e,
            0x6cb979d6, 0x0c1015cd, 0x472c7bef, 0xbb42a4c3, 0xa711f2ba, 0x8fdb1f1c, 0x37303953, 0xfc98b23f
        },
        {
            0x04801fb8, 0x415634ab, 0xd0870b87, 0xe2a54dfb, 0x53c88988, 0x104c2ace, 0x650b6a1f, 0x64ecb41c,
            0xfb77025d, 0x57292c63, 0x243ce4e7, 0x522f578b, 0x71c75f69, 0xdc7eaf54, 0xfa90dc5e, 0x9303a8c1,
            0xeabd4cc3, 0x3411747a, 0xac3f946d, 0x7020816a, 0x862843b4, 0x29229e37, 0xb6b92876, 0x832e385c,
            0x01866450, 0xc219b6a4, 0x8c836f32, 0x3f5d86ff, 0x12ff0770, 0x681510cf, 0x6b41e372, 0xb8f3a11b,
            0x6d136b27, 0x90575b7c, 0xa5c04b56, 0xeb5a92c0, 0xe34293f8, 0x9e1dd211, 0xd2342639, 0x58847b0d,
            0x20dd410c, 0x849b6e0a, 0xd7325dd1, 0xe0166045, 0x559a01dd, 0x5bd088b0, 0xb2588d9d, 0xab8ac23b,
            0xcbe6699f, 0xd581706f, 0xc0aa9b1a, 0xb0eba023, 0xf03bf0d8, 0x3a5bfd17, 0x984f5a44, 0xe4f7c5ae,
            0x99a88447, 0x9ffa0c12, 0xc71fcd4c, 0x0c981e80, 0x9d4921ac, 0xdbcbf902, 0x30f0d191, 0x4efb63c5,
            0xba408ca5, 0x857cb009, 0x92e476c2, 0x7b6c73ef, 0x14ad8f25, 0x3eba58fc, 0x33a4222c, 0xe644e810,
            0x6aa63d71, 0x0d7fc083, 0x67b847a1, 0x1cb58e1d, 0xf669788d, 0xff96a7b6, 0x31170f92, 0xe9e9bf7e,
            0x7e6a0807, 0x79df5e51, 0x11abf4cd, 0xd6d583d2, 0xa2751d00, 0x5ed6f358, 0x6cf4b524, 0x9b1ba9f9,
            0x06333206, 0x5d8200e5, 0xaa6d1c38, 0x8ad1e767, 0xfcc2540b, 0x0fcced3d, 0x46e362fd, 0xb40a05c8,
            0x7cd925b9, 0x78388052, 0xc6f8134f, 0xc14d4519, 0x807acbe1, 0xaf6b67d0, 0x213a9f0f, 0x17f97c98,
            0x74c12481, 0x819d15e2, 0x35f6aa79, 0x28c54034, 0xf4da5533, 0xd89f0abf, 0xa4279555, 0x4a1ac62e,
            0xb75ef675, 0x0b2d48d6, 0xfd258a08, 0xc9554421, 0x5c65dee6, 0x2389b2b1, 0x5a3756b3, 0xc5ace0f2,
            0x7f8dd604, 0x95512094, 0x7d3efbba, 0x3243fc2f, 0x36a259c4, 0x56cef260, 0x82c9e65f, 0x2b91b389,
            0xcc533fc9, 0x5f312d5b, 0x2e97c861, 0x737472d7, 0xdd997157, 0x665f99a2, 0xbea1294e, 0x390f0eaa,
            0x4bfd182d, 0x44504f43, 0xf78ea68e, 0xca01b79c, 0x0879bb6b, 0x509c7a35, 0x87cf9db7, 0x07d4ec05,
            0x0061ba53, 0xa8de3186, 0x3bbc2314, 0x1ae70648, 0x6fa04699, 0xcf07cc74, 0x033549ee, 0xb3bf539e,
            0x1d52501e, 0xd3d3f83a, 0x154a5126, 0xc8b29a22, 0xf9c42fe3, 0xf288dd66, 0xcee01277, 0x94b6fe97,
            0xbf46f74d, 0x9caeffaf, 0x0e2b333e, 0x8b363964, 0xa939ef85, 0xf53d8b30, 0x9605d329, 0x8d64b131,
            0xe7a33613, 0xe5101bad, 0x2768175a, 0xb10c7e20, 0xa0c630be, 0xd978d4bc, 0xd160d584, 0x2a766d8a,
            0xb9147f18, 0x1318d973, 0x0aca96d5, 0x97e20d2a, 0x7795d73c, 0xb5eddbcb, 0xf1dc2edb, 0x0567c1bb,
            0xbdf5daf3, 0x2c24e5df, 0x161ea29b, 0x2dc33bdc, 0x547ddfde, 0x268fc959, 0x69f2cecc, 0x4c484e7b,
            0xa392c303, 0xe80e617d, 0x898514da, 0xa121eebd, 0xbba752a6, 0xf36f0365, 0x38e8d0a9, 0x099e6568,
            0xf823f1e0, 0x02d297ed, 0xecefc496, 0x5963a50e, 0x7526fa82, 0x62be3c49, 0x494e3593, 0x226e6cb2,
            0x8fd79c8f, 0x4f1cbdc6, 0x43e51915, 0x6e47989a, 0x91b0857f, 0xadd84a6e, 0x4202c716, 0xa77366e8,
            0x4daf9078, 0xefbb372b, 0xcdb4e1ca, 0x3deeab41, 0xee5ce928, 0x517ba436, 0x7293acd4, 0x6359e24a,
            0xdf2a5ce9, 0xbc1204f0, 0x45b79140, 0xdecd82ea, 0x40b1eaa8, 0xda2c2701, 0x7a8badec, 0x2f701662,
            0x18542bf6, 0x8862cad9, 0xc3fe68a7, 0x600d11f7, 0x61eacff4, 0x4704bcfe, 0x1e06a3a3, 0xa694b8eb,
            0x19b3f5f5, 0x8e30428c, 0xae8cb9d3, 0xfe7179b5, 0xe1f1be46, 0xed081a95, 0xc44b3ef1, 0x1b00d84b,
            0x3c097542, 0xd466ae6c, 0x25db3ae4, 0x374587c7, 0x48a9eb90, 0x1fe17da0, 0x7672093f, 0x9afc77fa
        },
        {
            0x2e31f3ef, 0xc862ffa7, 0x51d570d6, 0xf87268d7, 0xdb67a349, 0x6e65ec44, 0x58cac065, 0x6c1e424a,
            0x79a4a5f5, 0xb9661cb6, 0x72c0bb48, 0x60858c6c, 0x475452ad, 0x61c5e7a6, 0x2c4a5de1, 0x23ea5603,
            0x3d34af01, 0xe90c9a37, 0x9057a25f, 0x62fe2262, 0x2f719825, 0x8e895b5d, 0x6be192d1, 0xfecdd386,
            0x7bdf0bfb, 0x7a9f6031, 0x5f3510fe, 0x922c0c51, 0x8a4d4e02, 0xd7fc6d6f, 0xff8db84c, 0x71fb7e8c,
            0x5bf105a1, 0x9ff7a9bd, 0x562aa04d, 0x3b8b1450, 0xda27c883, 0xdfa3b616, 0x84ad2e2a, 0x41ebe9fc,
            0xe0132a84, 0x8796ebee, 0xf02db3ae, 0x7c20db60, 0x20d193c7, 0x0b9b8320, 0x1ba51a0a, 0x9ccc6c79,
            0xc4f93181, 0x663a373d, 0xddd81818, 0xa5c34bba, 0xa4832070, 0xb7867c9e, 0xbb1db2b8, 0xfdf61642,
            0xa37cf0eb, 0x7604ae17, 0xb5fdd290, 0x8cf2f553, 0x576acb87, 0xc5b95a4b, 0x54510e43, 0x96e8190e,
            0x0adbe8ea, 0xea375ff3, 0xcca6eaf8, 0x50951b1c, 0x31af6127, 0x89768bc6, 0x98087926, 0xbda209e9,
            0x52eeb512, 0x936c679b, 0x64419933, 0xca1951a9, 0xe4d73fdb, 0xa958859c, 0x46143967, 0xba5dd972,
            0xf16dd864, 0x4c304c10, 0x9117c995, 0x356b7478, 0xdee3dddc, 0x288e48be, 0x1c5aca91, 0x11816f7d,
            0xbce26223, 0xaa634058, 0xeb773439, 0xefb32166, 0x189edfce, 0xe268848a, 0x3e0f6ac5, 0x22aa3dc9,
            0x48f4594f, 0xb34269c1, 0xb6c61754, 0x5d4ebef0, 0xf5a9cd3b, 0xe5975411, 0x8fc93097, 0x5c0ed53a,
            0xafe73ecd, 0x03c45859, 0x00ff9d9d, 0x19deb404, 0x30ef0aed, 0xfcb67d88, 0xcf9d2f3c, 0x0c6453bb,
            0x272e435c, 0x6f25878e, 0xb139c7cf, 0xe7ecfa1f, 0xa1075ee5, 0x812950bf, 0x064026cc, 0x86d68024,
            0x8352feb1, 0xe153414e, 0x53aeded8, 0xc03d24de, 0x70bb1546, 0x9a73d728, 0x043b88c2, 0x39f0ba5e,
            0x2d0a362b, 0x9d8c07b3, 0xf69208ff, 0xc922946d, 0x33d4cf29, 0x1f610f55, 0x2191f80d, 0x10c104b7,
            0xfa09c6d9, 0x173ed42c, 0xd003bdf4, 0x29ce2374, 0xe328ef40, 0xd6bc06a5, 0x3650b1bc, 0x446f9769,
            0x1ae571c0, 0x439047f2, 0xb826777c, 0x4bcf9c8b, 0x49b43285, 0x7f1b1ea4, 0x0f5f967f, 0x07004d06,
            0x677a5cf7, 0x598aabaf, 0xf7d26335, 0x97a872c4, 0xd85c668d, 0xf2561da0, 0x6d5e2980, 0x140511e8,
            0x8db29e99, 0x1d1aa15b, 0x3f4f010f, 0x85ed45e0, 0x452ffca3, 0x8b0d25c8, 0xc7c2f445, 0x01bff657,
            0x6501f2f9, 0x3294a4e3, 0xcde68132, 0x994812ec, 0x7d60b0aa, 0x38b0d194, 0x9493b700, 0x4f0b89d4,
            0xec88e4a2, 0xa047352f, 0x78e4ce3f, 0xaea75507, 0x40ab8236, 0x0e1ffdb5, 0xd143d63e, 0x6aa1f91b,
            0x7744c5dd, 0xa6f88e7e, 0x4d7027da, 0x95d3dcca, 0x5e757b34, 0x057be308, 0x02843393, 0xe6ac91d5,
            0xd587c361, 0xeef34aac, 0x08a046e4, 0xfb49ad13, 0xad9c90c3, 0x3acb7f9a, 0x1e21649f, 0x68da5715,
            0x3c74c4cb, 0x8212957b, 0x8836e00c, 0xc2468ad0, 0x55116589, 0xb202020b, 0x342b1fb2, 0x2bb58d7a,
            0x0d243871, 0x4e4be21e, 0x7e5b756e, 0x266e2896, 0xd27813fa, 0x2555ed52, 0x3710da76, 0xbe99cc2d,
            0xf316766a, 0xf932031d, 0xd4c7a8ab, 0xe84cf1fd, 0x63be49a8, 0xc6829f8f, 0x9eb7c277, 0x42d02c38,
            0x699a3cdf, 0x12baaab9, 0x753f6bd3, 0x167ebfe6, 0xd3387830, 0xa23c9b21, 0xcb593a63, 0xdc9873d2,
            0x15457a22, 0xbfd9a7e7, 0xd91c0d47, 0x13fac173, 0x4a8ff741, 0x24158698, 0xf4e9a6f1, 0xc306e11a,
            0xc17d4f14, 0xa7b8e5b4, 0x2af5e6b0, 0x747f0019, 0x9b33bce2, 0x80693b75, 0xedc88f68, 0x7380d082,
            0x09e02d2e, 0x5ab16e6b, 0xb4bdb95a, 0xacdcfb09, 0xab232b92, 0xa818ee56, 0xb079ac05, 0xcedd44f6
        },
        {
            0xcbcc22c8, 0xe1ecea9b, 0xa208df1b, 0xbf907665, 0x01c51376, 0x5937e349, 0xb6985056, 0xc33d891c,
            0x44af4a37, 0x268a8af5, 0x0d53cf41, 0x246391d7, 0x15559c3b, 0x69f86342, 0x14ac11dc, 0x34946979,
            0x2c923a03, 0x1da437ef, 0x13dbf0fa, 0xec83bb4b, 0xaaf974cf, 0x310a937d, 0xd1236a90, 0xd4bd9094,
            0x3e8cd98f, 0x10cb663f, 0x19c3400c, 0xddb5b6a7, 0xf57c65d6, 0x5d5094aa, 0x902e4432, 0xa796251f,
            0x91d7c9d5, 0xccbbc3ee, 0xc8dcb40d, 0x2004e634, 0x790f9bec, 0xb588c693, 0xf485e831, 0xc02d1fd9,
            0xcd424e09, 0x9cb89805, 0xf3f20917, 0x12227d1d, 0x8f5ff66e, 0x4131b033, 0x7007bddf, 0x6787a457,
            0xdac25781, 0xff64d520, 0x667e29b0, 0xe91d414f, 0x6c669946, 0xdb3bda66, 0xf11b1235, 0xe305f1b9,
            0xca35af2f, 0x16450afe, 0x98dfefe6, 0x83c92a59, 0xb8e79743, 0x30f31e9a, 0x1c5dba08, 0x88281748,
            0x1eb4a12a, 0x95b0be36, 0xad8e95e9, 0x656ebf75, 0xc2c404fb, 0x0bdda380, 0xe69b0bbd, 0xc44a683a,
            0xdea52062, 0x8b38818d, 0x77705cf9, 0x2e7b2121, 0x62195e53, 0xe8e4cca8, 0x8230a7be, 0x8657d05d,
            0x4f4e7726, 0xc92539ea, 0x8120317b, 0x73172b1a, 0x7460ca3c, 0xa486b3da, 0x3b12238b, 0x28f54de0,
            0x89d19aaf, 0x84becb7f, 0x2a1c56c2, 0x58ce6eae, 0x02d585b3, 0xc5b3e5dd, 0x78f6160b, 0xf66cf313,
            0x6e8f8264, 0xe2fc7c5e, 0x92c75f10, 0xe58b9d78, 0x6d9f14a1, 0x367d725b, 0xac77180e, 0xe015677c,
            0x7689d11e, 0xf7957ef4, 0x8ea67b89, 0xb306aa52, 0xf9eab9e1, 0xb0163c97, 0x7e787aca, 0xce52d8cc,
            0xfc7443e5, 0xd3ca71b2, 0x944933d1, 0xe472109f, 0xa57f3e3d, 0xdf5cad85, 0x5748245c, 0x85474698,
            0x1b2a5b2e, 0x4556c7d0, 0x321a05b8, 0x9d4115e2, 0xbe69fb82, 0x0fbad463, 0x27730712, 0x2d6bb7e4,
            0x5a27758c, 0x4b2900c5, 0x6f760f83, 0x8c4f60ab, 0xbbf70186, 0xbc80e0a0, 0x8ac10c6a, 0xebf45a6d,
            0xe762865a, 0x43d8ab11, 0xb2ff27b5, 0x5bdef86b, 0x8db6ed4c, 0x231470f1, 0x2be5db25, 0x7be680ce,
            0xcfab552b, 0x3784ffbc, 0x71fe3038, 0x05a26495, 0x356de49e, 0xb761ddb1, 0xdc4c3b40, 0xd7ad0651,
            0x0caa42a6, 0xd9d2c144, 0x933ed2f7, 0x032c0854, 0xfe9d58c7, 0xc6a37318, 0x3802b54e, 0x48399600,
            0x1132ebd8, 0x52d6de58, 0xa11849de, 0x045be972, 0xd0dae777, 0xb4714b74, 0x46465115, 0x5ca9194d,
            0x3d9c4f4a, 0x06b2f250, 0x7a1f0d29, 0xa9e9e20a, 0x60f04571, 0x9e518327, 0x72eea6fd, 0x0934b8a2,
            0xa66fa8f8, 0xaf678ecb, 0x074b7fb7, 0xb1efb170, 0xab00f928, 0xf8133406, 0x80d9bc9c, 0x33e3885f,
            0x9fa80ec0, 0x5458b299, 0xf20b84f0, 0x08cd3545, 0x96a028f3, 0xa0e1c439, 0x6801eea5, 0xb91e1aa4,
            0x4da76c04, 0x87ae5dba, 0x39fb38a9, 0x532f53bf, 0xd233fc55, 0x47bfdcf2, 0x56b1a9bb, 0x64973292,
            0x3aebae6c, 0xfb03a2c3, 0xd82b4ca3, 0x9a36f4c4, 0x21fd6bd3, 0x003c9e91, 0x63e0d3b4, 0xbd796d47,
            0xa3f152fc, 0x1f4d2ccd, 0xc1d4923e, 0x5e40026f, 0x6b117860, 0xc75afeff, 0x7f81f72d, 0x0e435984,
            0xef932d8e, 0x7d68ec0f, 0xd6548bb6, 0xd5441d73, 0x3c65c2ad, 0x422126f6, 0xba0e8c61, 0x99266201,
            0x759947db, 0x290cc007, 0x9bcf7923, 0x6ae8f587, 0x503fc57a, 0x40c83dd4, 0xf0e29fd2, 0x9759a514,
            0x7c9161e8, 0x0a242e67, 0x2f82acc6, 0x6109c896, 0xee6aa069, 0x4eb7fac1, 0x1ad3d6c9, 0xfafa2f24,
            0xae9e032c, 0x4ad08d22, 0x17bc8719, 0x51c6489d, 0xed7a36ac, 0x4c5ee1e3, 0x3f755468, 0x183acdeb,
            0xfd8dce02, 0x49c01be7, 0xea0dd78a, 0x259a1c30, 0xa8106fed, 0x55a13f7e, 0x5fb98f88, 0x22edfd16
        },
        {
            0x790b303d, 0xf652e220, 0x5735fbfb, 0xb86feb69, 0xc114c4c7, 0xe4279102, 0xc0e4ad34, 0x965120af,
            0x2ab58c1e, 0xa1170648, 0xdc9771ad, 0x5c3865f8, 0x6b7e431f, 0xdd67185e, 0x58c33db3, 0x7fb47046,
            0xd0d5c626, 0xff1b6413, 0x836b7a05, 0xca195ac4, 0x6073dd1c, 0x7e4419b5, 0x68ca32dc, 0xf11dcba8,
            0xcd56734c, 0x8866e406, 0xa7a84633, 0x98578f14, 0xaca5d830, 0x6dc10364, 0x0a8de863, 0x170e5d09,
            0x0c32a818, 0x21b8121d, 0x7206ae3e, 0x5e7c7dc8, 0xf7a28bd3, 0x1b4cea82, 0x41bbd092, 0x770d9f86,
            0x1908f2b2, 0x220c63de, 0x76fdf675, 0xc85d42f4, 0x404bb961, 0x95e5516c, 0xa6582fc0, 0x97a1495c,
            0xa9aee988, 0x5f8c143b, 0x74b9ee45, 0x56c59208, 0x25434a56, 0x26f73b95, 0xfeeb0de0, 0x5571e3cb,
            0x057b2e2b, 0xba2bf359, 0x8d6dd5be, 0x7abf41fe, 0x0b7d8190, 0xcbe93337, 0x9d5cbeac, 0xbbdb9aaa,
            0x2b45e5ed, 0xcca61abf, 0x48f256a1, 0x4fbd7f29, 0x829b13f6, 0xd66a865d, 0x2c0acc65, 0x470490e9,
            0x4c090eea, 0xb362756a, 0x43ffc8a2, 0x6a8e2aec, 0x78fb59ce, 0x35722144, 0xe793e0c1, 0x8a22fc36,
            0x393096cf, 0x90ee60d4, 0xb2921c99, 0x37363974, 0x08c9f053, 0x9415389f, 0x2901fddd, 0x073f361b,
            0xad55b1c3, 0xd99c4015, 0x85d43a7e, 0x8c9dbc4d, 0xfbe03c58, 0x3189790f, 0x53cea3b0, 0xc2a0b504,
            0xeeda66f2, 0x28f1942e, 0x523eca43, 0x0dc2c1eb, 0xa3531e78, 0xc65bed4f, 0x38c0ff3c, 0x420fa151,
            0x518abb80, 0x49023f52, 0xf0eda25b, 0x16fe34fa, 0x348248b7, 0x693a5b2f, 0x27075266, 0x0f86d9db,
            0xc41ff57f, 0x3e7fbf47, 0x2fbebda6, 0x9a139724, 0xe6638932, 0x8f29cd8e, 0x63c7acdf, 0x3b748eff,
            0x80df0bc6, 0xb42d5ce2, 0x1e47db3a, 0x66cc9d67, 0xbf20c2e1, 0x86604bbd, 0xbc94b322, 0x9f18a69c,
            0xa2a3778b, 0xb99f829a, 0x71b2dffd, 0x023407a3, 0x5dc80c0b, 0x1abc8371, 0x6237c52c, 0xe12ca0ba,
            0x6c316a97, 0x7df06876, 0x8424538d, 0x6f851b54, 0xaa1a984b, 0xaee1c000, 0x935a1117, 0x92aa78e4,
            0x4b462762, 0xfa1055ab, 0x454088d9, 0xb7992d21, 0xe0dcc949, 0xa5ec5e03, 0x9be3fed7, 0x11b11d72,
            0xb66944d2, 0x8ed9a47d, 0x9cacd75f, 0x307910fc, 0xabeaf1b8, 0xe9954f7a, 0x4e4d16da, 0xf359d398,
            0x59335440, 0xe368b88a, 0xbed0ab12, 0x13f50542, 0xc5ef9c8c, 0x2dfaa596, 0xfd5f7c23, 0xaf11a9f3,
            0xec9e7ec2, 0x18f89b41, 0xda2831d6, 0xed6e1731, 0xd5def79e, 0xbd64dad1, 0xa85e807b, 0xf9a42468,
            0x54818a38, 0x03c46e50, 0x7042b60e, 0x1fb7b2c9, 0xea213eb9, 0x12056cb1, 0x23fc0a2d, 0x8bd295c5,
            0xb5dd3511, 0x8790224e, 0x154a4539, 0x73f6c7cd, 0x5a872583, 0x3dcbce84, 0xd79aefae, 0xc7ab84bc,
            0xd42e9e6d, 0x048b47d8, 0x9ee8cf6f, 0x4df96719, 0x46f4f91a, 0xded3699d, 0x00701f93, 0x20487bee,
            0xc350dcf7, 0x0e76b028, 0x99a7e6e7, 0x673cf494, 0xe8652689, 0x754987b6, 0x01807660, 0x1df3aaf9,
            0xa0e76fbb, 0x812f6235, 0xe298d179, 0x2e4ed455, 0x44b0e12a, 0x3a84e70c, 0x10417481, 0xd86c29e6,
            0x3c3ba777, 0x093999a0, 0x36c65087, 0xb0d604a9, 0x7c000185, 0xf8544d9b, 0x507ad273, 0xf5e693e3,
            0x06cf5fe8, 0xdf23006e, 0xb1266d5a, 0x6e7572a7, 0x64888557, 0x14ba2cca, 0x24b323a5, 0xebd1574a,
            0xcf126b7c, 0xfcaf15d0, 0x911e0927, 0x323d08cc, 0xe5d7f8f1, 0x7b4f280d, 0xa41c37f0, 0x4ab64e91,
            0xcee2028f, 0x5b774c70, 0xd361b7e5, 0xc9ad2b07, 0xf2a9ba6b, 0x6578eca4, 0xd291de16, 0x1c03c30a,
            0xef2a0f01, 0x6183b4ef, 0xdbd85825, 0xd125afd5, 0x33cd613f, 0x3f8fd6b4, 0x89968df5, 0xf416fa10
        },
        {
            0x272800b3, 0x615e7571, 0xd70650ab, 0x749d9ac7, 0x0d9b01f8, 0xb062dac4, 0x96a8a0dd, 0x01e27aaa,
            0x99db9362, 0x78e4e195, 0xf2c6625f, 0x5afc56d5, 0x3e929457, 0x20f08507, 0x13f910a8, 0xacc7c9ec,
            0x302ced7d, 0xb57d5d08, 0x80610786, 0x1c8a2317, 0x8c187cd4, 0x34fe2024, 0x449e4785, 0xed69399a,
            0x6aff8b97, 0x81ac4d13, 0x4c35f18e, 0xc2c5bf1d, 0xe21a0a25, 0xe9bbf4c3, 0x658cb828, 0x57486712,
            0xcba34383, 0x5090e2a6, 0x07f7b58b, 0x48e73cd7, 0x62543d9c, 0x7dfb6659, 0x2f83b6b8, 0x2c89fe55,
            0x25ef02cb, 0xde60ac35, 0x32ebef05, 0x7ef12eb4, 0x4f3fb963, 0xcebcc44f, 0xd1139f8a, 0x23facdea,
            0x583b54ad, 0x7beea978, 0x032578d2, 0x0949cca1, 0x836b4f6b, 0xbdd6eb03, 0x213dcf92, 0xc1cff7f0,
            0x16e69764, 0x88cab18d, 0x674bba50, 0x37f468c9, 0xbbc32422, 0xe876be56, 0x539aaa4b, 0x3d98dcba,
            0xb7ba5f70, 0xf0016027, 0x0a43844c, 0xfc781b75, 0xc4d0703c, 0x8907fb18, 0xf30b28ca, 0x9ad1db8f,
            0xbf11e97b, 0x7a23e3ed, 0x8bc0f960, 0xe7058de9, 0x704f579e, 0xc96441fb, 0xfdb551e0, 0xd9b82981,
            0xfa6dd454, 0x6cea44b6, 0x90bd6ffc, 0x26e54a26, 0x7f3c6421, 0xee637177, 0xca6e0916, 0xe40fc504,
            0x59f61e38, 0xf51ee7eb, 0x2237877f, 0xa0beb2be, 0x8edf7eac, 0xa3b4fa53, 0x47940f68, 0x87b98232,
            0x2d44b4c0, 0x1995a4db, 0xa6ab7d9f, 0x394a11e3, 0x9816d9f7, 0x558f656a, 0x9765ea48, 0x2b517be1,
            0x1a9fec36, 0xbedca3ee, 0x113e12d0, 0x5257e0de, 0x02e83247, 0x56852d87, 0x91702569, 0x5b311c40,
            0x10f35845, 0xf9679cb9, 0x3f5fdec2, 0x4df8bb1b, 0x728855e6, 0x1d476982, 0x95a2e830, 0x3326a590,
            0xb1af9051, 0x857e804a, 0x1b52a6a3, 0x9fce5c43, 0xdca7ae4d, 0x9e0316d6, 0xa46c7fe7, 0xd219d767,
            0xab1f4c58, 0x1858ee4e, 0x5ce999f4, 0x9d095e3b, 0x6686f0c5, 0xeab1bc2e, 0x002f303f, 0x60933fe4,
            0xafcd8101, 0xdb7f2bf9, 0xaad206cd, 0x8f123439, 0x71821d0b, 0xdab2616c, 0x3a40590e, 0xdd6ae4d8,
            0xd6cb1a3e, 0x0e914915, 0xe3d740b0, 0x31e1a7e8, 0x0530b7f3, 0x404c8adc, 0x063aff1e, 0xcf718eda,
            0x82a605fe, 0x73451f73, 0x7797d22a, 0x8a0db3f5, 0x5d24d361, 0x0c564b6d, 0xdfade6a0, 0xcdb68ca2,
            0x4ef2f3f6, 0xd3d49df2, 0x946fa2a5, 0xbc1ba196, 0x04fdfd66, 0x5e2e9b8c, 0xc308f588, 0xb4b0179d,
            0xf1cc2ab2, 0x172bddf1, 0xad0a8379, 0xf614af06, 0x4181c049, 0x9b1c911a, 0x29967999, 0xd5c152d3,
            0x0b8eced9, 0x765a98bf, 0xd8756314, 0xfebf190d, 0xb3689229, 0xb67715e5, 0x45530d10, 0x4bed743a,
            0xc51d3aa9, 0xe5c28f91, 0x4346c231, 0x2e4efc2d, 0x465945fd, 0xe11042c8, 0x285b330c, 0xf7d9e593,
            0xc8a90b6e, 0x1421951c, 0x1f806bfa, 0xba0e6eb7, 0x54422fff, 0xb8c96ccf, 0x683889ef, 0x8674c8a7,
            0xff725398, 0x08848634, 0xeb7cf6bb, 0x2422485e, 0xc6177244, 0x6b32c102, 0x1e4d216f, 0xae00cb94,
            0xc002bd65, 0x9cc414ae, 0x63997709, 0xa766370a, 0x6e2d46ce, 0x5fe3d119, 0xd40c1846, 0xa5a13572,
            0x0f5c0380, 0x35336ab1, 0x7929ab00, 0x428b88a4, 0xf8aad62c, 0xf4d3ad7e, 0x3b8d139b, 0xa279b0c6,
            0x2a9c3174, 0xc7da38d1, 0xa173f82b, 0x7c362ccc, 0xe6c8c77c, 0x12345a3d, 0x927a6d84, 0x84b3cadf,
            0xcc7bc637, 0xa81504b5, 0x8dd53641, 0x38875b76, 0xeca4730f, 0xd0ded51f, 0x93b72711, 0x515da833,
            0xa9d84e20, 0xb2a5d8bc, 0x15ecdf89, 0x6d270e23, 0x3639225c, 0x492a7642, 0x6441f2bd, 0x3c55962f,
            0xfba09ec1, 0x4a203eaf, 0x7550d052, 0xefae3be2, 0x69f5c37a, 0xb904265a, 0x6fe00c5b, 0xe0dd085d
        },
        {
            0x15e23565, 0xbea844b3, 0xac45d099, 0x9593b486, 0x14d09b31, 0x492f824e, 0xd3352dd9, 0x51f4c103,
            0x69100b48, 0x2d06ff2e, 0xd57ded38, 0x23c88591, 0xbb62473f, 0x5cb878d1, 0x08f375a4, 0xc368d4ca,
            0x568eafb6, 0x1ee64c56, 0x59727b5d, 0x8d48f7cb, 0x864c8ef8, 0xff74b359, 0xa5f1c493, 0xb1549058,
            0x961177eb, 0x2178e8a8, 0xe1e730f5, 0xc1d8b9f3, 0x92e9da33, 0x8882f447, 0xebd1e792, 0xb9d22a06,
            0x6214727b, 0x1c56216f, 0x0c0bd87c, 0x80044e19, 0xf2380a8b, 0xecab8927, 0xc520142b, 0x66ecdfa3,
            0x389105b1, 0x048d6222, 0xb0663e0c, 0x82b42320, 0x376dd15a, 0x199c22e3, 0x5840d509, 0xe51f9d2d,
            0x8b00372a, 0xa67307fe, 0x204a46fc, 0x89b05a13, 0xb62efeed, 0x916b195e, 0x84fce3c1, 0x7f0532ba,
            0xd44f436c, 0x6a92c825, 0xd903fabe, 0x070fa14f, 0x94a11ad2, 0x22fa2bc5, 0xafc713f4, 0xd83154ea,
            0x8ff89af2, 0x6326dc2f, 0x1752585c, 0xe69d5e40, 0x877e20ac, 0xdf4b3a5f, 0xe42d3379, 0xb49e93d4,
            0x778388e4, 0xe7aff014, 0xd18540e0, 0x34ef1237, 0x32a7d2d6, 0xba50e96b, 0x5af0b830, 0xfcf67034,
            0x33957c82, 0xfe461d0d, 0x0a43189d, 0xe265f398, 0xa4c36ac7, 0x6822a51c, 0x98df0d54, 0x1b2c4fda,
            0xed992773, 0x2a7c919b, 0x481d2c1a, 0xe85324ff, 0xd6ff2e55, 0x41a93810, 0x18ae8cb7, 0x7c87f1d7,
            0x7acf3136, 0x0f891b11, 0xa741a9aa, 0x550c6cdb, 0x2c34517a, 0x44633b9c, 0x8c7a599f, 0xe3575dcc,
            0x6de8a690, 0x5344ac3a, 0x4f6742af, 0x4e55ecfb, 0xf6c0a753, 0xf08867b2, 0xf470ca6a, 0x1d648f3b,
            0x9fa563e1, 0x422bfb7d, 0xf30aa4df, 0x4aad4123, 0x02c5a2c3, 0x0ebbb545, 0xaa0d1078, 0x72498b68,
            0x05bfcc76, 0x9b5dce39, 0xb3e4fd61, 0xa8bd7d41, 0xcf16c34c, 0x9059b70a, 0xdbb39787, 0x46d356a5,
            0x09c1dbf0, 0xb2d65335, 0x93db7467, 0x8a32997e, 0x5d8ad685, 0x3017bfef, 0xa3b90472, 0x6196b116,
            0x8136e04d, 0xda8139d3, 0x1660f608, 0x0075cffa, 0x12985bd0, 0xf80eddec, 0xcadcc0c0, 0x1a1ee18e,
            0x35ddbc63, 0x7bfd9f62, 0x7db55f83, 0x014761ae, 0xfb8c1e81, 0xf1bac9e6, 0x25804570, 0x409b9644,
            0x03f70c97, 0xe0d59ea1, 0xbc18298a, 0xeae349c6, 0x67de71f7, 0x9a6f606d, 0x83868d74, 0x2fb69217,
            0x455195c8, 0x7533e5dd, 0xb71c50b9, 0x3c69a869, 0x3ed9c550, 0x6ba06671, 0xaef5bda0, 0x3feb6b04,
            0x7e379cee, 0xd0b7eeb4, 0xc412ba7f, 0x13aaf584, 0x9d150ed8, 0xa03bc71f, 0x9e97cdb5, 0x645cb29a,
            0xfabeb0d5, 0x6f58cba9, 0xd207838d, 0xb8e08452, 0xc0ea17a7, 0x70f9e651, 0xbd2a87de, 0xcbee6e94,
            0x71cb4805, 0x794df25b, 0xcc940021, 0x5f3abbbc, 0x2e843c43, 0x6cda08c4, 0x737b253c, 0xc6a2d746,
            0x39a3abe5, 0x2602861d, 0x4ce581c2, 0x47e1f8f1, 0x102836e9, 0x312511bb, 0xf542643e, 0x74014b89,
            0x5bc21664, 0xc7907912, 0x4b9fef77, 0xce246d18, 0x656e1cce, 0xa109694b, 0x365f7f0e, 0xb5ac3d80,
            0xde79940b, 0x2b4e3fcf, 0x0b71b6c9, 0x85ce4d95, 0x111a98bd, 0x063d0f1b, 0x6e6a65fd, 0x1fd4e202,
            0xd7cd8001, 0xef294a4a, 0xf93c73b8, 0x60a41f42, 0x3d5b063d, 0xa28baa26, 0xbf9aeae7, 0x5276026e,
            0x3b13c6dc, 0x50c66f57, 0x43195529, 0xc95e03ad, 0x57bc01e2, 0x5e0815e8, 0x8eca34a6, 0x4dd72f96,
            0xcda6ae75, 0xdcc9f932, 0xa98fd315, 0x9c27a08c, 0x28ccfca2, 0x76b126b0, 0x24b2eb24, 0xc25a7a9e,
            0xfdc4de60, 0xee1be41e, 0x29fe52f6, 0x787f5c0f, 0x27302849, 0x3a216888, 0x99eda300, 0x9723d9bf,
            0x0d397628, 0xc86cadf9, 0x543ec28f, 0xad777ecd, 0xf7f20907, 0xab3fbe2c, 0xddfb5766, 0xe9618aab
        },
        {
            0x89701101, 0xc78d97fc, 0x6b5d88f1, 0x02ef6d0f, 0xb610dd6b, 0x8d9fef06, 0x36a89b00, 0x7ea73b73,
            0x0d27a96d, 0x76e4855d, 0x15080604, 0x3d8fa165, 0xbabc9d42, 0x4735d197, 0xbf2a3f87, 0xd7e186bb,
            0x32476507, 0xa67ccc2c, 0xe9f81613, 0xb5745920, 0xcfce29d2, 0x4528091e, 0x631e36df, 0xe1bba83d,
            0x5c7efab5, 0xb0e2fbe5, 0x88094dc3, 0x67f1c8d8, 0x5d07a677, 0x1f5660a3, 0x5f1a7efe, 0x7016a3d3,
            0xd9501e1b, 0xf538477d, 0x607ab294, 0xb2ff236c, 0x2de3b022, 0x98655c84, 0x82572b64, 0x4d6bb730,
            0x09c8576a, 0x68390cba, 0x4f766fb9, 0x381903a0, 0xb8a145cb, 0xd5fc5e32, 0x39605f62, 0x1ac0c266,
            0x14715ac6, 0x214ff00b, 0x05641743, 0x84a50dea, 0xe630d271, 0x19a4462d, 0x7fde67b1, 0x13fa208a,
            0x24d952ce, 0x923b3a23, 0xa70590ee, 0xa1f7b660, 0x8ce6b3c4, 0x95b0406f, 0x3a04db29, 0xf8ed5b96,
            0xed17e814, 0x9026e2aa, 0x041d4b81, 0x9c8aa283, 0x41c7f719, 0xaad08c05, 0x1bb99ea4, 0xccaaad99,
            0xa5184867, 0x6dafae7f, 0xf3ca61f3, 0x34b54389, 0xb76981a9, 0xfc02a591, 0x2ffe68ab, 0x6a24d433,
            0x52cf6215, 0x305abd8e, 0x2e873469, 0xfaf0831f, 0x7cbae3fa, 0x589104b2, 0xee736c5f, 0x78551dfd,
            0x6cd6f2bd, 0x74f95dd4, 0x9a78840d, 0xc845539e, 0xea9c9258, 0x86b8d563, 0x222b7440, 0x23522882,
            0x5a8cdc3b, 0xddbfe01c, 0xe2df2c76, 0xef0a309d, 0x792c413f, 0x87c189a1, 0x8efb6b4d, 0xac22aa8b,
            0xe42d0af8, 0x804af3ed, 0x85dc5128, 0x991c0046, 0xfe1f7d18, 0x9b01d8cf, 0x7b3199b6, 0xa46114a5,
            0xebe5ce9a, 0x51abe65e, 0x4c12ebf2, 0xe554563a, 0x94c91cad, 0x0aacd321, 0x3cf6fda7, 0x69405078,
            0xdedb6457, 0x5759c0d0, 0x0c5ef5af, 0x3b7d87eb, 0x4e0f337b, 0x543d449b, 0x97ad98e6, 0x2a68ca6e,
            0x4b9991be, 0x5e63223c, 0xc5904f75, 0x00f2b586, 0xaba9d0c7, 0x2036acc9, 0x2c9aece0, 0xbe536345,
            0xa8cd548c, 0xbbc5c180, 0xc21b3539, 0xc93c0f5c, 0x8133af2f, 0xdb4dc692, 0x62676a1d, 0x96d4c424,
            0x25a00e0c, 0xcb21d7d5, 0x3123e14c, 0x11e7f803, 0xc006edb0, 0x832e77a6, 0xdcc6bcde, 0x3eeb252e,
            0xdfa23895, 0xb9d81909, 0x53b63ed7, 0x43da2f90, 0x464c8d55, 0x9df3fe41, 0xa3ea6ee9, 0x08b10ba8,
            0x1d4bb82a, 0xbc4ebbcc, 0x35cc1f4b, 0x934266e1, 0xd277247e, 0x37d1c7c2, 0xf7259ff4, 0x48fd15f5,
            0x6103ee56, 0x55441859, 0x1715de8d, 0xf65cc336, 0xff6621da, 0xd113a035, 0x720b7b5a, 0x915fbe68,
            0x65ec1051, 0xf0aee5b8, 0x2b1196ac, 0x7a48c574, 0x166c824f, 0xd698da79, 0xb40d05e2, 0xe0c2f4ff,
            0x039631cd, 0xd06afcf7, 0x64954c93, 0x290c4e25, 0xca588b17, 0x27bdd685, 0xd82942d9, 0xf9940754,
            0x73722798, 0x7dc3bf38, 0x445155dc, 0xa293322b, 0x8b6dc988, 0xfd7bf953, 0x779dd99f, 0x4ae0cd7c,
            0xceb77510, 0xe3a670b4, 0x0e432d26, 0x42a37352, 0xf2b33d31, 0x6ecb2a34, 0xd48502f0, 0xb3867fae,
            0xb19ba727, 0x12837c48, 0x0bd58fe3, 0xec6eb4d6, 0x8a14954a, 0xad5bf649, 0x49844937, 0xcdd3f15b,
            0x3f9279ec, 0x06009308, 0x1e2f3c61, 0xe7498eb3, 0xa9b4084e, 0x18dd1aef, 0x5bf580f9, 0x40beabdb,
            0x56209c12, 0x6688941a, 0xfb89dfdd, 0xf1d7b97a, 0xc4e913b7, 0xd30e78bc, 0x50d2ba9c, 0xe8814ad1,
            0x0f3a71e4, 0xda349a50, 0xaf462ec0, 0x1c32e4e8, 0x287512e7, 0x8f82378f, 0x333e39c5, 0xc36269fb,
            0xbd37e70e, 0x59e85870, 0xf4411bbf, 0xc6f4cb3e, 0x716fff11, 0x6fb276f6, 0x9e977a0a, 0x0779cfca,
            0x75800116, 0xc17fb172, 0x9fee26c8, 0x109ea4c1, 0x018be944, 0xae3f7202, 0x26c48a47, 0xa08eeaa2
        },
        {
            0x66c6a442, 0x441a6a1e, 0x9bf8ea61, 0xf168797b, 0xec71bf98, 0x4cf68b39, 0xd432a1d4, 0x556e9397,
            0x3eeddf12, 0x6f399afa, 0xc2c04eae, 0x3cf9c833, 0x2e8af904, 0xcdaab97a, 0x14ddf069, 0x6140b2b1,
            0xf89747c3, 0xe9e3be4a, 0xfb908f7d, 0xa3bbf42d, 0x51ef4dda, 0xb0db1a85, 0xab57150a, 0xd0b37f99,
            0xb837fba2, 0x58107362, 0x114ff1bb, 0x2c9eee25, 0x60536d2e, 0xa943022b, 0x2561d09d, 0xef767726,
            0x86e12c82, 0xafd6cb47, 0x898bdb56, 0xd94c4121, 0xf07ba6e4, 0xb3dcd23b, 0xdb585600, 0x17da38d7,
            0x94921db5, 0xcfbeae5b, 0xd735696a, 0x8b9fcc77, 0x1f36d9f0, 0xc1c78610, 0xd5217e4b, 0x8c19da84,
            0x83732d50, 0xa2a82bb2, 0x290ceff7, 0x7c597452, 0x0e422079, 0x428fa372, 0xc838b8a8, 0x396bc9e1,
            0x033cc08c, 0xa629f5ff, 0x62477a0f, 0x56695b29, 0xe689499e, 0x84f53ba3, 0x81673a71, 0x2f99269b,
            0x4b709dca, 0xc45587c2, 0x22e7c66e, 0x91001c67, 0x7bdf62a1, 0xaec514d8, 0x577a84b6, 0xff115130,
            0x67d57bdd, 0xa0bc3c93, 0x4de554a6, 0xdfd9884d, 0xba23ec83, 0x9d6d230d, 0x36013e35, 0x460e7d3f,
            0x4ff14387, 0xee65a8b9, 0x712794a7, 0x5e85ba0e, 0xda4b899f, 0x547d4c08, 0x77b25dcb, 0x74b59575,
            0x318728c6, 0xa1afe30c, 0x05a909e0, 0x3280e078, 0x78d8aa1f, 0x5d8272b0, 0x5a046443, 0x09c4368a,
            0x8f1e123a, 0x85e6e43c, 0x48775574, 0x87f2f31d, 0x65c16cfc, 0xc92b6737, 0xed626007, 0x6bb844b7,
            0xbfb1ed51, 0x8e0dcda5, 0x9795d50b, 0x15ce2ff6, 0xaa44ca95, 0x50fc9245, 0xbea232ce, 0x2a0b2749,
            0x3dea17ac, 0xf6ee6f88, 0x9207d4d9, 0x1aa4d822, 0xb1c8c51a, 0x4ee29c18, 0x75a64aea, 0x7e4d6373,
            0xddcd9f6c, 0xacd103f9, 0xd1a0a006, 0x23f419f1, 0x1c31114e, 0xadc2dc66, 0xebf7a96b, 0x5f966591,
            0x79cb7580, 0xcead71c4, 0x04bad67f, 0x0d45e8c7, 0xeae476f4, 0x9aeb35fe, 0xbb30331c, 0x7f5ebcec,
            0xfa8350e2, 0x889804c9, 0x18b0cf03, 0x3b7fdec0, 0xe8f061d5, 0x0c563758, 0x07bd1ec1, 0x7d4aabcd,
            0xb5491b57, 0xf37c6e5a, 0x2775c7bc, 0xf5e9a736, 0x2b18f8d6, 0x26661823, 0xe01c80f2, 0x9e6aebb3,
            0x5c91ad2f, 0x64d2b363, 0xb2cf0da4, 0x9c7efc92, 0x53fb5afb, 0x41886bcc, 0x135be69a, 0xa52e3d41,
            0xe79a9601, 0xb924243d, 0x0ac3fe34, 0xf7fdb017, 0xfc16998e, 0x6354a590, 0x99ecfd40, 0x8a8c13e8,
            0x76a18254, 0x73338386, 0xd3b4b727, 0xa73a2a60, 0x022f1f13, 0x34152914, 0x68bf8c09, 0xb45ac4c8,
            0xca2caf89, 0x1bb707bd, 0x21e00ed0, 0x3a6c015f, 0x08d7e915, 0x93140b46, 0x9581c22a, 0x6d2d8ddb,
            0x0128d7ad, 0xbda5fa70, 0x06aec15e, 0xd626b6f5, 0x9013c3f8, 0x3ffe008d, 0x8074e5ee, 0xfd054611,
            0x3712e1aa, 0xbcb625ef, 0x70344b38, 0xe58e8120, 0xc3d39131, 0x8d0a051b, 0xdcde40f3, 0x6c3e5244,
            0xc546585d, 0xd2a768b8, 0xd85f9ebe, 0x0bd021ab, 0x1e25066f, 0x19a3109c, 0x69ac5396, 0x439c7ced,
            0x281f3068, 0x49648aeb, 0x1d22ced1, 0x003b0832, 0x2d8d31ba, 0xe31b484c, 0xa43de2de, 0x9f79342c,
            0xdeca57d2, 0xa850ddb4, 0x12483905, 0x5b17bbdc, 0x0f51ffe6, 0xc7524f7c, 0xc64190e3, 0xf4fa78a9,
            0xcb3f7016, 0xb75d0c76, 0x4509b581, 0xe10f5f6d, 0xfe028eaf, 0xe49d5ebf, 0x6aab9b28, 0x8260f2cf,
            0x471da2a0, 0x3094f759, 0x52e88564, 0x3506f68b, 0x5903acfd, 0x98ff22df, 0xc0d4598f, 0x4a634255,
            0x7accbd3e, 0x3878167e, 0x24720f02, 0x20f3d14f, 0xccb966e5, 0x409bb453, 0xe20897d3, 0xf26fb1c5,
            0x72205c19, 0x16c9e748, 0x6e2a4565, 0x33933fe7, 0xb64ed3e9, 0x96860a94, 0xf984985c, 0x105c2e24
        },
        {
            0xfac763a4, 0x3b809edd, 0x900cc821, 0x61c6a3f0, 0x12a68668, 0x7e9bf64e, 0x2c2856d3, 0xc68ea534,
            0xc9ad7fa6, 0xc88de327, 0x84438a85, 0xdb14e6a1, 0x17b7d761, 0x4a27ad6e, 0xd517a0b2, 0xed6fabaa,
            0x7098b05d, 0x7fbb6acf, 0x11410cc2, 0xa366d423, 0xd6f02a18, 0xd2c1e790, 0x5d8f6560, 0x99d9c910,
            0x293907da, 0xa677852a, 0x42d230de, 0x6813a2c1, 0x09ca1e5e, 0xd006f1bb, 0xf920e90e, 0xa874c339,
            0x1ca5c07b, 0xe59a361a, 0xb238c78e, 0x57bdeefb, 0x0e1c597c, 0xad659230, 0x0f3cc5fd, 0x2bfe11f1,
            0x394788f6, 0x98f95591, 0x4f36fc67, 0x273a41c9, 0x4424eb7d, 0xa9545fb8, 0xf1d574be, 0x0a2d94f4,
            0x14505dcb, 0x6610e4d2, 0xf3126295, 0x8cb61735, 0xdf252b29, 0x6221295a, 0x06e9c4cc, 0x7c5ce065,
            0x3aa0025c, 0xae82189a, 0x52acbff2, 0x9f2f12b3, 0x89a7463c, 0x5caff9e1, 0x589e3469, 0x2eef40f8,
            0x1570c14a, 0xfc31b807, 0x557af8d0, 0x9cc89819, 0xb0ffd1a5, 0xe67dbcb0, 0x7b8aa747, 0x65f76e78,
            0x8e71011e, 0x20ec06eb, 0xb92ad094, 0x222b10c0, 0x31b21546, 0x02d80944, 0x5f48734b, 0x951d9928,
            0x6301b5db, 0x69333e40, 0xffd632ad, 0x794db16c, 0xa24648a2, 0xf603339c, 0x3d76457e, 0x1e62d650,
            0x18940df3, 0x43f2ac5f, 0x5a592242, 0x1f424ad1, 0xd7d0b699, 0x309289c7, 0x4e1660e6, 0x49c027c4,
            0x08ea82df, 0xfef6ae2c, 0xc449b31f, 0x401526f5, 0xc2bf68bc, 0x7d7c7ce4, 0xbc3b819d, 0xbacd5a3e,
            0xc7ae39b5, 0x67307853, 0x24ddcb63, 0xf5e4b936, 0xd8f36c0b, 0xcf5ba405, 0x3c56d9ff, 0xaab3d512,
            0xc158e216, 0xf0f5e83f, 0x7aaa3bc6, 0x47c361d7, 0xd4373c33, 0xa0815e89, 0x86849cae, 0xd1266d3a,
            0x7589e154, 0x050e4e66, 0x8152db8c, 0xcd9cb22e, 0x1d855cfa, 0x8d968bb4, 0xb4ce1c2d, 0x013f83ee,
            0xefa8bd81, 0x230b8c41, 0xeab9ec88, 0x6ad4b4ea, 0xccbc2eaf, 0x32559fec, 0xa5900f80, 0x766e6bfe,
            0x6c226f49, 0xdcc2a183, 0xf4c425b7, 0x514b3558, 0xa4b09301, 0xf723af1d, 0x92cbde0a, 0xe36cedb9,
            0x3fb15355, 0x001f1f6f, 0x71b82cdc, 0xdde23d02, 0x85631604, 0x3e91cfd4, 0xe87efaa3, 0x8a40cc96,
            0xec4f372b, 0x36645264, 0xde05b7a8, 0x19b49172, 0x93eb428b, 0x725fa676, 0x8b605017, 0xc39ff43d,
            0xf800758f, 0xe75d2031, 0xe4baaa9b, 0x4df1ea4c, 0x545a6451, 0xac450eb1, 0x737f3af7, 0xd9d3f08a,
            0xb5ee80ac, 0xda347a20, 0x10619043, 0x774ef77f, 0x25fd57e2, 0xb7299687, 0xcb6a698d, 0x8887dabd,
            0xbbedc6bf, 0x8f519d9f, 0x9e0f8e32, 0x538c2373, 0x34a3444f, 0xb6090a06, 0x5b79bec3, 0xbfdc0b37,
            0x5e68efca, 0x96fa1382, 0x16974be0, 0x8395cda7, 0xbd1b1d1c, 0x9a3e43ba, 0x912c54a0, 0x64d7f2f9,
            0x13861ae9, 0x6d02f3c8, 0xee882100, 0x74a97dd5, 0xab934993, 0xbefc97b6, 0x03f895c5, 0x0dfbd3d6,
            0x2fcfdc79, 0xc0787e97, 0x07c9584d, 0xe95e6622, 0x46e3fd56, 0x60e63f71, 0x9de80498, 0x2ade8d70,
            0xfbe7ff25, 0x569d727a, 0x2d08ca52, 0xfd112486, 0x59bea8e8, 0x0b0d0875, 0x87a4002f, 0x786d2ded,
            0x3744cee5, 0x6fc5e5e3, 0x4cd176cd, 0xf232fe14, 0x21cc9a6a, 0x9b1edf3b, 0xe24c7138, 0xce7b3884,
            0x0cdb4f57, 0xd3e17b11, 0xb1df4d24, 0x450477fc, 0xe08b6713, 0x1a531bd8, 0x943d05a9, 0xe1abfb92,
            0x82b55126, 0xa75719ab, 0x4b0731ef, 0x28199b5b, 0x506ba9d9, 0x3583d8ce, 0xa1a1c208, 0x6ee57962,
            0xb80a4c15, 0x042ed2e7, 0x4135ba74, 0x48e0bb45, 0x3375036d, 0xeb997009, 0xc5692f9e, 0x261add48,
            0x1b738759, 0x97da8f03, 0x38671477, 0xca4af50c, 0xafa2841b, 0xb3185b0f, 0x6bf4286b, 0x8072470d
        },
        {
            0x83c25837, 0x911469f9, 0xc8b4e172, 0xd5f0f703, 0x8d4c0c6a, 0x28050df8, 0x7beb25ce, 0x1b63370f,
            0x54d57aaa, 0x88908b68, 0xe0bb31a0, 0x7cdaaa78, 0x781a5e98, 0x5a5b2ef7, 0xda62d0bc, 0x66af33bf,
            0xa83cf3b3, 0xdd535f0a, 0xdea2245c, 0x572401fc, 0x682167e2, 0xf371738c, 0x17006be6, 0x3cfec062,
            0x2357dea7, 0xe904ea4b, 0x12dcece4, 0xf19c7b38, 0xa272530e, 0xe1a74242, 0xd13003e3, 0xecd86d49,
            0x24665111, 0x8fa104de, 0x1a7f44ed, 0x8702acd7, 0xb4649620, 0xd2c178b5, 0x6373b4bd, 0x75657193,
            0x0116aec8, 0x9f9a3da4, 0x861edf35, 0x0e848977, 0x02e7d59e, 0xedc41eab, 0x9a46baa6, 0xb2496a74,
            0xbbf6b19f, 0x973995ad, 0x0627217e, 0x2f34824e, 0x6ce19302, 0x7254fe25, 0x7af7562c, 0xd3dd0b57,
            0xf26d006e, 0xca59e9c6, 0x59aa55a1, 0xe47bc540, 0x03fba67c, 0x14f110b0, 0xb807cac9, 0xe34a4af6,
            0xcb459a24, 0xebe9e2ff, 0x85efa463, 0x50158e4a, 0x112d97b2, 0x70b9f691, 0x619ebc09, 0xade074b1,
            0x64423b0b, 0x898cf88a, 0xb6899e94, 0x21bad613, 0x6e0c9bb6, 0x5109fda8, 0x6bd01cb4, 0xc10b3a99,
            0x4d51983b, 0xaad1fb07, 0xf440fc3a, 0xc3e6322d, 0x6dfde0e0, 0xdb7ea35e, 0xe2563914, 0xd88fd808,
            0x693d1400, 0x39224760, 0x268b59a5, 0xc726c6cd, 0x93f9614d, 0xfce35433, 0xbe2a369d, 0x18924c59,
            0xfbd2db85, 0x9625e64f, 0x67b3405d, 0x383e3482, 0xc4d7bd9b, 0xcc741592, 0xef29161f, 0x76940ac5,
            0x402eb730, 0x3270943f, 0x35411b89, 0xb91bb92b, 0x74790271, 0x27972a47, 0x5638721e, 0xf6adf48e,
            0xabcd88e5, 0x5e9bda17, 0x15ed6352, 0xe81899a9, 0x198e3fbb, 0x94c8eefb, 0x20a6a5f1, 0x79062d7a,
            0x09b506c1, 0xae110fe7, 0xcf856ec4, 0x04ca29ca, 0x73488dc7, 0x8b61f03e, 0x2dd98afa, 0xbcc73e29,
            0xa543dcb8, 0x3f0fbb34, 0x6f10e854, 0xbddb4dcb, 0xa09f5bba, 0xd02c7001, 0x05d65a28, 0x2ae8054c,
            0x58b62643, 0xb3551996, 0x45f23032, 0x4a60178d, 0xd71dffb7, 0x488d1f39, 0xeaf5911d, 0x345d686b,
            0xcd686670, 0x7dc6d99a, 0xa6b2a7ee, 0xb1b81122, 0x6acc6f56, 0x71a58573, 0x9b5ac944, 0x90081a1b,
            0x2e28f1ac, 0x6082cfeb, 0x0b580e75, 0x0f98fa95, 0xd993abea, 0xdfbe57be, 0xfacea867, 0xff122f65,
            0x13c09f06, 0xf55c8fd8, 0x1c52b8b9, 0xa9208051, 0x9e864e46, 0x9c6b46f2, 0x95d49d19, 0x4fbc908f,
            0x29197e1a, 0x5f87a9f5, 0x99b7c1f0, 0x2bf476ae, 0xd6018c55, 0xf7b1876c, 0x49916cdb, 0x3ad33c36,
            0x5b475d15, 0x98abb212, 0x7f2bd12e, 0x4ea0e36d, 0x4c4debd9, 0x336ce7dd, 0xa45faf5a, 0x82de2bd5,
            0x000add2a, 0x8ebd773c, 0x84f3d781, 0xdc4f2ce8, 0xacfc0753, 0xb0a462c0, 0xc9a89290, 0x257a22f3,
            0x0a447d97, 0xee3565fd, 0x3181ef69, 0xb795ed76, 0xa7aed40c, 0x80332361, 0x655e48e9, 0x0c6981c3,
            0x2cc5f918, 0x9d773510, 0xc2fa41cf, 0xce991d26, 0xf08008da, 0xc5cbce79, 0x626fc75f, 0x309d9c8b,
            0x812f5083, 0xc63ab52f, 0x1fa3c3ef, 0x8a7d83dc, 0x92e512af, 0x44ee43d0, 0x8c507f88, 0x0d75f221,
            0xd4ec84e1, 0xaf0d7c05, 0xfdff27d1, 0xfe0e5c87, 0x3e13c8d6, 0xc017497b, 0x161c1804, 0x43dfcc66,
            0x42c3bf84, 0x5d6aa141, 0x53e4f51c, 0x471f3886, 0x073b529c, 0x1d4ecb5b, 0x7e37a2cc, 0x77887927,
            0x55c90948, 0x52f886fe, 0x3bcf4fd4, 0x08a97523, 0x4132c4d2, 0xb578e5c2, 0x4b7c646f, 0xa1832858,
            0x1ebfb00d, 0x224bad45, 0x46034b64, 0x37ac133d, 0x3de2b380, 0xe696cdf4, 0xe78abe16, 0xa36e20ec,
            0x5c76d2a3, 0x36b060df, 0xbaeac27d, 0xf823a0d3, 0xf93fd331, 0x1031e450, 0xe567b6a2, 0xbf36457f
        },
        {
            0x43e43d0d, 0x11ac8154, 0x477d5cc0, 0x51ddffe9, 0x5949ba0a, 0xd00f52a5, 0x5e13210e, 0xaeda188e,
            0x01753587, 0x2de8c3f5, 0x459d2af7, 0x9d5084c8, 0xcb81595c, 0x26bf7cdf, 0x714d2db5, 0xfe72d2e0,
            0x60b71598, 0xa4ae2b5a, 0x374544f2, 0x279cf021, 0x8f69462c, 0xd12cde5b, 0x7a1a929f, 0x33dc253f,
            0x74f7c086, 0xc9612f6b, 0xdee200bc, 0xf35c7a30, 0x706ea14b, 0xb20e8873, 0xeeab6633, 0x9e937e01,
            0xa980838a, 0x388b9a15, 0xc2369041, 0xf406e134, 0x546712da, 0x77343a4f, 0x1afb3e7e, 0x4b7078ee,
            0xd676455f, 0x0b010653, 0x09e17064, 0x7617b6b1, 0x245f0ae8, 0x039543b0, 0xf27ff6ce, 0xab60f5bd,
            0x6ac3264c, 0xfaebb32d, 0x0a228aad, 0xa58da7a4, 0x313c5308, 0x9b299332, 0x57a4e813, 0x134cf763,
            0x2f08b5c2, 0x062fae83, 0x126f7b9d, 0x8833dd28, 0x4fe91923, 0x533d89de, 0x17d596ae, 0x4a53f410,
            0x0c5b9d57, 0x6900dc85, 0x6d99bd48, 0xf09f80f9, 0xb87abba7, 0xbbb9416e, 0x75d44c78, 0xd9b89bb8,
            0x1938c4b7, 0xc3151cbf, 0xbe03ac5d, 0x6e5a4781, 0x41044b3a, 0xe9f1fd37, 0x93bdd6d1, 0x8ad3ab1f,
            0xe385cee3, 0x44bea609, 0x7fa07fac, 0x61949966, 0x14166c67, 0x35a532c5, 0x3fd10111, 0x8caabce5,
            0xe8d271c9, 0x851d75f8, 0xf6e69703, 0xbdc05694, 0x6f79cb7f, 0x4027c7c4, 0xaff99470, 0x2ab258f1,
            0x181b4849, 0x3a6bec22, 0xe63f23d0, 0xf5256dca, 0x1e625fb3, 0xf92849e4, 0x79d96856, 0xbf2020a3,
            0x843ef906, 0x86de8f31, 0xcdf84ea6, 0x4d096f14, 0x3ef28def, 0x5dd0dbc7, 0x48b38227, 0x22261d12,
            0x2e2b393c, 0xf1bc0c07, 0x5ba9cc3d, 0x66ce0262, 0xa2d73ca0, 0xad19e247, 0x04cfd8b4, 0xbce3da6a,
            0x8247eefc, 0x83646202, 0xdc02768b, 0x915da0e6, 0x9fb0f2ff, 0xd5b5bf96, 0x5cf35739, 0x08c2fc9a,
            0x67ed8e9c, 0x6374ef51, 0xb697e9be, 0xe165b8d4, 0x81841435, 0xfdb12829, 0x1535e099, 0xce3bb46f,
            0x1da1a57a, 0x586a36f4, 0x907e2c18, 0xd755c9a1, 0x6be0aab2, 0x8bf027e1, 0xc44f87bb, 0x87fd03cf,
            0x568764ed, 0xda7b6171, 0xd2ef2492, 0x3486be3b, 0x2ccb4f0b, 0x891051d6, 0xf7c51bfd, 0x3666c80c,
            0x465ed03e, 0xdd21fa75, 0x3d317726, 0x301fdff6, 0x7d40099b, 0x3b4860dc, 0xed689cfa, 0xfc92a4d7,
            0xccdbc258, 0x32ffa9c1, 0xd3cca86c, 0xa64e5d6d, 0xe2a6421d, 0xe4df55e7, 0xc842a395, 0x1bd8b280,
            0x6cba31b6, 0x108f0daa, 0x39a816eb, 0xcaa2d5a2, 0xac3a6eb9, 0xc56c0b45, 0xa3f4b05e, 0x2971a238,
            0x78fae4a8, 0x02b6cf4e, 0xb1cd72ba, 0xe71caf2e, 0x50fe7317, 0x9a0a1fcc, 0x7e83f352, 0xc0d6e676,
            0xaa437943, 0x28522ec6, 0x16f61a50, 0xf80bc51a, 0x21e5e7db, 0x5f30adf0, 0x99c9e505, 0x7b391e61,
            0xc1f56a88, 0xef88eacd, 0xcf183891, 0xe5fcd919, 0x650df8ab, 0x05ec544a, 0xb0eefe44, 0xdb58ed8f,
            0x95c4c12b, 0x4c2ae3ea, 0xa76dd193, 0x4eca95dd, 0xb5541377, 0x20c66b25, 0x94e74dd5, 0x625763af,
            0xa0374a97, 0x80a798cb, 0xd89b1746, 0x9724b71c, 0x1c822984, 0xeb118b00, 0xa8a30f74, 0xdfc18c42,
            0xb7b46540, 0x0ebbeb60, 0xec4b1004, 0x8e4acad2, 0x2b91d40f, 0x3c12fbd8, 0x98ea69fb, 0x929e5a2f,
            0xb32d048d, 0x070c227d, 0x49900ed9, 0x9c730836, 0x257c8616, 0xb9593759, 0x230591ec, 0x42c7b1f3,
            0xba9acd90, 0x8d89301b, 0x55449e24, 0xd4963368, 0x1f41d34d, 0xb4779f89, 0x0f98679e, 0x7c638565,
            0xff515e1e, 0x0d7811a9, 0xea3207fe, 0x0056b979, 0x728ed77c, 0x5a8a40c3, 0xa114c669, 0x642e7455,
            0x6823507b, 0xe046342a, 0xfbc83fd3, 0xc78c7d72, 0x96073be2, 0x73ad5b82, 0x521e0520, 0xc6aff18c
        },
        {
            0x8f710873, 0xbc7f3d06, 0x26a9279e, 0x97a2876b, 0xb9754240, 0x92a8f82d, 0xe2be5676, 0x8baa14db,
            0x2b937c31, 0x2f486099, 0x9807d6b9, 0x3b70d7c0, 0x91e691be, 0x41c9570f, 0xcc69935d, 0xa4acb21e,
            0xaad88022, 0x71890be9, 0x761c7ed2, 0xe7b42930, 0x1c4655ec, 0x840f4509, 0xf0c2f7fa, 0x88e47d48,
            0x20ed314b, 0xcef69920, 0x27784470, 0xa996e9b1, 0x9cdcca11, 0xd98047ea, 0x89351ea6, 0x7b26257d,
            0x75521741, 0xf1139414, 0x0ae1e8c8, 0x5a54b184, 0x1ed95f91, 0x65b1bcb0, 0xbdae5ee8, 0xde1532d1,
            0x123267d0, 0xeb5f1171, 0x6ecff1ca, 0xa339c725, 0x8ea06b9d, 0xb59e7a01, 0x465c2234, 0xdb1f4d97,
            0x3fabcb68, 0x0300afcf, 0x72c7627a, 0x9037f250, 0xb44f19ef, 0x3ce5a2fb, 0xea8e729f, 0x22723b36,
            0x3d34c115, 0x290c764c, 0xef840dd9, 0xff67a628, 0x17381896, 0x31dff954, 0xbf315495, 0x542083b8,
            0x9b49bf2a, 0x66ffd523, 0x8a7b7735, 0x3340f329, 0x672eb6cd, 0x80d459a1, 0xd1b06303, 0x087ee2b5,
            0xdd5b5b42, 0x93799bc3, 0x6a14ed62, 0x63f5aa65, 0xf25dfd87, 0xe9c01b0c, 0x53b5f683, 0xed1b07a4,
            0x9f92a382, 0xc459b7b4, 0x4b66799b, 0x004ec65c, 0x09af815b, 0xc717de27, 0xa57dd1f0, 0x85de26e7,
            0x7cb35046, 0x86904f74, 0x300e9aba, 0x4d226f4e, 0x3aa1b42e, 0x8dee020e, 0xad4df519, 0x060ad089,
            0x70586807, 0x616aa018, 0x60bbc3f6, 0x28dd15a2, 0x591ad817, 0xdc8a38ac, 0xc21da161, 0xfbbcba80,
            0xee556e37, 0x5c10a751, 0x87412c9a, 0xafd2ff64, 0x48281008, 0x15a712eb, 0x79b92f00, 0x5e8fad2c,
            0x56bf89c5, 0x81053a4f, 0x6c50fbb7, 0xa077aeb6, 0xe52b234d, 0x839a3032, 0x019fa5b2, 0x401834e1,
            0x117c0e43, 0xd6251638, 0x6bc58e8c, 0x194c2aaa, 0xf923b0fd, 0xba3b2bd3, 0x9d0da9ff, 0xfdf8ac55,
            0x9e43c06c, 0x695a84f1, 0xa8478a5f, 0x2a421fdf, 0xcf27face, 0x4cf30ca0, 0x364a8c6f, 0x1bd320d7,
            0xbee0377b, 0x45124ba7, 0x576eea2b, 0xb8a421ae, 0x6224c98b, 0x9a98dcc4, 0xfa6dd96e, 0x8c3f61e0,
            0xe81178e2, 0x7e2c5a3b, 0x7d6233a8, 0x07dbb367, 0xa2e8a4cb, 0xb14566a9, 0x78684cee, 0x379bef81,
            0x77cd1d3c, 0x25e74e0d, 0x16e97b78, 0x4e6c06dd, 0xf8f2d313, 0x73160194, 0x0feb978e, 0x512afcfe,
            0xb701707c, 0xf5c888bc, 0x3e7aa886, 0x9673e485, 0xdfc4513f, 0x39efddbd, 0x13e3043e, 0x55f1e056,
            0x5dc1c4bf, 0xc963ec1b, 0x6d819859, 0x478d41da, 0x49f973e6, 0x2e990377, 0xf75782c1, 0xcdb8f0b3,
            0xd56b7fab, 0x4fbd6533, 0x24362de3, 0xa1a6cd58, 0x0ca5fe1d, 0x5f5ecec2, 0x50fb9f10, 0x953d8d16,
            0x1d973602, 0xc082ab1c, 0xd4ba1c45, 0xb6d01392, 0xca2d8588, 0x10ad6dad, 0xc153c8f2, 0x3504e5fc,
            0x42873e9c, 0x7ffd39d5, 0xac9c96f7, 0xd2fe0a90, 0xf38c9e69, 0x1f083c7f, 0x43565d72, 0x0495daf4,
            0x23a358d8, 0x6f1e9224, 0x58cbbbf9, 0xcbfce666, 0xab09e3cc, 0x213c52a5, 0x824b53dc, 0xf686e12f,
            0xb20b0f3a, 0x189d4944, 0x4ab71a75, 0xd8512404, 0xbbea483d, 0xd06100ed, 0x34d58612, 0x2c06090a,
            0x94eceef8, 0x688be71f, 0x0e3af460, 0x0544b91a, 0xd7f475d6, 0x5b85d26a, 0xdace2e79, 0xfeb6c5c6,
            0xc3ccc28f, 0xfc29cfbb, 0x7af74693, 0xe6654ade, 0x44c32849, 0xe1f03fe5, 0xc588d45a, 0x99d6b557,
            0x748374af, 0x0d749df3, 0x14767105, 0x1a024339, 0xe36f3598, 0xe0215c0b, 0x02d1cc21, 0x2dd76ae4,
            0xf419eb52, 0xae039c8a, 0xecca644a, 0xb3da6cd4, 0x6460df5e, 0xb0940547, 0xe4fa40a3, 0x329190c7,
            0xc6c6bdc9, 0xd32f697e, 0xc8b28ff5, 0x0b308b26, 0xa7e2db8d, 0xa633b863, 0x383ebe53, 0x5264956d
        },
        {
            0xc7a063a4, 0x0da73ddf, 0x6d56dccc, 0x001fd4ba, 0x07310274, 0x3973ae3b, 0x4a2d3048, 0x1662ff99,
            0xef9fe4c8, 0x1e0842bf, 0xb12ca994, 0xdf5218b1, 0x19269471, 0x8b776a46, 0x694fb351, 0x4795d92d,
            0x2f0e8518, 0xeb868b55, 0x7ae0cc31, 0xa348ed2a, 0x60ee35a9, 0x10871289, 0x2764383e, 0xbd5f7b2f,
            0x802a6e33, 0x40bb0fe3, 0x0875699c, 0x45695ba0, 0xe509db63, 0x7076f39a, 0x0a89eb11, 0xb94614b2,
            0x5d9b20b5, 0x6faa5e41, 0x843301ae, 0x831dd760, 0x5eac99e6, 0xa75182b7, 0xa815e95f, 0x1cf4c032,
            0x13b0abda, 0x8c59bc88, 0x86cf8323, 0xf9e2cfeb, 0x917993de, 0x8840d315, 0x9ff6c3e8, 0x584974f6,
            0x64f75a34, 0xfdfba076, 0xdb4b772c, 0xd40f1cc4, 0xb4fefdd7, 0x114c2957, 0xca188ac1, 0xf2bfcb9e,
            0x85f83a70, 0xfecc1925, 0xb3d02b19, 0xa1b46fa7, 0x51e8f20e, 0x5023c9d0, 0x35007c80, 0xf76d9fdd,
            0x37fcfe0d, 0xea4db08b, 0xf829f435, 0x17a9c447, 0x67c0e367, 0xd87cce7f, 0x5c501b6b, 0xb535c609,
            0xf5911d50, 0xc66b587a, 0x9cc17abb, 0xaae96bd2, 0x0c6c0601, 0x4be60b96, 0x2c393c4b, 0xd9b7f5a1,
            0xf18872cd, 0xed636645, 0x71bdc844, 0xccfd67d1, 0x61250e77, 0x7b2bf7ef, 0xb0e7924a, 0xe3ec3673,
            0x282053d6, 0xaef0044f, 0x149e7d14, 0x3e5d78f5, 0x34cb475e, 0x127b9004, 0xcbd3b11f, 0x38b895e5,
            0xc55ce129, 0x3b8f2cb6, 0x3f96432b, 0x55f19d93, 0x6a780a02, 0x9d0a4165, 0xfb1e4d66, 0xde99236f,
            0x01d4ef64, 0x3119131d, 0x438cb6b0, 0x0f5bbf52, 0x81e155ed, 0xce01e55c, 0xe97a09d8, 0x7f329872,
            0x5b7ecda5, 0x4e345fd5, 0x155546ca, 0x6884888f, 0x3a441768, 0x2df20795, 0xe2270dad, 0xddae9a3c,
            0x5ab5f67b, 0xc92f3392, 0xc27237e7, 0x746f9c07, 0xc1458eb4, 0x9befac75, 0x781c4ebc, 0x8abc5198,
            0x03286de9, 0x924e2a8d, 0xa07f5479, 0xd738a597, 0xab22500c, 0x2181d52e, 0xd1dd4887, 0xb88d2f6c,
            0x898be8cb, 0x465ee2f3, 0x63d98cfa, 0xe63e6230, 0xc497daf7, 0x18edafaf, 0xb21b10c7, 0xda804cf2,
            0x94abc79d, 0x99132ef8, 0x52df4b5d, 0xfc309ba8, 0xe8b13206, 0xd5c4271a, 0x204aeef0, 0xf0434913,
            0x76931e8a, 0xcd365c0f, 0x75a4a7d9, 0x73414ac9, 0xe0db8f20, 0xa69ab969, 0x570d1f1e, 0x96574510,
            0x77582554, 0x05cd80f9, 0x7c052121, 0x7ef9a3ac, 0xa4663be4, 0x4170343d, 0xbbba963f, 0xa5ad003a,
            0xeca85d9b, 0x0e90848c, 0xadc7bd1c, 0x3637c5d3, 0xff0722fb, 0x8704b8fd, 0x2adcd15b, 0x491a891b,
            0x728a7117, 0x59824f28, 0xd0167359, 0xcfcade82, 0xbe68c27c, 0x543aa64d, 0xfad576b8, 0xee54df16,
            0x1bda16fc, 0x9560fc43, 0xc8e4084c, 0x6bb331dc, 0x26af03e0, 0xf374f040, 0x82d6ecbe, 0x98d81526,
            0x979c7ece, 0x30d228c3, 0x0b42d0cf, 0x322eaa4e, 0x237d57a3, 0xac0c86c2, 0xbc9440f1, 0xf45a268e,
            0x1fc37961, 0x1a112d22, 0x33e59190, 0x6212b724, 0xb6027f5a, 0x1d3ffbec, 0x02e35637, 0xe110b4fe,
            0x93851153, 0xaf3b3f91, 0xa9ded281, 0xbfa3f9a2, 0x2ec5bec6, 0x5f67a238, 0xdc65a1e2, 0x0406bb27,
            0x29eb6808, 0x90b2a800, 0xe4c2e0bd, 0x42478d6e, 0xb7c94484, 0xc3b90c39, 0xa283d6f4, 0x22b66c7d,
            0x7dce1aff, 0x6e61659f, 0x4fff640b, 0x4cc8dd58, 0x09be5242, 0x4d03e686, 0xd2eaf1d4, 0xd6f39e49,
            0x48d1b2c5, 0x79d77562, 0x8f6e05db, 0x2b17ea85, 0x06fa39aa, 0xc08eb56a, 0x56c624c0, 0x2598bab3,
            0x6c9de712, 0xba71ade1, 0x53147083, 0x8d928756, 0x8ea53e05, 0x9e3df836, 0x660bd8b9, 0xe7f559ee,
            0x653c61ea, 0x3ca1fa78, 0xf6a6a403, 0x2453816d, 0x3d6ac1a6, 0x44a2607e, 0xd321ca0a, 0x9a2497ab
        }
    },
    {
        {
            0x322461da, 0x17d0aa7f, 0x20a7ac89, 0xbcba2b83, 0x9f7523e5, 0x53b93dee, 0xa37827d7, 0x71615dd4,
            0x07a83c00, 0x0905ce77, 0x5fef94b5, 0x4b579a25, 0x197d5808, 0x0cd23ec4, 0x4d6c59e6, 0xf0458da6,
            0x6ea35180, 0x90cfb9ce, 0x8ada4529, 0x269c6f4a, 0x698ffa1f, 0xb87ab36c, 0xda0bdc28, 0x43c1ab91,
            0x1e51f397, 0xe8ab2a6d, 0x775a9e17, 0x49acc109, 0x5582fe2d, 0xdb1cb474, 0x9859887a, 0x65d95344,
            0x234b9ff9, 0x52ae55b2, 0x4701337e, 0xe9bc4231, 0x8df6eeb6, 0x58c33f2a, 0x5d14cf99, 0xe711b046,
            0xae39e6d0, 0x994ee026, 0x341fa219, 0x6d4f62f0, 0x28319d3d, 0x89367659, 0xceb3d2b8, 0x2e0a5efe,
            0x278b0716, 0x8e1addc6, 0xd171deec, 0x91d8d192, 0x835b1cc1, 0x67220868, 0x7b0c374c, 0xe606d81a,
            0x0bfe955b, 0xc1094893, 0x54959671, 0xe4fd8336, 0x8560df02, 0xfa28e73e, 0x2acac611, 0x79f76c60,
            0xd65d7573, 0x0193ffc3, 0xe3d128a9, 0x8bcd2d75, 0x6c580aac, 0x8477b75e, 0xb96ddb30, 0x9e624bb9,
            0x74b6ad67, 0x4f9702ca, 0xc01e20cf, 0xfd044ca1, 0x6fb439dc, 0xd9e7ef58, 0x879b842e, 0xa6afd764,
            0x3f65a0dd, 0x4c7b31ba, 0x0e2965e8, 0x5b2f0c5a, 0xc3f213bf, 0xaaf97e3f, 0xf9c4d44e, 0xd74a1d2f,
            0x24673466, 0x7edbc7ff, 0x5ef8fce9, 0x3d9efbf1, 0xd29ded9c, 0xc888117b, 0x33330986, 0x7d37f48f,
            0x824c749d, 0x9d8e78c9, 0x3e72c881, 0x402d98e1, 0xbb96801c, 0x027fccb3, 0xb53b726b, 0xd8f08704,
            0x9518497d, 0xdd2777b7, 0xdfdc2c9b, 0x04440f70, 0xf7692639, 0xf67e4e65, 0xbf5618f3, 0x0812a62b,
            0xc5c9d07c, 0x1f469bcb, 0xf5927d15, 0x70763588, 0xf152e5fa, 0x25705c3a, 0x1b860324, 0x11eb69bc,
            0xbe4170af, 0xe12a7385, 0x44ed000e, 0xcc488994, 0x0ae9fd07, 0x38490b42, 0x728d6ea4, 0x80b72fb1,
            0xdecb44c7, 0x4a40f279, 0xabee1663, 0xea507141, 0x3c8993ad, 0x4e806a96, 0x600ea3f7, 0x42d6c3cd,
            0xb0ec82d8, 0xa09414a7, 0x59d45776, 0xc7328b50, 0x68989243, 0xfee87fd1, 0xcb64220b, 0xb1fbea84,
            0xd5b14603, 0xfc1324fd, 0x9c991095, 0x9aa2d356, 0xacc2bdfc, 0x8ce186ea, 0x225cf7a5, 0x3508ca45,
            0x6119cbab, 0x96f47a0d, 0x868cec72, 0x1dbdc0e7, 0xd066b6b0, 0x7a1b5f10, 0xe2c640f5, 0xb6d7411b,
            0xb42c1a37, 0xadd5d5a0, 0x16c7c223, 0xec6bb282, 0xd38a85c0, 0x36e4f935, 0xb300b1a8, 0xf4851549,
            0x21b0c4d5, 0xa1837cfb, 0xba81e840, 0x0553672c, 0x88211e05, 0x186a3054, 0x9bb5bb0a, 0x3ba53832,
            0x12075acc, 0xb7c02947, 0xdc301feb, 0x3ab2506e, 0xaf2e8e8c, 0xd4a62e5f, 0x06bf545c, 0xef8781f2,
            0xed7cdade, 0xe5eaeb6a, 0x75a1c53b, 0x1a916b78, 0x7c209cd3, 0x0084979f, 0x0f3e0db4, 0x37f39169,
            0x63e29087, 0x9234e2e2, 0x764df64b, 0x46165b22, 0xc4deb820, 0xc625e30c, 0x0dc55698, 0xc99f7927,
            0x6b74a133, 0x1caaa8bb, 0x6a63c96f, 0xcd5fe1c8, 0x8f0db59a, 0x0368a4ef, 0x5779a501, 0x30df3af6,
            0xffff178d, 0x2cf105d2, 0xfb3f8f62, 0x2bddae4d, 0xeb47191d, 0x62f5f8db, 0x2f1d36a2, 0x5a386406,
            0x64ce3b18, 0x7fccafa3, 0x395e631e, 0x143c990f, 0xe03d1bd9, 0x66356034, 0xa7b8bf38, 0x2926f561,
            0x2de66d8e, 0xa26f4f8b, 0x5c03a7c5, 0xf8d3bc12, 0x50550e9e, 0x48bba955, 0x413af0bd, 0xbdad43df,
            0xa4548c48, 0x78e0043c, 0x739a06f8, 0xb217d9f4, 0xee90e9ae, 0xca734a57, 0xa543e414, 0x940f2121,
            0x81a047ed, 0x10fc01e0, 0xa9154d4f, 0xf2bed68a, 0x97e31251, 0x13103290, 0x566ecd5d, 0x152bf153,
            0xc2e57be3, 0x45fa6852, 0x93238abe, 0x31c852aa, 0x514266c2, 0xa8022513, 0xcfa4bae4, 0xf3a9bed6
        },
        {
            0x6111c19d, 0x87d53dfc, 0x0c7c7742, 0xb5cb6238, 0xac6c0d6a, 0xc93f8779, 0xede772a2, 0x5727c9a3,
            0xaf1ba311, 0x898126da, 0xf575c39b, 0xbaaaa775, 0x545067d8, 0xddbb5d76, 0x04424b8e, 0xa61041b6,
            0x8feb0130, 0xf6026de0, 0x70889203, 0x7edc8925, 0x365c144a, 0xbb9f791e, 0xab33f4eb, 0xc80a5912,
            0xcf55a093, 0x7c9ef935, 0x3c205896, 0x8da97120, 0x5e2c2b04, 0x085420b8, 0x7dab275e, 0x26f099bf,
            0xdae4a4f7, 0xad59d301, 0xdc8e831d, 0xe4ec9005, 0x27c547d4, 0x953bc019, 0xb6bccc43, 0xa8445a90,
            0x9f478cc5, 0x75951b92, 0x45c93446, 0x98187544, 0x21af603e, 0xf15d9461, 0x015fc21f, 0x81bf1a16,
            0x5973d285, 0x71bd4c68, 0x1e928aa7, 0xc101bbb5, 0x6c3274c0, 0x1284e191, 0xa97184fb, 0x640c480c,
            0x10c69181, 0x911397e3, 0x06003b9e, 0x6a58532a, 0xb8e8d765, 0x17996800, 0xd7c711aa, 0x4e80a6f1,
            0x681a233a, 0x798370a4, 0xe6aee015, 0x0d49a929, 0x9e7252ae, 0x9a5a0554, 0xe1f11994, 0x48ea811b,
            0xbdf55ef4, 0x5c6e5b14, 0x60241ff6, 0x2bd32ce2, 0xeb8d5548, 0xb1e335c2, 0xbfb72ee4, 0x18f8ad4d,
            0x29915cf2, 0x8af688a1, 0xfa1406d6, 0x24b2e9af, 0x1fa754cc, 0x209abe55, 0x92643998, 0x7bc100b4,
            0x808ac47d, 0xa7259fdd, 0xc03465de, 0x5f19f56f, 0x2ecea573, 0x62666fe6, 0x7af4dedf, 0xc27615ce,
            0xb2949bb9, 0xf85676c6, 0x9b6fdb3f, 0x530f9e59, 0x9351e7f3, 0xd58561ba, 0x2ffb7b18, 0x49df5f70,
            0x006a1c74, 0xa567efcd, 0x3f57f6ed, 0x1de524dc, 0xe5d94e6e, 0x82c8b46d, 0x3a4a7f7c, 0x031db20f,
            0x393dd107, 0xd9930a8c, 0xb0d6eba9, 0x6353b18d, 0x6e7004d0, 0xe9cf2558, 0x4cc2d6e1, 0xa30dc827,
            0xfc7e213c, 0x523a4032, 0x258737c4, 0x41e163bc, 0xee90dcd9, 0x352bba31, 0xf22a3a1a, 0x4fb5789a,
            0x0b238ec3, 0x78b6aecf, 0xe3b36984, 0xfe3c512c, 0x9c3022be, 0x90264988, 0x13b13ffa, 0xc529ec4f,
            0xd098e82b, 0x43a313ac, 0x11f34fea, 0x8c9caf4b, 0xecd2acc9, 0x15db1810, 0x0961fed3, 0x44fcea2d,
            0xff098f47, 0xc343cba5, 0x964c6e62, 0xd1ad3640, 0x5b31a295, 0xa14fb837, 0xa238164c, 0x77d76b82,
            0xdff92d66, 0x6f45dabb, 0x3b7fa117, 0x0e3e0752, 0xb4febc53, 0x85974dec, 0x303633a0, 0xe79b3e7e,
            0x6b6d8d41, 0xb3a145d2, 0x50783022, 0x9779b009, 0x561217c8, 0x3d1586fd, 0xce607ef8, 0xbe82f08f,
            0xfd4bff57, 0xf737b38b, 0x3103edcb, 0x341e645a, 0xdbd17a9c, 0xfb21d8bd, 0xdeccf30d, 0x23ed102e,
            0x3e622886, 0xd2da983b, 0xc41c3224, 0x057795e5, 0x28a48299, 0x72cae213, 0x3769ca21, 0x7fe9574e,
            0x65399667, 0xaa062a80, 0x38080f6c, 0x76e2b5e9, 0xca482902, 0x46be9a3d, 0xd3ef4650, 0xe0c4c7ff,
            0xe286b7ef, 0x0f0bd939, 0xa07a665c, 0x2ae6f289, 0x8bc356ca, 0x692ffd51, 0x5a047cfe, 0x992dab2f,
            0x16acb66b, 0x02286c64, 0xc65e4234, 0x1cd0fab7, 0x9d05fcd5, 0x514dee49, 0xd6f2cfc1, 0x40d4bdd7,
            0x73ff3c78, 0x19cd7326, 0xf4401df0, 0xa45231a6, 0x22d8ce45, 0xc76b9c5f, 0x2c8cd563, 0x74a0c5f9,
            0x88b4f8b1, 0xf31fe471, 0xbcc0809f, 0xb7891228, 0x4296cdc7, 0xd8a6d4e7, 0x4b9d2f60, 0x1abadd5d,
            0x940e1e72, 0x86e0e397, 0x664e381c, 0x14eec67b, 0x478b4456, 0xf0684a0a, 0xefa502b2, 0x677be677,
            0x5d5b857f, 0xcd17d083, 0x83fd6a06, 0xeab88b23, 0x33419ddb, 0xcc220ee8, 0x4df7088a, 0x5565b9b3,
            0x84a29387, 0x327443b0, 0xcb7df769, 0xd4b0bfd1, 0x2db90b08, 0xe8fafb33, 0x4aa8f10b, 0x8ededf5b,
            0x0a1650a8, 0x0735e5f5, 0xae2e7d7a, 0xb9dd090e, 0x58460cee, 0xf963a8ad, 0x1b8f0336, 0x6d07aaab
        },
        {
            0xdbe23cdf, 0x2b6f4351, 0x211d5b8e, 0x3b9ac30d, 0x18a3a08a, 0x86a29828, 0xafe9e370, 0x224bfa17,
            0xfff80dc7, 0xfb8dfec1, 0x9442e043, 0x61f93565, 0xb24d296c, 0x1bf50113, 0x04443338, 0xfacea76f,
            0x6ac87414, 0x9501b9ed, 0x7b7eade6, 0xb42d225d, 0xf79fed2f, 0x9b065234, 0x38cc6294, 0xa8cab1ef,
            0xdcc16e40, 0x9e30f89c, 0x3cb99192, 0xbc4ac2b5, 0x7c5dff79, 0x4f911ca2, 0xfebb5469, 0xfcaeac5e,
            0x49f11793, 0xd0d37dae, 0x710cb539, 0xded49677, 0x085620d6, 0x73194d0e, 0x80c29319, 0xf0bcbfb0,
            0x5235d6be, 0x78280c7f, 0xd6b3769f, 0x1f80f215, 0xe96d86aa, 0xb11b88f5, 0xbe5f3a82, 0x85f439b1,
            0x3eac69a5, 0x4aa7b60a, 0x5c323d67, 0x1cd6538c, 0x0031c03e, 0x118719cc, 0x89e62a5f, 0x7e48074e,
            0x32be7a4b, 0x6ffedebc, 0xe62934dd, 0xc705af6d, 0xcc34ee1c, 0x0c23d3d0, 0x4d84e495, 0x205e0220,
            0xeb787e9d, 0x45e3047d, 0x9361b2dc, 0xa78e0398, 0x1392e1fb, 0x0d608a7e, 0x699ed58d, 0x2a2c1aff,
            0xcb17bc83, 0xd9f7c4e8, 0xe57f9544, 0x971441da, 0xa1ee08a9, 0xf6dcb481, 0x071292a1, 0xa59bfbaf,
            0xf8db5f58, 0xe76a6d73, 0xee4ed435, 0xed1875ac, 0x2839e2c8, 0x0f757249, 0x4196f77b, 0xd2c68599,
            0xb30e70c2, 0x8ec578c0, 0x590497cf, 0x2308a3b9, 0xf99806f6, 0xc510575a, 0xf1ffe61e, 0xb058d15b,
            0x8cd080f7, 0x9850f3ad, 0x5d7164c9, 0x44a05dd3, 0xadfc1b47, 0xca54e52d, 0xe43cccea, 0xbd099b1b,
            0x50202e89, 0xb56e7bf3, 0x96571874, 0x12d1b855, 0x46b5a5e4, 0x17e712fd, 0x40d5aed5, 0x31e8dbd2,
            0xa6cd5a36, 0xdaa16571, 0xdf97cfd9, 0x3dfac83c, 0x01729990, 0xd8b49d46, 0x67993e54, 0xf3ea1e29,
            0x9913aa03, 0x359d28d4, 0x36cb894d, 0x6deb268b, 0x1d950a22, 0x658cc663, 0x83943280, 0x90371345,
            0x2e59e9f9, 0xea3b2733, 0xc026fdf2, 0x4be4efa4, 0x1ab658bd, 0x55168421, 0xcf624f85, 0x62af94fc,
            0xb97c681d, 0x53768f10, 0xaadf49d8, 0x2f1ab057, 0xbf1c632c, 0xa4d8a201, 0x82d76b2e, 0x3788d0e3,
            0x297abb66, 0x7f0b5ee0, 0xacbf42e9, 0x30ab827c, 0xf4c94cb6, 0x263e0911, 0xd1902400, 0xbb69902a,
            0x5e27c550, 0xe0493fec, 0x3ad99aa3, 0x5f649cfe, 0x91744aeb, 0x2c4c11ce, 0xc165a45c, 0xa3fbf09e,
            0x05076a96, 0x704fec97, 0xc90244b4, 0x5455dd8f, 0xc23305c5, 0x15f2eaca, 0x48b24e3d, 0x47f6fc4a,
            0xd7f02f31, 0x66da67fa, 0x33fd23e5, 0x10c44062, 0x8bf3d268, 0xaeaabade, 0xc646f6c3, 0xce21162b,
            0x64cf9fcd, 0x8d93d959, 0xfdedf5f0, 0xb638da6a, 0x0a43d8e1, 0xec5b2c02, 0x87e1c186, 0xe82edf04,
            0xe25cc7db, 0x6b8b2dba, 0x9d665905, 0x6ca87f25, 0xd4a68ea8, 0x3fef300b, 0x398f3b3a, 0x57037c16,
            0x725a14a0, 0x19e0f924, 0x762fe7a6, 0x0e362be7, 0x02243809, 0xc3705c6b, 0xb83f31b3, 0x68dd8c23,
            0x8181cab7, 0x9c2500ab, 0x16a44b53, 0x42c056e2, 0x88a573f1, 0x9f73a132, 0xb77b83c4, 0x2d0f4860,
            0xa989e841, 0x7a3df448, 0x5b116ff8, 0x43830f4c, 0x84b7601f, 0x60ba6ccb, 0x242bf126, 0xf58a1518,
            0x8ab08bc6, 0x564025b8, 0x7d1ea6d7, 0x0b00814f, 0x1ec3abbb, 0x5a523656, 0xe10a6642, 0x5847ce61,
            0x4ed2450c, 0xba2ac984, 0xab9c1076, 0xe31f9e75, 0x776cbe08, 0xcd77b7b2, 0xd5e5d706, 0x63eccd52,
            0x2568a888, 0xc4530ef4, 0xa2b8a930, 0x09157978, 0xa0ad5107, 0x4cc7bd3b, 0xd385dc37, 0x8f86216e,
            0x277d50bf, 0x6ebd8712, 0x796b55d1, 0x34de717a, 0x51637727, 0xdd8237ee, 0x14b1b364, 0xef0d8d9b,
            0x7579463f, 0x9a450b9a, 0xc8411d1a, 0x0651cb0f, 0xf2a94787, 0x9222eb72, 0x036761a7, 0x743a1f91
        },
        {
            0xb30d0c84, 0x7538f7e2, 0xf9e28f6b, 0xae562b13, 0x27664331, 0x8e85d987, 0xf4499cd1, 0xdcdb6d54,
            0x7176acc6, 0x0e50f93b, 0x5adf945f, 0xefc362f1, 0x1aee9632, 0x500115dd, 0xad6de20f, 0x5c0e4de8,
            0xf33c0ee9, 0x618698eb, 0x63191a78, 0xde44efc7, 0x9e75edaa, 0x7a0c66cb, 0x0ff4b2b4, 0x2db8c2b3,
            0x5b7bdfd0, 0x025fa10e, 0xc2bb83df, 0x43cae8ec, 0xb2a9470b, 0x51a55e52, 0x65c8c3cf, 0x0d6b3027,
            0xfdacd44f, 0x77a77571, 0xcafa80ce, 0x48b022e1, 0xa923b92b, 0x09256b03, 0x4d5a324a, 0x7ba82d44,
            0x15da071b, 0x76033efe, 0x9d4e24b6, 0xa7b3638d, 0x11945c3f, 0x0a1ea21f, 0x5daa0667, 0x90e5370c,
            0x81b148ae, 0xb877c689, 0x749cbc6d, 0x3906adba, 0x21b79a86, 0x147e4c94, 0x245d8a2d, 0x2013d109,
            0x2f274020, 0x5f3584f4, 0x8b6fc92c, 0xacc9a980, 0xf2984566, 0x59e45d43, 0xe51de373, 0xbb4c0f95,
            0x9a3bb68e, 0xc1804ac3, 0x3509f58f, 0x2c1c893c, 0xc6f5d8fb, 0x69c79bfa, 0x00c0239d, 0xbf0254b1,
            0x052a3336, 0xd605ecd6, 0xb74357a0, 0xdbaeff6c, 0x103017b0, 0x17458588, 0xd0d43561, 0xd24bb7f2,
            0xe4b9a8fc, 0xd3effc7d, 0x8acb82a3, 0x228c539a, 0x3fd7740d, 0xb1928e17, 0xf007c7f5, 0xdd7f26db,
            0xa0c6f1b5, 0x577487e5, 0x451b315b, 0x6b581969, 0xd53e25ca, 0x0ccf7ba8, 0x73e92e55, 0x4784b3c8,
            0xe912bb46, 0x1f048699, 0xb036c598, 0x30e3e524, 0xc7519374, 0xed5ce062, 0x1ea0cd16, 0x9b9ffd01,
            0x1c3f4f85, 0xf6d61e42, 0x048e78b9, 0x4cfe79c5, 0x85ff138a, 0xe0f7f3d8, 0x6eb209c2, 0x828a81b2,
            0xf77255cd, 0x07b5b1a5, 0xcf109065, 0xaff2609c, 0x56d0cc6a, 0x130bdeac, 0x40f121f0, 0x3147aeab,
            0x9790a534, 0x7893e458, 0xb6e71c2f, 0x4a2fa072, 0x44bf7ad4, 0x6022d364, 0x7fe67660, 0x87609119,
            0xda0ab4e3, 0x19d55f2e, 0xc31fc850, 0x4fc5b0d9, 0xbc399dad, 0x33d82c38, 0x94ab6c28, 0x7d79f4f3,
            0xceb4dbea, 0x0611fa2a, 0x9fd1a625, 0xd9317dff, 0x724d65da, 0x8dbe109b, 0xa2597326, 0xa488aa91,
            0xecf8abed, 0xb4789ebc, 0x36323c93, 0xcb5ecb41, 0x2e830baf, 0xbae8441a, 0xd7a1a759, 0xbd9dd622,
            0x89f04bbf, 0x9634eebb, 0x38a2e635, 0x25f9c1a2, 0x99007f92, 0xe78261e0, 0xaa187037, 0xa3fd38a9,
            0x3b992f29, 0xabbc3bb8, 0x533adcc1, 0xbea61f3e, 0x5e91cf7b, 0x0881208c, 0x70d2e749, 0x0bbae990,
            0x41556a7f, 0x3cecbd11, 0xf846c4e4, 0x01646812, 0x4b8bebfd, 0x845b5805, 0x6863d075, 0x3a3d64a6,
            0xd1707eee, 0xa6172802, 0xf1a38c7a, 0x2852d218, 0x6afc52e6, 0x529e974e, 0xff3356dc, 0xc024014c,
            0xe3cc3ac4, 0xe6262a6f, 0x426ea363, 0x34adbe00, 0x1b4addbd, 0x187114a1, 0xf5edd75e, 0x6d89c0de,
            0x93defe10, 0x23281815, 0x26c208be, 0x03fbea81, 0x7e423def, 0xb9d38d06, 0x7cddbf7c, 0xc46a5a68,
            0x3796771c, 0x2b691b04, 0xc5ce11e7, 0x86c4da96, 0xe268714b, 0x544f4ef9, 0x29f69997, 0x950f27a7,
            0xea29725a, 0xd49a6e45, 0x91417c83, 0x8f219208, 0xa162ba3a, 0x55eb0576, 0xb5dcd533, 0xfc089fc0,
            0xfb7d0df8, 0x6757415c, 0x6c2d8b51, 0xe153b857, 0x8c1a5b14, 0x4e61fb56, 0x646c8840, 0xa887f2a4,
            0xa52ce11e, 0xeb8d39d5, 0x88540030, 0x9cea6f39, 0x832eca3d, 0x12af9523, 0x3e733f82, 0xe8b6f0c9,
            0x80150321, 0xee67297e, 0x927ab59f, 0x4914696e, 0x4620f847, 0x66f30ad3, 0x16e1ce07, 0xcc2b5979,
            0xdfe0a448, 0xc9c149d2, 0x584016cc, 0x2acd508b, 0x62bd51f7, 0x98a4341d, 0xfad94677, 0x6f16424d,
            0xd8953670, 0xcd8f12f6, 0xfe971d53, 0x7937afd7, 0x3d48f69e, 0xc865025d, 0x327c67b7, 0x1d9b040a
        },
        {
            0x5c276adb, 0x47213924, 0x1fe1be74, 0xdf06188d, 0x25b10eac, 0xbd962f05, 0xb320f9a6, 0x8970497e,
            0x7bf25e3e, 0xe82f211e, 0x2af854d3, 0xed63a934, 0x44ee66cc, 0x9046c9b5, 0xbaea741b, 0x6c720856,
            0x1aad365e, 0x65b885eb, 0xcdcac6cf, 0x96c51e77, 0x36825c32, 0x8ff39ebc, 0x2e4b5025, 0xd985cf4f,
            0x0baeb7f4, 0xa76ff026, 0xbb15f8c7, 0x9873c8d4, 0x9cc0cc22, 0xef537a00, 0x3c878e67, 0xbc69a3d9,
            0x46deb5f8, 0xfae3ff5c, 0x5aa4bd19, 0x8b409a4a, 0xdbb51c7b, 0x86391301, 0x30018bf0, 0x5e17b9ef,
            0xd04f42f2, 0x8abf1696, 0xf665facb, 0x515ee390, 0xdef99451, 0xce059927, 0x8c3cc154, 0x33ced418,
            0x8dc34d88, 0x5dd8e607, 0x596be2f1, 0x4cdb67ad, 0x02643a49, 0xa6907cfa, 0x141be0fd, 0xe699f7bd,
            0x4997ef87, 0x8409c035, 0x888fc5a2, 0xf119a1d5, 0x9d3f40fe, 0x633b5229, 0x377dd0ee, 0xc7cf149a,
            0xb793fd50, 0xda4a90a7, 0xc979c239, 0x74bb0441, 0xaea57d9b, 0xb9252bf3, 0xd6cc9530, 0x05186157,
            0x7d7189fc, 0x950a419f, 0xd1b0ce2e, 0x2b07d80f, 0x80bac4c3, 0x87c69fdd, 0xe9d0adc2, 0xcb49110d,
            0x426db10e, 0xf2d6fe3d, 0x0054e97d, 0xf5aaa523, 0x405d623a, 0xb45ca2b8, 0xc2839cb0, 0x9a431be0,
            0x099e64c0, 0xd27f91c6, 0xc37c106c, 0x79c28d0a, 0x54126bba, 0x267e5144, 0xf92ca0b4, 0xcffa15fb,
            0xb8daa72f, 0x536e30a4, 0xaf5af147, 0x1e1e32a8, 0xe3d57f97, 0xe22af34b, 0x7f415ac8, 0x73c75f5f,
            0x6b0e5348, 0x3d7802bb, 0x0728b263, 0x0d2d6036, 0x6d8d848a, 0x62c4def5, 0xcc354a13, 0x85f64ce9,
            0x4a58b06f, 0x04e7ed8b, 0x58946e2d, 0x91b94569, 0x2c7b8311, 0x8145481f, 0x768bd775, 0xc0b34f84,
            0xad6a2273, 0x77745ba9, 0x29370b3b, 0x0861e81c, 0x3bfbd579, 0xdcc94765, 0x244e8270, 0xaa16796d,
            0x4d24eb71, 0x28c887e7, 0x43923dd2, 0x71f78c6b, 0xebe07ef6, 0xc5ffc7ae, 0xa55f2312, 0xeeacf6dc,
            0x323158c4, 0x6677da03, 0x039bb695, 0x8e0c1260, 0xb1102a92, 0x2d840fcd, 0x64470937, 0x4868635b,
            0xb2df757a, 0x4f143845, 0xc14cc358, 0x20fd8686, 0xf32972e1, 0x693e807c, 0x94f5cd43, 0x2332d96e,
            0x15e46c21, 0xb5a32e64, 0xf8d32c68, 0x828a17f7, 0xa826aa59, 0xa013ab38, 0x1367bbe3, 0xfd9fa442,
            0xb66c718c, 0x4511ea10, 0xac95aeaf, 0xfc60289e, 0x1b52ba82, 0xdd36cbb9, 0xf45529ff, 0x92761a81,
            0xd4fc4604, 0xc8864ee5, 0xea1ff22a, 0x5fe83533, 0x06d73ebf, 0xe556a855, 0x162b33c9, 0x1dd16d40,
            0x7ebed614, 0x10a8e40b, 0x39cb064d, 0x01ab65a1, 0x0a513b28, 0x3a0459a5, 0x0cd2ecea, 0xe01a207f,
            0x17d4bf15, 0x196269b6, 0x7a0dd2e2, 0x9f0f93ca, 0xa4a0afce, 0x6e42db62, 0xf0e62d09, 0xe4a92489,
            0x55ede766, 0x21020a5a, 0xa1ec27e4, 0x41a2eee6, 0x2781dd98, 0x31fe072c, 0x2fb4dcf9, 0x973a92ab,
            0x7c8e0520, 0x38348a91, 0x83759b2b, 0xfe50fbaa, 0x5b5b31c5, 0x6fbd57be, 0x998c4408, 0x60f40dc1,
            0x115768d7, 0x783d01d6, 0x0f1db302, 0x1298373f, 0xbfa6fc31, 0xd87a4393, 0x7238d383, 0xf79a7617,
            0xc6309846, 0xb0efa64e, 0xa223780c, 0xabe9f5b1, 0xec9c25e8, 0xa3dcf4d0, 0x7544889d, 0xe7667b61,
            0x1c2ee19c, 0x0ee23fde, 0x678856df, 0x5291bc78, 0x700800b7, 0x4eebb499, 0xbe5970ed, 0x9ef01f16,
            0xc4004b72, 0x6af1df94, 0x57dd3452, 0x354d03da, 0x5622b88e, 0x610b811d, 0x22cd55b2, 0xa9d92685,
            0xffaf7776, 0xe1e5aca3, 0xfb1c7380, 0x9389965d, 0x9bbc973c, 0xcab69dd1, 0xd3801d1a, 0x50a16f4c,
            0x34b28f06, 0x68c10ca0, 0xd73319ec, 0x189de56a, 0x3eb75d53, 0x4ba73cb3, 0x3f48d18f, 0xd503cad8
        },
        {
            0x328e737f, 0x6066b804, 0x7ffa62d8, 0xb953536f, 0x068868ba, 0x8c3c3d88, 0xfbb1b758, 0xf1a15059,
            0x610fcd26, 0x628aec4e, 0xead2ed36, 0x530ae51a, 0x69f37e6d, 0x78902403, 0xca31be0c, 0x6b1f2a27,
            0x11e8012d, 0xb429f2b5, 0x33e7065d, 0x4269bf74, 0xd3ae5729, 0x4c963fc6, 0xda3b9140, 0x0e74dbf1,
            0x6d1c19de, 0x6489dfb7, 0xcd5bf8d7, 0xbf506096, 0xded4f6f3, 0x0877e808, 0xc8ddea46, 0x8ed069c2,
            0xbbbf0725, 0x20680879, 0x25ee1ae8, 0x310b5217, 0xfdb284a1, 0xb343b46e, 0x4dff4ae4, 0x22845c33,
            0x3c71f3cd, 0x92c99276, 0xf42742c8, 0xd741309a, 0xa9597c23, 0x9626f5c5, 0xa220ee00, 0x01e22e61,
            0xdd51d79b, 0x366114cc, 0x21017d5b, 0x7c7f43b0, 0x7b15056b, 0xf7a263a0, 0x94caa18f, 0xe83eb97c,
            0xa54aa8db, 0x030e7a2b, 0xfe37a5c9, 0xe957cc5e, 0x1914b266, 0xa8300901, 0xf95de312, 0xe0c20a37,
            0x0c988fbb, 0xb1afe024, 0x568cf78b, 0x30622735, 0x2d12a9a3, 0x5509d6e3, 0x2b119a5a, 0xe22e5e7d,
            0x0df1fa99, 0xf0c8257b, 0xcb58cb2e, 0x3e9da787, 0x9d5f67e6, 0x3ff4d2a5, 0xa1a5cf68, 0x1bf8e62c,
            0xef54ffa7, 0xcfb7ac9d, 0x63e3996c, 0x8fb91ce0, 0x8b567b53, 0xdfbd83d1, 0x862cda89, 0xbcd541fe,
            0x1081740f, 0x8a3f0e71, 0xfcdbf183, 0x88d35a3b, 0x1dfbd5d5, 0x57e582a9, 0xb6c5a6ff, 0xa6cf89b3,
            0x3b1bb516, 0x6e9938b6, 0x1a91930e, 0x95a3d4ad, 0xb7acd3dd, 0xedb8abed, 0x050d49d2, 0x766fa4b1,
            0x8d5548aa, 0x39f7e15c, 0x1e7ef4bd, 0x5bf65651, 0x6c756cfc, 0xee3d8a85, 0x008b5b43, 0x27024ea2,
            0xe6c139ce, 0x1507669e, 0x35e435a4, 0xf2247131, 0x974f80e7, 0x6ff04d94, 0x99b00055, 0x9c3612c4,
            0xf8349630, 0x1c92a0f7, 0x4686d8c7, 0x2c7bdc81, 0x4a950c3f, 0x5df565a8, 0x9fb333ac, 0x89ba2f19,
            0xc3a47865, 0xa0ccba4a, 0xc4ce3ebe, 0x091e9d2a, 0xae333af8, 0x9025c63c, 0x2a78ef78, 0x1f17819f,
            0x508fc472, 0x4bfc791d, 0x7e9317fa, 0x802fe970, 0x47efade5, 0xceded9bf, 0xa423ddf9, 0x446a8c8d,
            0xd9beb028, 0x5c9c108a, 0xecd1decf, 0x02670f09, 0xe42d6d84, 0xc5a74b9c, 0xbdbc34dc, 0x98d97577,
            0xb83a264d, 0x7a7c7049, 0xf34d0413, 0xc2cd0d47, 0xcc328df5, 0x5e7044c0, 0xadb61b90, 0x0a9bbc42,
            0x4085eb3e, 0xbad67207, 0x2ffefde9, 0x914cb31e, 0xaadc5d4b, 0x7483f0fb, 0x7280c302, 0x9a35213d,
            0x23ed2911, 0xdc38a2b9, 0x9eda468e, 0xebbb9814, 0xc1482c2f, 0x370861ee, 0x82c3bd3a, 0xe7a84cec,
            0xd4c411f2, 0xfad8c27a, 0xd1420363, 0xb5408797, 0x266b3b80, 0x7706d193, 0x4e7a6b8c, 0x6a765f05,
            0xff5ed0eb, 0x4f131eae, 0x5a9f2373, 0xe54418a6, 0xa3499b22, 0x9b5c541f, 0x7105e26a, 0x4503f9af,
            0x591a021b, 0x93a0e754, 0x348d4086, 0x29fdce10, 0xd8d7c50a, 0x0bf2c960, 0x84c08ec3, 0x7d163692,
            0xdb52e462, 0xf6cb1682, 0x83aac818, 0x58737739, 0xe1ab7f15, 0x49102d57, 0x73e9b620, 0xaf5a4fda,
            0xe3472b5f, 0x5460a3c1, 0x75ea85d9, 0x126d2045, 0xa7a6fc91, 0x66658bfd, 0xd2c7220b, 0xd5ad64d0,
            0x4300ca56, 0xc021590d, 0x3a72c034, 0x24876fca, 0xb0c69506, 0x52639038, 0x187dc744, 0x13045567,
            0x2e9788cb, 0x65e0aa95, 0x79f95121, 0x51e6b150, 0xc9b49f64, 0x3d1886ef, 0x706c9748, 0x81469c52,
            0x689a0b4f, 0x8745afab, 0xc74b1fd6, 0x04643cf0, 0x85a9fbe1, 0xf54e37ea, 0x07e11d98, 0x2894bb32,
            0x41ec9e1c, 0x17eb32d4, 0xabb52869, 0x389e947e, 0xc6226af4, 0x168247f6, 0xb22ac14c, 0x5f1931e2,
            0xd02b7641, 0x0f1daed3, 0x48795875, 0x146e13bc, 0x670cfedf, 0xbe3915b4, 0xd62845b8, 0xacdf6eb2
        },
        {
            0x75541cfc, 0x5ebc43e9, 0x892e4458, 0xea6b8167, 0x5397a359, 0x26c5ad36, 0x67afbbf8, 0xd62c3153,
            0xcca83ec2, 0xf5bbc6d3, 0xd45f3425, 0xfe0f4f41, 0xffb76b30, 0x37f52b35, 0xfae32315, 0xe0672c84,
            0x9f398f08, 0xe9a0a060, 0x65dcbe8e, 0x316a4217, 0x73cb75de, 0x6c1b326a, 0x19493c05, 0xdb07d1e3,
            0xc3f0db04, 0x80e9c8bc, 0x12fdb597, 0xc4d79657, 0x79c7d83d, 0x03cd3394, 0x8e09090b, 0x134591e6,
            0xbb8935db, 0x700054d9, 0x0d2df223, 0x92126fb8, 0x11369490, 0xd10b7c00, 0x4b60a9be, 0xa2c61b4d,
            0x90616ace, 0xa8cab6ae, 0x2f0221d2, 0x7c939018, 0x6343d7ac, 0xe3ac0d83, 0x7f58b11f, 0x48ab88b9,
            0x7bb4dd4b, 0xba3111aa, 0x522f8728, 0xc03bfa03, 0x8dc2280c, 0xbedd7dfe, 0xc8445296, 0xe1df08f5,
            0x9a6dc72d, 0xee87ed33, 0x07215fc0, 0xdd98b8c1, 0xb3f69d4e, 0xf157aa87, 0x250e8c31, 0xe6f845a6,
            0x2bee4d86, 0x205ac414, 0x3915ea82, 0xc56fb226, 0x71b870a8, 0x299d48f0, 0x1a821d02, 0x15daf8c4,
            0xcedb3bb4, 0x3adecb85, 0x599b0eba, 0x9e81ab79, 0x7727198a, 0xfc7c4a37, 0x56c3eb7c, 0xab0197a9,
            0xd3787976, 0x4dffc09c, 0x58232acb, 0x87ce85ef, 0x5a502fbd, 0xd5e71054, 0xe48b40d0, 0x7d2bb469,
            0xa97292df, 0xe21429f2, 0x9cf2ae0f, 0x1fd65527, 0xe74061d7, 0x4e34e19b, 0xb6a2d56b, 0x277d8947,
            0xcd101ab3, 0x18f11874, 0xb9fa30ad, 0x4c47e4ed, 0x3c41a2a7, 0x09c19e77, 0xc248ff75, 0x0879ba06,
            0x431f012b, 0xf7c8c3a5, 0x35862e43, 0x2d7124a4, 0x42a7255a, 0x33194761, 0x0c95d652, 0x7ee0956e,
            0x32a16310, 0x6fd0136d, 0x3e32a7d1, 0x8322e9bb, 0x99a6e62a, 0x62fbf3dd, 0x74ec388d, 0xa7925368,
            0xe53364a1, 0x5f046798, 0x4f8cc5ea, 0xbcae7888, 0xb71af11a, 0xf8902663, 0x17a9fdb2, 0x769f3dfb,
            0xa10d3a4a, 0x6da3161b, 0x04ea7ec7, 0x21e2e065, 0xb1859838, 0x5ccf469f, 0x6130d2da, 0xef3fc942,
            0xd974d495, 0x727351af, 0x85bd8099, 0xdfebbdb7, 0x5d7762ee, 0xafedfbfd, 0x44384c78, 0x8b5d412e,
            0x3b66eff4, 0x1462dcb5, 0x00061293, 0xb24eb93f, 0x96fe03ec, 0xa62a7719, 0x8c7a0c7d, 0x66179f89,
            0x8ae5655f, 0xc6a49321, 0x8405a4e8, 0xd8ccf0e4, 0x2229c162, 0x8151eccd, 0xcb8f7391, 0x4913acc8,
            0x577bcf0d, 0x24b6a840, 0x3f8a83a0, 0x2391e513, 0xf29c8b80, 0x0bb29b01, 0x01be36e2, 0x953522eb,
            0xf403e2a2, 0xfdc46e46, 0x1b3a3973, 0x1611d9c3, 0xa5e1561e, 0x05525ab6, 0x7a0cf93a, 0xbf65598f,
            0xa37e3f3c, 0x0ee6d324, 0x2a5669f7, 0x8fb12d7a, 0xc9fc76e7, 0xb569f46c, 0x28256c81, 0x6e68371c,
            0xb84214dc, 0xc183de72, 0xf9280212, 0x30d26666, 0xde5399c6, 0x88966029, 0x6b3c7f39, 0x464b490e,
            0x54b0ee0a, 0xb03dbc49, 0xd2c05d07, 0x343e0a32, 0x364d0f44, 0xc71cb750, 0x1da55051, 0x948d069a,
            0xac26dafa, 0x027517e5, 0xca3757e0, 0xdc209cb0, 0x505c825e, 0xd7941522, 0x68f75e3e, 0xb4d1d01d,
            0xd0b35871, 0x40d4202c, 0x8676a19e, 0xaab9b3d8, 0x47f36d7f, 0xf0ef8ef6, 0x6088f6ab, 0x9746279d,
            0x1c1d7420, 0x3df986d6, 0x2cc900d5, 0x108eb0e1, 0x06997bb1, 0xbd165cf9, 0x64649aff, 0x5508ca7b,
            0x45806809, 0x787ffc4c, 0xebd3a516, 0x2eba05a3, 0xa0b51e3b, 0x38adcef3, 0x0f5ef755, 0x1e6e7156,
            0x93aa4bc9, 0xed4ccc34, 0xae55df8c, 0xfb5b0764, 0x5be80bcc, 0xdabff592, 0xad9efe8b, 0xecf4e845,
            0xf670e7d4, 0x9d4a8a7e, 0x981ec25b, 0xcf631fc5, 0x91d94ebf, 0x9bd5e35c, 0x6a845b48, 0x0a0abf70,
            0x4ad88dcf, 0xa459726f, 0xf324aff1, 0x694f7a4f, 0x416c045d, 0x51e4a62f, 0xe8188411, 0x829acdca
        },
        {
            0x6e5e1737, 0xd0cb30bf, 0x77cf3b04, 0x42f48410, 0x91debebe, 0x7976ac93, 0x158c2a7f, 0x9f672929,
            0xf7f708af, 0xf39dafc5, 0xfa56f46c, 0x1a702622, 0x65c8bc00, 0x74d75050, 0xa7fd6afe, 0x587dc377,
            0x24dd3201, 0x51b698de, 0x2c53f262, 0xba06e1a7, 0x78333759, 0x5499a47e, 0xa397cd94, 0xcc75202c,
            0x0b6fca72, 0x3d4c1e32, 0x1d02ea1c, 0x078bad7b, 0xec3bd402, 0xea0c83f6, 0x49622f27, 0xb0d5d15a,
            0xb85b1139, 0xa6b8f134, 0x96ac7280, 0x63ffebf4, 0xc5be7b85, 0x5a2033e9, 0x94f1821e, 0x12fee641,
            0xd845f0dc, 0xbb437a6d, 0x47dbb8b0, 0xe3c7d85f, 0xab190df7, 0xce28d0b2, 0xf6b29365, 0x5f0f0f49,
            0x2f4b9936, 0x5c17641d, 0x0e40f6d2, 0x0877a126, 0xda180042, 0x692cdb09, 0x4a7a4473, 0xcf6d4b78,
            0xee66249c, 0x38632292, 0x5e4a9483, 0x5d52ffd7, 0xcb07ec12, 0x1c4771d6, 0x35c2de51, 0x2d1669a8,
            0x85ee6e4e, 0xb28821c4, 0xf5aaf831, 0x06ce36b1, 0xef23bf56, 0xc0914725, 0x8c2535e7, 0x11e68d15,
            0xfe3c5306, 0x9a481589, 0x5b65a823, 0xa1ca3d0a, 0x9b0d8e43, 0x8b57f9d9, 0x80c152ee, 0xad2e5a03,
            0x70bdf73a, 0x50f30314, 0x9d3ad9b7, 0x05d65de5, 0x686940c3, 0xa944fd69, 0x01bcfa8f, 0xb7a71d64,
            0xc6a610d1, 0xaa5c963d, 0xd3d35beb, 0x5781cf2a, 0x97e9e94a, 0x3f11eeac, 0x3a3ed20c, 0x83d939ba,
            0xbc31b653, 0x1e1a8148, 0x09323aec, 0x28395508, 0x2a64a596, 0x182dd6bc, 0x44c3d3e4, 0x62ba703e,
            0xb4bf7630, 0x3c0985f8, 0x02a491db, 0xc7e38b1b, 0xf4ef63fb, 0x99507edd, 0x10a316df, 0xbd742d99,
            0x768aa0ce, 0x469e237a, 0x03e10a11, 0x8d60ae2d, 0xac6bc1c9, 0xe914e8a2, 0x3b7b49c6, 0x7a6ec7c7,
            0xeb49183c, 0xc2ccb7bb, 0xa2d2565e, 0x7b2b5c0d, 0x55dc3fb4, 0xdc2f57b6, 0x7d1c0bf9, 0x32b0126f,
            0x7c599033, 0x0d589d86, 0x593858bd, 0x4b3fdfb9, 0x86f6051a, 0xc81f8746, 0xd9006b16, 0x890a0947,
            0xe2824395, 0x14c9b1b5, 0xf085c491, 0x4d08884d, 0x4e10e319, 0xc1d4dcef, 0x9815e517, 0x4c4d1387,
            0xe5f08fab, 0xdd6acc7c, 0x67954c9e, 0x17d1dae1, 0x829ca270, 0x23affe3f, 0xcd30bbe6, 0xfc61a398,
            0x3e547566, 0x6c03e7a9, 0x84abf584, 0xd18eab75, 0x52aef38a, 0x4586482e, 0x6b712b97, 0x36dab505,
            0x33f589a5, 0x31a8793b, 0xae363157, 0xd4a197d5, 0xde72a728, 0x1694412b, 0x40a9748e, 0x56c454e0,
            0xd7b9fc81, 0x2598a9cb, 0xb6e286ae, 0x21f20ea1, 0x92c6d5ea, 0xe4b51461, 0x66d0d754, 0x8f3d5eb3,
            0x22ea65f5, 0xd5e40c1f, 0x93834e20, 0xf80b04f2, 0x0493c62f, 0x4827b4ed, 0x2680c29f, 0x7592cb9a,
            0x95b419d4, 0x9c7f427d, 0x2b213e5c, 0x379f2ecf, 0xd6fc674b, 0xaf73aa9d, 0xca4277d8, 0x884f928d,
            0xe6e8e4ff, 0xd296c021, 0x72e007a4, 0x909b2574, 0x6a34b05d, 0xe8517368, 0xf1c05f5b, 0x00f96145,
            0xb1904a90, 0x1b35bde8, 0xa5a09a60, 0x8e78c579, 0x3926b958, 0x7f41fb67, 0xc3892c71, 0x297ccec2,
            0xa80166a3, 0xe0dfb30b, 0xfb136fa6, 0x87b39ed0, 0x71f86cf0, 0x648d27ca, 0x60e780a0, 0xdf373ce2,
            0x3487459b, 0xa4e501aa, 0x4f5578d3, 0x27c55955, 0xc4fbe04f, 0xff79c8cc, 0x73a59c6e, 0x0c1d064c,
            0xb91e8af3, 0xa08fa6c0, 0x0a2a51b8, 0x20b7956b, 0x0f056d18, 0xe19a28c1, 0xdb5d9b88, 0x41ecef44,
            0x61a21b6a, 0x8a126213, 0x6f1b8cfd, 0x53eb6840, 0x19684d76, 0xfd243852, 0x9e22b2e3, 0xc95a1c8c,
            0xed7e4fc8, 0xf94e9f38, 0xe7ad7f35, 0x2e0e02fc, 0x7e0460ad, 0x43b11fda, 0xf2d8340f, 0x13bb7d8b,
            0x30ede2f1, 0xb3cdba0e, 0xbe6c46cd, 0xbf29dd07, 0x1f5f1a82, 0x8184c924, 0xb5faedfa, 0x6d467c63
        },
        {
            0x7239eb68, 0x45a1be46, 0x36d6cf1f, 0x2583a116, 0x6991c6f4, 0x195ab928, 0x05ba3ef5, 0xc4216e65,
            0x9f92c34a, 0x89192237, 0x4c76d663, 0xb1349ecd, 0x217705d2, 0x5c9fb6ef, 0x5db59d5f, 0xacfe32a0,
            0x1f3838d9, 0x6d656230, 0xbb5ff86d, 0x3308406b, 0xc79d60e0, 0xf8f8765b, 0xc8288934, 0x70afce5d,
            0xbe817719, 0x3adf284e, 0xaf423c25, 0x3440ea2a, 0x9d04e67f, 0xa1ddfe41, 0x586b122b, 0x98da690b,
            0xfc0cd29f, 0x80ce4a12, 0xc369c424, 0x37fce4af, 0x843aeed6, 0x9a4c4c3e, 0x9c2ecdcf, 0x0c6d56d0,
            0x4fcad8e6, 0x5f23b86a, 0x976f80df, 0x27158423, 0xd116819d, 0x92b10fab, 0xd8c1e9b8, 0x910d012e,
            0x8786e053, 0x7978a678, 0x448b95f6, 0x3f01a73a, 0xe3505bc7, 0x6a2dc871, 0x7ac4a8fd, 0xf667b43f,
            0x02f294b4, 0xf00535ce, 0x28a06df7, 0x6046aed1, 0xc0d5caa1, 0x939b241b, 0x263faf93, 0xe93b3d67,
            0xe532da36, 0x5e0993da, 0xb7561f3c, 0xa0f7d5f1, 0x0d477d60, 0x5462f57a, 0xb8e3f6e8, 0x1ae6b7ad,
            0xd380a4a8, 0x670e0490, 0x76cd4fac, 0xc50b45d5, 0x38490d7b, 0x06063070, 0x8aa52cb2, 0x2a3648c2,
            0x4ee0f356, 0x0899f214, 0xdd1f66cc, 0xece5b213, 0x1dae1dec, 0xea8733e2, 0xe7a4ff03, 0x8b8f0702,
            0xd5e22559, 0xbd3d799c, 0xc6b74b50, 0xe1c67ef2, 0xcdf60640, 0xe418f186, 0x3bf503fe, 0xb01eb57d,
            0xa920bdd4, 0x2b1c6372, 0xf12f1e7e, 0x298a4647, 0x63faa054, 0x5afd371e, 0x77e7641c, 0x3d97820f,
            0x0064b181, 0xabb698e1, 0xb67c348c, 0x072c1bc0, 0x9645ab6f, 0x659821a5, 0x356ac19a, 0x15535e79,
            0x7e300c39, 0xc1ffe111, 0x7f1a2789, 0x18709298, 0x7bee834d, 0xe81116d7, 0xf74d9f8f, 0xb5c03a09,
            0xd4c80ee9, 0xd9ebc208, 0xd03caa2d, 0x121bf438, 0xcabeac01, 0x23e120e7, 0x7185e5ed, 0xa34bdb74,
            0x4b3e7c22, 0x1bcc9c1d, 0xa4037135, 0xaa9cb351, 0xf29310fb, 0xfb4478de, 0x7d8c02bc, 0x5200748b,
            0xc902a284, 0x8510c566, 0x5bd71cae, 0xb9c9dd58, 0xef59bc96, 0x461db0c3, 0x0efb73e5, 0x8f7ba3c6,
            0x82586f27, 0x2d7ee283, 0xcb9487b1, 0x319e655e, 0x9b66678e, 0x99f042bb, 0x0a0fd721, 0x75714129,
            0x4a145792, 0xedcf99a3, 0x22cb0b57, 0x51bc7a0e, 0xb4ea11b9, 0xc243ef94, 0xb3a2bbf8, 0x83724497,
            0x407f3132, 0x6c4f4980, 0xbfab5ca9, 0x7313c0d8, 0xae681795, 0x03d8bf04, 0x17c57b4c, 0x1331df88,
            0x8e518876, 0x205d2e62, 0xba75d3dd, 0x5941399b, 0xdc354d7c, 0xffb0dc1a, 0x56f4d04f, 0x745b6a99,
            0x3cbda9bf, 0x78528dc8, 0xdea36849, 0x09b3d9a4, 0x2c54c933, 0x488272a7, 0xdf8943f9, 0x43c33fb7,
            0x57defbff, 0x2ec2ec06, 0x62d08be4, 0x0b25fc91, 0x396326cb, 0x68bbed44, 0xa261f0c4, 0xa5295a85,
            0x147975c9, 0x6ed96cb5, 0x11a7fabd, 0x86accbe3, 0xb2889048, 0x88330987, 0xcf602375, 0x1c84365c,
            0x108dd10d, 0x81e461a2, 0x66242f20, 0xbc17522c, 0x24a98aa6, 0x47379b73, 0xe68ed4b3, 0xf9d25deb,
            0xd65e2bdc, 0xd774006c, 0xfd26f92f, 0xf5dbbaba, 0xfa6e536e, 0x6ff34705, 0x95f9a5ea, 0xdb7de73d,
            0x616c8561, 0x32226bdb, 0x94d38e5a, 0x532a5f3b, 0x41551a82, 0xe0ec5542, 0xebad1852, 0x2fe8c7b6,
            0xe27a7077, 0x3e2b8c8a, 0x42e91407, 0xee739726, 0x509651be, 0xa6955400, 0xfe9af7aa, 0x90272a9e,
            0xf3b93b4b, 0x9eb8e8fa, 0x014e9a31, 0x04901545, 0x1e121369, 0x6b07e3c1, 0xda57cc8d, 0xf4f1910a,
            0xce4a08c5, 0xa80a9664, 0x4d5cfdd3, 0x5548deca, 0x8cc7ad43, 0xd2aa8f18, 0xccdc2df0, 0xa7bf7fb0,
            0x30b44eee, 0x8ded86f3, 0xadd41910, 0x64b20a15, 0x49a85917, 0x7ca6290c, 0x16ef50fc, 0x0fd15855
        },
        {
            0x8bde8c17, 0x8facbe2d, 0x40218460, 0x7977bd97, 0xc081f214, 0xa726ed58, 0xc6da767a, 0xb1baadfe,
            0x84b63b4f, 0xd15d9896, 0x7d058fad, 0x982b50c1, 0x188b26b5, 0x911863f7, 0xa354df62, 0xe54aa06d,
            0x69b0795f, 0x04164d3b, 0xf3d6e0cb, 0x2c9c1e4e, 0x6b99cf0b, 0x7f2c39f9, 0x45481810, 0x63b15277,
            0x22ef075c, 0x16f83fa7, 0x393246f6, 0x0356671f, 0xd86eaba0, 0x752d12d1, 0x70448ea1, 0x269d3566,
            0x29f5823e, 0xbcfbacf2, 0x9930fe8b, 0x54947292, 0xe9100f2b, 0xf1ff569f, 0x82edbf21, 0x3b1bf0a2,
            0x2eb5a81a, 0x3e726cd2, 0xd52faaac, 0xad27c670, 0x300175c0, 0xe4510e27, 0xb3931baa, 0x60834a69,
            0x9471ff87, 0x7704a485, 0x8eb71067, 0x80c40975, 0xa84e5a00, 0xea221735, 0x1bb93eab, 0x6a826141,
            0xf7a4d2f1, 0xd26f8088, 0x2ac79a20, 0xac3c683a, 0xc2a84440, 0x199088ff, 0x56bdc4c6, 0x0a655429,
            0x6cd9e52f, 0xd61db2b2, 0x64f17853, 0xfae5d3fd, 0x9d42ccb1, 0xd7061cf8, 0xdd0737d0, 0x4912b756,
            0xe3112403, 0x6dc24b65, 0xbaa0289c, 0xf496caef, 0x084ce27d, 0x7c1e21e7, 0xccdb5d52, 0x1aa290e1,
            0x017fd14b, 0xff8c4f8d, 0xf2cd4e81, 0xe80ba161, 0xc3b3ea0a, 0x58ceddd4, 0x5cbcefee, 0xc5e86e64,
            0x9743e799, 0x6198e423, 0xc8a96f68, 0x42083234, 0x14d189f3, 0x0d257e0d, 0xa24f7128, 0x5ae76b80,
            0xa414f546, 0xec79935b, 0x21dd1f42, 0x024dc955, 0xb7e12990, 0xbed21aa6, 0x85ad9505, 0x3568e9b0,
            0x1cf9148f, 0xdf2e8184, 0x6ef0537b, 0xe1389257, 0x7a45a589, 0x52cff6fc, 0x4761ae44, 0xbde002b8,
            0xe678b873, 0xe7631639, 0x23f4a916, 0xa066c77c, 0x761f0acf, 0x68abd715, 0xf8cc65a9, 0x65ead619,
            0x0e176613, 0x5da741a4, 0x17e391ed, 0x9f6b7ae5, 0xbfc9b4ec, 0x8d850879, 0xe20a8a49, 0x558fdcd8,
            0x51fdeee2, 0x467a000e, 0xfcbe5793, 0x3f69c298, 0x2bdc346a, 0xd04636dc, 0xa63d4312, 0x413a2a2a,
            0xab7c421e, 0x4b3b0102, 0xcb9b7776, 0x4e529d72, 0x33336dde, 0x050de371, 0x66d8ce07, 0x737696bf,
            0x4f493338, 0x24b48332, 0x5f8ef7f0, 0x67c3604d, 0xc19a5c5e, 0x965849d3, 0x1391a3d7, 0x311adb8a,
            0xbbbb86d6, 0xb0a103b4, 0x09574c37, 0x15ca27b9, 0x53d458b6, 0x1fcb0c91, 0x88ec9409, 0xb5c89fc4,
            0x869f8d1b, 0xe0233c1d, 0xc7c1d830, 0x2d87b004, 0x9c5962fb, 0x2fae0650, 0x20c6b108, 0x4a20af48,
            0xae15de6e, 0x89f73a43, 0x3228c394, 0x6febfd31, 0x25af2d78, 0x8c9ea633, 0xeb39b97f, 0xfda5f9d9,
            0x786c13dd, 0xa50f5b0c, 0x37415fe4, 0x83f6116b, 0x7b5e0bc3, 0x57a66a8c, 0x7436bc9b, 0x5bfcc5ca,
            0x27869b2c, 0xef4b8b45, 0x9a02e695, 0xd3742ec2, 0x3829e8bc, 0x11b81583, 0xed623d11, 0x28ee2c74,
            0x3c5bda86, 0xda471df4, 0x50e640a8, 0x81dfa73f, 0xf0e4f8d5, 0x726d38f5, 0x87842351, 0xd97505ea,
            0x9331d5a3, 0x0b7efa63, 0x4c7b2b26, 0xfe97e1c7, 0xf6bf7cbb, 0x922a7be9, 0x4809191c, 0x3d4074cc,
            0x347347fa, 0xfbfe7db7, 0xb6fa87da, 0xa955f44a, 0xaf0e7024, 0xca80d93c, 0xa17d6936, 0x9003cdbd,
            0xb9923082, 0xdb5cb3be, 0x00647f01, 0x1de2bac5, 0xc9b2c122, 0x365af1ae, 0x063ffb6f, 0xd43404e6,
            0xb4d3318e, 0xb8899ec8, 0x0c3ed047, 0xcdc0f318, 0x62aafc3d, 0xdc1c999a, 0x10a3bbc9, 0xf9d7cbe3,
            0xcef2eb06, 0x5e9559ba, 0x07245525, 0x8ac5225d, 0x3a005ee8, 0x59d5739e, 0x0f0cc859, 0x4453b65a,
            0x7e3797b3, 0x128a0d9d, 0xb288b5e0, 0x43139c7e, 0x715f20eb, 0x4d60856c, 0x1ed0a2db, 0xc4f3c02e,
            0xee50250f, 0xaa67ec54, 0xcfe9454c, 0x9e70d4af, 0x9b1948df, 0xde352fce, 0xf58d64a5, 0x956a51cd
        },
        {
            0xbe369556, 0xf59e3c53, 0x85b5eeee, 0x2ad80947, 0xb901175b, 0x4393945a, 0x6c865c7f, 0x05cdc162,
            0xc7d32cf4, 0xc6043e89, 0x8f7490de, 0xf37eac23, 0xad97a4c6, 0xc0e4aef9, 0x90f44f0e, 0x951bca51,
            0xc8fdd79b, 0x1d7a9cbf, 0xbcee9204, 0x1fa29bed, 0x4b8aed38, 0x627fb56d, 0x730683af, 0x540a32e8,
            0xd77d084b, 0x083b3d5f, 0x993a2411, 0x9d02b333, 0x2f378c18, 0x9fdab461, 0x326f549a, 0x3f99a8a7,
            0x316041b5, 0x125467d0, 0x0f0cbf52, 0x1a4d1eb2, 0x76e906f0, 0x33b846e7, 0xf9bfd213, 0xfb67d541,
            0x6969d920, 0x8ea382a3, 0x3558d697, 0xecfe73f3, 0xb1186e39, 0x28000e15, 0x67903032, 0x5f1c5ea5,
            0x2b0f1b3a, 0xa36e4dd4, 0x38ae2aaa, 0xccc540b9, 0x743101a2, 0x922c485c, 0x86bafbc1, 0x582bdca8,
            0xba0e0274, 0xe7e81fbe, 0xc133bc84, 0x7dff6abd, 0x5c134b8a, 0x9be22343, 0x60a7b23f, 0xaf4fa394,
            0x7810efe2, 0x09ec2f22, 0x8dac978c, 0x4d6a7d48, 0xd6aa1a36, 0x3a762df8, 0x20197777, 0xe8c6e4d1,
            0xed29618e, 0xa06158fb, 0x6170a042, 0xb2177b16, 0xd3459f69, 0xb3c0696b, 0xb4f7eb66, 0x8a9b1581,
            0x397938d7, 0x8c7b85f1, 0x818d79cc, 0x63a8a710, 0x56d235ba, 0x8462fc93, 0xb7f8fe49, 0x25f6f228,
            0x59fcced5, 0xe0df9db3, 0x9cd5a14e, 0xc50b2ba6, 0xa756daf6, 0x52eaa298, 0xdeb36354, 0xa1b64a86,
            0xebc9f1fe, 0x68becb5d, 0xac40b6bb, 0x14b4f7a0, 0xeff166dc, 0x2def8b4a, 0x409c8175, 0x9a35313e,
            0x5dc459f7, 0x3657c3b8, 0x6a66cc0f, 0xcbf2c2b4, 0x805a6bb1, 0xcfca5596, 0x108c6082, 0xaaa026cb,
            0xc23ca9ab, 0xd19d983b, 0xe3d0889c, 0x3780d1c5, 0x6e5e5b2d, 0x8b4c07fc, 0xa9af33e4, 0x93fb5a21,
            0xce1d47eb, 0x041ad31f, 0x0dd4b800, 0x83557e9e, 0x4a5dff45, 0x29d71c68, 0x5b24c987, 0xca25d0c9,
            0xe911f6ac, 0xe1088fce, 0xff5f4263, 0xae98b1e9, 0x2c389937, 0x6d514e02, 0xee2674a1, 0x3e4ebada,
            0x55dd2095, 0xda8bf476, 0x0715c630, 0x4e656867, 0x0c03aa7d, 0x189519e0, 0xfd874531, 0xf2a9be5e,
            0x884312d3, 0xe2079ae1, 0x44a41657, 0x0022443d, 0xdb5ce60b, 0x0edbad2f, 0x82826ce3, 0x4cbd6f35,
            0x032d5112, 0xf868c06e, 0xb0cf7c44, 0x467c1105, 0x115b72ff, 0xddbc767b, 0xd5a50f19, 0xa58edda4,
            0x75e613df, 0x19420b9d, 0xc92ac5e6, 0xdf647129, 0x70099680, 0x91235d73, 0x7c2878c0, 0x65483760,
            0x3c96bd88, 0xc3ebbbd6, 0x876de9bc, 0xd4721d64, 0x22c17025, 0xcd1252c4, 0xfab0c73c, 0xfc50574c,
            0xd984e159, 0xf7463b01, 0x23166258, 0xbbd91009, 0x3d41aff5, 0x6bb1de72, 0xf4492e2e, 0x06c2d44d,
            0x79c7fd9f, 0xa8782199, 0x72d191d2, 0x01f55640, 0xb8d60526, 0x2ee09e65, 0x1e758990, 0x71de84fd,
            0x3ba13f85, 0xbd398079, 0xdc6b6406, 0x1563e5dd, 0x21ce650a, 0x6647224f, 0x4fb27a1a, 0x4573042a,
            0xea1ee383, 0x6f894950, 0x47ab0378, 0x0b342870, 0xab7734b6, 0x1cad8ec2, 0x570527c7, 0x4885f817,
            0xbfe1872b, 0xa459cfd9, 0x98ed366c, 0x533db0e5, 0x5af3dbfa, 0x773e148d, 0x414b9308, 0x7ac8e8b0,
            0x138375ad, 0xe4e70a91, 0xb62fec34, 0xa681c88b, 0x7b1ffacd, 0x5032a5ca, 0x9614df7e, 0xd04a8a46,
            0x7f276def, 0x4952ea6a, 0x51e5b7b7, 0xd853f324, 0x649f251d, 0x272ef57a, 0x5ecb4cd8, 0xf691297c,
            0x7ef07f92, 0x0ae33a0d, 0xa2b95fa9, 0x26f9e707, 0x30b753c8, 0x42448627, 0x9e0da61c, 0xf071b90c,
            0xf1a6ab71, 0x97c3cd03, 0xfe88501e, 0xe63f0dc3, 0xc4dc39db, 0x02fa436f, 0x899400ae, 0xd2928d14,
            0x348fc4ea, 0x166cf0f2, 0xb520f91b, 0x94ccd82c, 0x17bbe28f, 0x1b9a0ccf, 0x2421e055, 0xe53018ec
        },
        {
            0x70954392, 0xf699a2ad, 0x7f5804d3, 0xe1635dd4, 0x0a16e08f, 0x8eb06b50, 0xa931545d, 0x4c20fd2f,
            0x01f63a1e, 0xf59a9b25, 0xdc7fb001, 0x4f23c4a7, 0x61e84bdb, 0x92aa4eb8, 0xf2b43f7d, 0xc5e15b51,
            0xb205d5ed, 0x9584eae0, 0xc92f2598, 0x646c8563, 0xb52b71b5, 0x29ba4252, 0x3a6d20fb, 0x604118b3,
            0x1ac2bbae, 0x480d60ff, 0x690ba8c2, 0x36a35e32, 0x47c027be, 0xb628483d, 0x2e94e60a, 0x5cf4a60e,
            0xfbfe8f0c, 0xce0181c0, 0x994a9429, 0x6e250c9a, 0x6f8c5ff2, 0xa8980735, 0x713c10fa, 0xe7e4aae4,
            0xb7811b55, 0x73967a1a, 0x160cc567, 0xa2d18ecc, 0x77bbe7ca, 0x68a2fbaa, 0x456a4d5e, 0x6ba1c222,
            0x06d89e46, 0x6c8f667a, 0x8db352d8, 0x597068b6, 0x899ecf08, 0x1868d14e, 0x108b3257, 0x225a98c3,
            0x396e1973, 0x1f467516, 0xb84c5c14, 0x4aa70a1f, 0xea838745, 0x86538849, 0x3327908a, 0x3bc47393,
            0xfcd02b54, 0xded5dae1, 0x35a067ba, 0xd63639f8, 0x2c3e8cea, 0x5ff79f86, 0xec047075, 0x84f9e2a9,
            0x5e5eccee, 0x98e3c741, 0x7df26e33, 0xb3ac8685, 0x2d97df82, 0x150ffcef, 0xbae636f4, 0xdaf84731,
            0x035c50fe, 0xfd79783c, 0xd9fb7eb9, 0x1b6be8c6, 0x20f0f223, 0x8a9df680, 0x3cead7cb, 0x8c1a01b0,
            0xbf62f84c, 0x54174517, 0xab9b3ebd, 0x19c18226, 0x13880bdf, 0xe64df98c, 0xd79f6a90, 0xeb2ad42d,
            0xbdc892ac, 0x08bc8a6f, 0x55be167f, 0x9687d368, 0x7876a08b, 0x2813113a, 0x1eef267e, 0x3d4384a3,
            0x51938baf, 0x43edba6e, 0xe3c93734, 0xad1cc98d, 0x2159a14b, 0x26770513, 0x5d5df566, 0x122158b7,
            0x466974d6, 0x40ee83e6, 0xa7554074, 0xdf7c8989, 0xbb4f659c, 0x4147d08e, 0x9e643071, 0x79dff3e3,
            0xa5ff2a94, 0x24dd6ff3, 0xe0ca0ebc, 0x49a43397, 0x3fe9ee43, 0x972e8000, 0xa378dda4, 0xccabeb20,
            0xd5350070, 0xf01e559d, 0x817d2c11, 0x8f193838, 0x14a6af87, 0x0c9117bf, 0xd8522dd1, 0x4244e906,
            0xd1189da0, 0xafb6a36d, 0xeeae1a95, 0x17a5960f, 0x2ab97bda, 0xf954e5ec, 0xfe7a41b4, 0xc88676f0,
            0xdb511459, 0x5bda0256, 0x87fadb21, 0x9cce5a91, 0xd0b1cec8, 0x1dec1ff6, 0x7ef157bb, 0x90002458,
            0x328ec3e2, 0x57147c9f, 0x9a49ada1, 0x23f3cbab, 0x7612b4a2, 0x9fcd6319, 0xa1d2b744, 0x02f50396,
            0x0f922e37, 0xb9e50f7c, 0xb48222dd, 0xaa326dd5, 0xcb854f78, 0x0e3b7d5f, 0x723f2972, 0xbecbab24,
            0xf8fdb684, 0xe829eda5, 0xe980becd, 0xc2cfff09, 0x9be0fec9, 0x74b8de42, 0xacb59ae5, 0x38c74a1b,
            0xd21ba428, 0xa6fc131c, 0xc4480839, 0xf433c84d, 0xc1ccc681, 0x942db988, 0x65c5d60b, 0x44c31e36,
            0x93031dd0, 0x6342213b, 0xb106ec65, 0xb0afbf0d, 0x005f6976, 0x1c454c9e, 0xffd312dc, 0x6d263512,
            0x3e40bd2b, 0x4b0e5977, 0xe260645c, 0xae1ff005, 0x318dfa6a, 0x7adcca6b, 0x5a73513e, 0x0d3844d7,
            0xcfa8d2a8, 0x340934d2, 0xf31d6c15, 0x2f3db562, 0x83d746f1, 0x56bd2ff7, 0xedad231d, 0x05dba7ce,
            0x1122613f, 0x6a08914a, 0xa07be42c, 0xddd6e369, 0x9d6709f9, 0x8b34a5e8, 0x8550b1c1, 0x4d89ae47,
            0x88379c60, 0xd3b2f740, 0x91a97730, 0x370a0d5a, 0x5290b227, 0xa45679fc, 0x75118d2a, 0x2b1028b2,
            0x3024a902, 0xbc61c1c4, 0xc6e262d9, 0x4e8a97cf, 0xc74b31b1, 0xca2c1c10, 0x25743c9b, 0x66c6ef83,
            0x27de567b, 0x7b759903, 0xe4e7936c, 0xef0749fd, 0x827e1599, 0x0915d907, 0xc06595e9, 0x80d47f79,
            0x62eb7253, 0x676fbceb, 0xcd02b848, 0x0472f4a6, 0xf730f1c5, 0x0bbfb3e7, 0x0771cd2e, 0xf1b706f5,
            0x7c5b3d5b, 0xc366ac61, 0x503ad8c7, 0x5339e14f, 0xfa57dc64, 0x58d93bde, 0xe54ec004, 0xd49c5318
        },
        {
            0x5b4b85ad, 0x899ae4b2, 0xbf8c357b, 0x88d0ae0f, 0x8beb78a9, 0xc72ae2ec, 0xc660a851, 0xf488e903,
            0xb0c97dcf, 0x7343d0f0, 0xf5c2a3be, 0x1bf481fa, 0xa858f5db, 0x42904704, 0x3ec80008, 0x2f93cc28,
            0xe067ff05, 0x09949b7c, 0x5fb51536, 0xcc913ac3, 0xf0767998, 0xc1a5ee6c, 0x28568a15, 0x24281407,
            0x6a981259, 0x593a19b6, 0x50f05d82, 0x76f70ad6, 0xc3d47277, 0x69a3c4ff, 0x5281c199, 0x22a71887,
            0xb2b8e1d4, 0xcddb707e, 0xf13c3325, 0x51ba173f, 0x6f2cc87f, 0x011495f5, 0x6352566d, 0xa4266bc9,
            0x7bc3de79, 0xaed7f95b, 0xdb45fa63, 0x05ea056e, 0x18cf575c, 0x70780656, 0xaf9db3e6, 0xdc80bc5e,
            0xff33312c, 0x7a8994c4, 0x6bd258e4, 0x005edf48, 0x95f5fc3d, 0x3cb99c13, 0x1e405bdc, 0xbdfda960,
            0xba38ef5d, 0x2de25033, 0x9230ba00, 0x9d75f2b4, 0x540ecd19, 0x291cc0a8, 0xadec2ffd, 0x4eeed916,
            0xf7b33fa5, 0x123ec5ce, 0x5eff5f8b, 0xb57da7e9, 0x390d4635, 0x2ed98695, 0xa657f7d2, 0x3439929a,
            0x3df3d6ae, 0x3b7cda2e, 0x57351bbf, 0x3573d827, 0x96ce2a9b, 0xd1b468f1, 0x441f4b84, 0xcfaaec65,
            0x30c70201, 0xddcaf6e3, 0x65dd5aed, 0x998b622f, 0xc0efa4d1, 0xf6f97518, 0x13748f73, 0x7c069844,
            0xe6e8f385, 0x0e51dd41, 0x2713c2a1, 0x811aea3b, 0x8e5fa28f, 0xbb72a5e0, 0x66e68c4b, 0xe8e7f18c,
            0x20d6849c, 0xd87e2cc5, 0x38470c88, 0xd73b6471, 0xbcb7e3dd, 0x9041261b, 0xb646714f, 0x0be50767,
            0x6c171ed9, 0xfc08e78a, 0xb1833772, 0xe12db5b8, 0xc29e38ca, 0x97846026, 0x71324ceb, 0x86dfac06,
            0xc925e0e5, 0xc411344a, 0x4a10498d, 0x2b6d5cb3, 0xc86faa58, 0xe7a2b938, 0x11051368, 0x16c05555,
            0xd54af86a, 0xaca66540, 0x64971050, 0x4c9f450d, 0x466ed79f, 0x68e98e42, 0x3a369093, 0x079b9975,
            0x6d5d5464, 0x4dd50fb0, 0xb8497346, 0xd400b2d7, 0xf8f67711, 0x98c12892, 0x2ca81a8e, 0x567f5102,
            0x554487a4, 0xea966d97, 0x1abecb47, 0x25625eba, 0xa71dbd6f, 0x5dc4892d, 0x0d6a0be7, 0xf34daf3e,
            0xbec67fc6, 0x318d48bc, 0xb3f2ab69, 0xed532baa, 0x7d4cd2f9, 0x492b9f2b, 0x0c20415a, 0x3702443c,
            0x104f59d5, 0xa912bf66, 0xda0fb0de, 0x53cb8b24, 0xd9346678, 0x3f824ab5, 0xcee0a6d8, 0x7f3d4ee2,
            0x67acc6f6, 0x15fb83f3, 0x1f0a1161, 0xd28fbe57, 0x937af0bd, 0x19851de1, 0x6e6682c2, 0xe9adbb31,
            0x06d1d3c8, 0x84ae301d, 0xab63237d, 0x72099a4d, 0x8aa13214, 0xcb547cfe, 0x836b7620, 0x5870530b,
            0x022f4353, 0xee68fd0c, 0xb437ed54, 0xd3c5f4ea, 0xa192b1ef, 0xa3e32df4, 0x9f046eaf, 0xfe797b91,
            0x36480e81, 0x4861d596, 0x5a01cf10, 0x219cce21, 0x748696cd, 0xe5d32523, 0x606980cb, 0x8795e6bb,
            0xd0fe224c, 0xfbcda1b7, 0x0f1b97fc, 0xdef12045, 0x8c2e3e94, 0x7e77045f, 0xef22b7b1, 0x32b69e1a,
            0x79b24262, 0x77bd406b, 0xd6712ecc, 0xf207e583, 0x33fcd4a7, 0xec196117, 0xe35c29a3, 0xfa87eb0a,
            0x910b6ca6, 0x75ccdc70, 0xa56c2174, 0x23ed523a, 0x78f808df, 0xb70c3bf2, 0x2a27160e, 0x82213c9d,
            0x178a1fe8, 0xdfbb6af8, 0xe216631e, 0x4fa493ab, 0x8f15e832, 0xc55b7ef7, 0xfd42ad37, 0x6123ca76,
            0x43da0db9, 0x8d647429, 0x40e1db1f, 0x5c8ec390, 0x0aaf4dda, 0x9c3fb809, 0xe4996f9e, 0xa2a96749,
            0x08ded1c1, 0x85e47aa0, 0xebdc272a, 0x47249d22, 0x14b1c94e, 0xa0d8fb52, 0x04a04fd3, 0xf9bc3dac,
            0xca1e3643, 0x1d7b8d7a, 0x9e4e2412, 0x94bfb680, 0xb90339fb, 0x036509ee, 0x45550139, 0x1c31c7c7,
            0x9bfafe34, 0x4b5a0330, 0x2659881c, 0xaa2969c0, 0x8050a086, 0x9ab0b489, 0x62181cd0, 0x41ab91a2
        },
        {
            0x5f9e6d2d, 0x3e2d4f60, 0xe58c837c, 0x53cb77c6, 0x62713e86, 0xb6ead692, 0x347c9b81, 0xc4c9a8d3,
            0x35a1d354, 0x33a51d5e, 0x3a9bf75c, 0x4bd7b7fe, 0xecb2697e, 0x1a039426, 0xf4aea946, 0x1eb52c1a,
            0xc7a69630, 0x36ceedb7, 0xa92f9075, 0x517901f0, 0x03c21ccb, 0x3ff007b5, 0x577dcffa, 0xc07f10ef,
            0x4dd379f4, 0x0d257016, 0x2dbd136c, 0x7db47861, 0x6820ea67, 0x8cdc03e6, 0x823b6f3b, 0x8fb33d05,
            0x1c075a2c, 0x6e24246d, 0xd863d0d7, 0x14e4f8fb, 0x405b2bca, 0x65a8b859, 0xcc2a0a04, 0x5e4325f8,
            0xb80dba4f, 0xfb948d4e, 0x7edb4682, 0xb9d0f29a, 0x465fe5c0, 0x3d427183, 0x290bab50, 0x6c96525b,
            0x87509fd2, 0x91ab3337, 0xf1c559af, 0x611e0065, 0x703c2a5f, 0xe804d142, 0x78df8888, 0x31176b68,
            0x22873764, 0xca2ec40e, 0x9c236109, 0xfeff7da7, 0xa2a30c41, 0x1539b02e, 0x4ebc4717, 0xe25505a3,
            0xa37e4494, 0xbcbb0273, 0x1bdedcf3, 0x0b21be1c, 0x16568ecd, 0x7902c05d, 0xeb6befa1, 0x235a7fb1,
            0x1dda12f9, 0xc1a2583a, 0xf3772f99, 0x4f610fc2, 0x8089190d, 0xed6f21ab, 0xab9de643, 0x7638e455,
            0x7c6930b4, 0x26318f58, 0xb133504d, 0x18b1e210, 0xefdd579d, 0xa57a8a9e, 0x6d4b1a8e, 0xc67bdee5,
            0x2ed22d8f, 0xbfd43c90, 0xd684bc0a, 0x994891e0, 0x7557dab6, 0x27ecc78d, 0x5af59dc4, 0x43341529,
            0xaa40ae96, 0xaf2b5e7f, 0x7f060e57, 0x1f6864cf, 0xf7c197a5, 0x48b8891d, 0x105240c7, 0x90767be2,
            0xbd664aa6, 0x0f970620, 0x2c605bb9, 0xf573e193, 0xd15d3ad5, 0xe73ef54a, 0x4965c1c8, 0xd5eb82e9,
            0xa615b47d, 0xd3ef4ce3, 0x97affd3d, 0x748a9263, 0x52163f13, 0x118f0812, 0xe6e3bd9f, 0x4186631f,
            0x20354152, 0x0afcf6c9, 0xe3884d76, 0xcf4534e7, 0x3713a562, 0xad992849, 0xd759f4df, 0xf8fbb3ad,
            0xa0117a77, 0x2bb9dd66, 0x886abbda, 0x3b46bf89, 0xbabfcc79, 0xdd08203e, 0x93194501, 0x9895d935,
            0x63ac7653, 0x9672b5e8, 0x5412f119, 0x5d2c1b1b, 0x5847ebf2, 0xb458a0a4, 0x21e80987, 0x6ff96cb8,
            0x01706afd, 0xc2cd66d9, 0x728e5c69, 0xcbf38cdb, 0x77e5ac80, 0xd2320436, 0x55cfb9cc, 0x084e80ff,
            0x7a6dfebe, 0x196caac5, 0x4c0e3121, 0xdfba5608, 0x815451d8, 0x868dd707, 0xe0e77395, 0x0993c82a,
            0x28d6e385, 0x2483f96e, 0x89b7f30f, 0xb25c6eae, 0xce987c32, 0xf926fb78, 0xa8f2d8a0, 0xb585e871,
            0x00ad2228, 0x39f4c9bf, 0x92c40dd4, 0x9dfe29dc, 0xbe097445, 0xf2aa674c, 0x021f541e, 0xac44609c,
            0x3829816a, 0xdad1a6e1, 0x671ace6f, 0xdcd568eb, 0x69fda2b2, 0xbb6284ac, 0x2f0f655a, 0x041b9a14,
            0x44ed93f6, 0x8ad8cdec, 0xc3102e0c, 0xcdf742d1, 0xeab6a774, 0xd9be9802, 0x599aa327, 0xe9d99997,
            0xf61cdf70, 0x60c348b0, 0xe13a3b40, 0xf018117a, 0x12e036f1, 0x9a27af03, 0x9bfae7d6, 0x83e627ee,
            0x85e2e9e4, 0xfc4d0b91, 0x30ca23bd, 0xdb0cee34, 0x6a929c51, 0x4782ad15, 0xa4a7c24b, 0xde671edd,
            0x56a0872f, 0xb381267b, 0x3c9f3956, 0xe451cba9, 0xff223572, 0x4a0aff2b, 0xb7379e47, 0x178bc618,
            0x9f4c5fea, 0x6b4fd484, 0x7bb0b66b, 0x951d8b0b, 0x06a9ec22, 0x8b058539, 0x735314bc, 0xd0807200,
            0x94c0c3de, 0x2a6495b3, 0x255eb1bb, 0xc89cb238, 0x8d014b33, 0x9e91173f, 0xc941faed, 0x133d7e24,
            0x05c6d2c1, 0xfa49c59b, 0xaef616aa, 0x8e6e75d0, 0xa7c8fca8, 0x5cf153ce, 0xc514e006, 0x42e95dfc,
            0xfd904344, 0x5b28d511, 0xb0ee1898, 0x71e1628a, 0x0cf838c3, 0x3278558b, 0xa1cc32a2, 0x0e4a4ef5,
            0xee001f48, 0xd436ca3c, 0x0774a4f7, 0x50a44925, 0x843fa131, 0x6475f08c, 0x4530db23, 0x66c786ba
        },
        {
            0xf867f1d4, 0x15232391, 0x5261b0a9, 0xd0350f2b, 0x63ab835c, 0x3206d32d, 0xc5948f58, 0x744c0e0d,
            0xb0526caf, 0x914dbb2e, 0x09cf8a9c, 0x115f098e, 0x6499ea79, 0x5e58fdd0, 0x46c87ec2, 0x80901142,
            0x390df771, 0x41fa17e7, 0x0b8987be, 0x448e73e0, 0xaa84e29f, 0xe9ba5bb8, 0xce9fab04, 0xda36656f,
            0x1f2049d5, 0xadb68bba, 0xf710ff97, 0x131904ac, 0x1c6e0aef, 0x0efde3b9, 0xa9caa1a5, 0x95319131,
            0x737e6728, 0x48b73e99, 0xb31c2f95, 0x2a96503f, 0x24e91064, 0xd870684d, 0xb52608a8, 0xdd040c4a,
            0x3772b72a, 0xd9782655, 0x8da11223, 0xa2c185f9, 0x545b9794, 0xb42e46b0, 0x3805b969, 0x3040de0f,
            0x5c1ef0f2, 0x9439df29, 0x66dfe75b, 0xf556f2b5, 0x8ca95c3b, 0x75444015, 0xd13d4133, 0x367af932,
            0x49bf7081, 0xbf2562ec, 0xeaf41882, 0x7c09696b, 0xe3b931fc, 0x23db7941, 0x9d74f657, 0x2da4391a,
            0x6cdc8d1f, 0x1a542dd2, 0x28d05d1d, 0x6ae6aa22, 0xd60f2816, 0x330e9d35, 0x5862daed, 0x967fd20b,
            0xa08788db, 0x8a937b06, 0xa7b5e1fe, 0xc2a6e67d, 0x85e47545, 0x08c7c484, 0x72762930, 0xc7d2827a,
            0x86aa367f, 0x9b4ed16a, 0x67d7a943, 0x1d6644f7, 0x4ccb1486, 0x018aedfa, 0x3a43b44b, 0x84ec3b5d,
            0x20953a7b, 0xa6bdafe6, 0xcae3811b, 0x61ed8e7e, 0x0a81c9a6, 0x78754374, 0xd5416b2c, 0xb214618d,
            0x8b9b351e, 0xa5f3ecdc, 0xb6684b92, 0xdc0c4252, 0x9c7cb84f, 0x97779c13, 0x4f8557bc, 0xcf97e51c,
            0xd4492534, 0xa4fba2c4, 0x47c030da, 0xd37b4c11, 0x9045f536, 0xc3aea865, 0x3c799376, 0xecce3fbf,
            0x512ff393, 0xdf420168, 0xf618b18f, 0xc6dacc62, 0xee88329d, 0x87a27867, 0x797d0d6c, 0xe48b58d9,
            0x8fe71f01, 0xa8c2efbd, 0x0db3a083, 0xbb5948f3, 0xccd9a626, 0x142b6d89, 0xd2730209, 0xf02296b2,
            0xba5106eb, 0x166d60ab, 0xebfc569a, 0xbe2d2cf4, 0x2eea7a20, 0x5f50b3c8, 0x60e5c066, 0x4dc35a9e,
            0x62a3cd44, 0xde4a4f70, 0x6dd4c307, 0xfd1395d3, 0x3e3f9e54, 0x0ff5ada1, 0x81985f5a, 0x10574796,
            0x71386a0a, 0x98009250, 0x88d57624, 0xbd636fce, 0x0cbbee9b, 0xa3c9cbe1, 0x219d7463, 0x43bc1ac5,
            0x9a469f72, 0xedc671a7, 0xfc1bdbcb, 0xacbec5a2, 0xf45ebcad, 0x181220f0, 0x9908dc48, 0xbc6b21d6,
            0x07b0cac7, 0xdb3e2b77, 0x4bf97da3, 0x5715d4ae, 0xe0f772c6, 0x5369feb1, 0x343cf410, 0x5553d98c,
            0x5d16beea, 0x4e8d19a4, 0xa18fc6c3, 0x29d81305, 0x3d71dd6e, 0x77024d37, 0xf36cd588, 0x5b2c99d7,
            0x68a0a700, 0x760a032f, 0x83de5278, 0x8eef5119, 0x31489017, 0xaef8c880, 0xab8cac87, 0xe58316c1,
            0xb8170bc9, 0xef807c85, 0xe6cd55fb, 0x3f37d04c, 0x6f92ce25, 0x12114ab4, 0xf2649b90, 0xaff08698,
            0x04fe89fd, 0x561d9ab6, 0x3b4bfa53, 0x7f472a51, 0x1e2807cd, 0x40f259ff, 0x05f6c7e5, 0xc9adc221,
            0xe7c51be3, 0x17652eb3, 0xff5598f1, 0xcbebcf03, 0x9f32fb75, 0x26af1d46, 0xc8a58c39, 0x69a8e918,
            0x25e15e7c, 0x03cce0d8, 0x9203f814, 0x0082a3e2, 0x2fe23438, 0xf12ad8aa, 0x5a24d7cf, 0x4af133bb,
            0xb15a22b7, 0x6beee43a, 0x27a7535e, 0x82d61c60, 0x7d012773, 0xc0e0eb5f, 0xc1e8a547, 0x596a94f5,
            0x42b454dd, 0x1b5c63ca, 0x89dd383c, 0x06b884df, 0x7a334e56, 0xe1ff3cde, 0x5027bd8b, 0x6e9a803d,
            0x6591a461, 0xe2b17fe4, 0xfb29b2ee, 0x7e4f6449, 0xe8b215a0, 0xc49cc140, 0x191a6ee8, 0xb760058a,
            0xf96fbfcc, 0x02c4aec0, 0xcdd1e83e, 0x2cac7702, 0xb91f45d1, 0x45863df8, 0x9e3ab56d, 0xd707660e,
            0x2b9e1e27, 0x22d33759, 0xfe5dd6e9, 0x3534ba08, 0x7b3b004e, 0x930bb60c, 0xfa21fcf6, 0x70302412
        },
        {
            0x3ef86734, 0x2d7f1383, 0xdf1aa54f, 0x7d2c908a, 0xde2255de, 0x6331bbf9, 0xfaf2433a, 0xbe2ef178,
            0x5df75373, 0xa208ba7b, 0xc1078e3c, 0x42d28891, 0xd0bb9afb, 0x11829b79, 0x8d724636, 0x59fc866e,
            0xd3b80a1a, 0x73b55faf, 0x04355aa3, 0x9cce52f1, 0xf7681cfe, 0xd1836a6a, 0x65010e94, 0xa9a250d2,
            0xfcc2f657, 0x47e1ad1d, 0x2974c69e, 0x35528d9d, 0x14b1bef5, 0xbc159108, 0x5765494b, 0xbf1601e9,
            0x44e23dfc, 0x9fcdc210, 0x673a6ee4, 0x38c8d259, 0xdb117052, 0x610adb89, 0x5fcc3303, 0x3769eded,
            0x3dfbf7d5, 0xb7bf7ba1, 0x5ef4c392, 0x0205efce, 0x6c90844d, 0xa6036f66, 0x906cfda4, 0x20e54c47,
            0x346a7d0c, 0x060e3ad3, 0x3bcb42b8, 0x46d95d8c, 0x21ddbcd6, 0x40e9e8e1, 0xf363c9e3, 0x9ef53281,
            0x5155fc26, 0xfef99627, 0x781fb506, 0x41d11870, 0xe84dc71c, 0xc03f7ead, 0x884163ba, 0x181311a0,
            0x8c4ab6a7, 0xb28c5e2d, 0x98c587ec, 0x13b9fb09, 0x946728b9, 0x4b430248, 0x8f492646, 0xef4582e0,
            0x87e05c0e, 0x0f9fb00a, 0x3af3b229, 0x85db3c7e, 0x728daf3e, 0xc60fcbc0, 0xc89604e5, 0x39f022c8,
            0x0736ca42, 0x0b946517, 0xa73b9ff7, 0x23e6dca6, 0x003e8fbe, 0x2c47e312, 0x325ac861, 0x84e3ccef,
            0xb18fcecc, 0x7585eac2, 0x7a24d576, 0x2f4473f3, 0x336238f0, 0x26d5f92a, 0xf158a993, 0x565db9da,
            0x5ccfa3e2, 0xf9f1d3db, 0xeb4e57fd, 0x0c9c20eb, 0x24ee995a, 0x2a77567f, 0xaaa1c033, 0x83eb8913,
            0x1c18c4bd, 0x1b108141, 0xc50c5b21, 0x1d20342c, 0x31595880, 0xcb959404, 0xb3b4aebc, 0xd68b2f96,
            0xd4b04fe6, 0x3fc097a5, 0x6da874dc, 0x4e7027c4, 0x01067f2f, 0x52566cc7, 0x7e2f006b, 0x8e71d6d7,
            0xec461201, 0x99fd777d, 0xf650ec6f, 0x7f17f0fa, 0xb0b73e5d, 0x86d8ac9f, 0x81d0e963, 0xd7b3df07,
            0x1f1b545c, 0xcda52169, 0xdc1935ae, 0x936f6d45, 0x4d73b725, 0x70b6cf4e, 0xa10b2a9a, 0x92579dd4,
            0x168ade85, 0xe4ef6849, 0x79274597, 0x689b5150, 0xada985cf, 0xed7ee290, 0xa4380f16, 0xd812e0b3,
            0x49786238, 0x5bc7e61e, 0xa033da0b, 0x9bc6170d, 0x033d1f5f, 0xffc166b6, 0x0ea7409b, 0x91540d35,
            0x284c360f, 0x9df6a260, 0x7c14601b, 0xe6d40839, 0x6f9314ac, 0xc33cee4c, 0xe0e4bd54, 0x8a7a03ca,
            0xee7d7271, 0xe1dc4dc5, 0xb6878b30, 0xaeaa152e, 0xbb1dd4f4, 0x4c4b47b4, 0xc7373b51, 0x5466d9aa,
            0x4f48d755, 0x955fd828, 0x484092a9, 0x4a7bf2d9, 0x2b4fa6ee, 0xf5537c8e, 0xa3304aea, 0xfbcab3ab,
            0xbd2d6199, 0xb81e4415, 0x8b42f35b, 0xb4bceb40, 0xaf92e5bf, 0xcc9dd1f8, 0xba252465, 0x27ed09bb,
            0xf0605902, 0x76867a23, 0x718e3fdf, 0xe975378d, 0xf8c9234a, 0x36511d7c, 0x62094b68, 0xab9930a2,
            0xe5d798d8, 0x6439fe05, 0x0da4d07a, 0x192be131, 0x80e819f2, 0x45dacd6d, 0x10ba6be8, 0xdd21c53f,
            0x2e7c8362, 0x60322b18, 0xb5841bd1, 0xf46b8c1f, 0xc434abb0, 0x43ea7800, 0x6aa03120, 0xcea6b188,
            0x22de2c37, 0xcf9e4119, 0xa500ff87, 0xe2dfdd24, 0xd588bf77, 0x58c476ff, 0x12810b98, 0xd92a1022,
            0x69a3a1c1, 0xf25b3972, 0xea76a76c, 0x9afee79c, 0xcaad6495, 0x74bd1a53, 0x965c48c9, 0x3061a811,
            0x0897f5f6, 0x25d669cb, 0x1e23a4cd, 0x050daa32, 0x7b1c25e7, 0x17b22e14, 0x5aff168f, 0x6eabe43d,
            0x66029e75, 0x82d37982, 0xda2980c3, 0x15894e64, 0xac91755e, 0x6b98c1b1, 0xa89aa043, 0x09af0567,
            0x3cc30744, 0xb926b484, 0xd280fa8b, 0x8979932b, 0x77be8ab2, 0xe3e72db5, 0x555e293b, 0x9764b858,
            0xfdfa06c6, 0x536e9c56, 0x506d0cb7, 0x0aac9586, 0xc9aef474, 0x1a2871d0, 0xc2041edd, 0xe7ecf8a8
        }
    },
    {
        {
            0x1a509d66, 0x61a9cf35, 0xfbd1dc6f, 0xd2545d75, 0x378ece18, 0x19cdb32d, 0x8d5c89e4, 0xf784fe61,
            0x17249abe, 0x4c779c4b, 0xdd9c5130, 0xb916e49c, 0x15989123, 0xfeab2bdd, 0x137f48da, 0x4a9045b2,
            0x975599a9, 0x68861a89, 0xff8a0e0b, 0xee10c067, 0x28fd29e7, 0x8a9a75cb, 0x6dfced3b, 0xc97c68ee,
            0xd0e856e8, 0x5ded5227, 0x5ccc77f1, 0x80288e3c, 0xfaf0f9b9, 0xa23ed107, 0x65f21d51, 0xb2853abd,
            0x44796c21, 0x2e1af01e, 0xd8e6a682, 0x05237a99, 0x0eb0a4b8, 0xd72eaac7, 0x11c34347, 0xf042024e,
            0x674e16cc, 0x53047bb4, 0x666f331a, 0xef31e5b1, 0xa4d908fe, 0x8c7dac32, 0x76d4d8a0, 0x29dc0c31,
            0xa31ff4d1, 0x91b24050, 0x7ba0df78, 0xa88c2af0, 0x0c0caf25, 0xa5f82d28, 0xaf4ad6df, 0xf3df2c05,
            0x99bcb03a, 0x20f3d98d, 0x3846c25d, 0x2b6007ac, 0xb837c14a, 0xa74426b5, 0x21d2fc5b, 0x1e0b4f02,
            0xd1c9733e, 0x26140074, 0x7a81faae, 0x930e4bcd, 0xba8bcad7, 0x2f3bd5c8, 0x9e7a4c15, 0x6f40e6a6,
            0x46c567bc, 0xb3a41f6b, 0xc1729884, 0x6a3a1114, 0xab1104bb, 0xc3ce9319, 0xa1a3ff4c, 0xae6bf309,
            0x2d87de55, 0x9f5b69c3, 0x47e4426a, 0xe245e269, 0xf538f5fc, 0x77f5fd76, 0x1605bf68, 0xb543c692,
            0x95e99234, 0xd4b3848c, 0xeb6a37d5, 0xdb7b88c9, 0x0f91816e, 0xcbc06373, 0xa082da9a, 0x83b5a077,
            0x5f5159ba, 0x4bb16064, 0x30483237, 0x3c1d1039, 0xc053bd52, 0xde017f7b, 0x728f0ac4, 0x224fd210,
            0xbc6c132e, 0x455849f7, 0x0178a8fd, 0xc4086f36, 0xd592a15a, 0x8fe08279, 0x783df133, 0xb0393120,
            0xcd27ba8a, 0x3ea11ba4, 0xe0f9e9f4, 0x5e707c6c, 0xf6a5dbb7, 0x10e26691, 0xe5831e46, 0x87ee7213,
            0x1d966149, 0x2a41227a, 0x7112248f, 0x36afebce, 0xaa30216d, 0xda5aad1f, 0x3967e78b, 0x5897a595,
            0x06be54d2, 0xcf9bb117, 0x7ffb0d1c, 0x8552798e, 0x00598d2b, 0x90936586, 0x59b68043, 0xdcbd74e6,
            0x8ec1a7af, 0x6088eae3, 0xb462e344, 0xbed018b3, 0x73ae2f12, 0xecaccbfa, 0x3afac9c0, 0xf84cf224,
            0x89075b80, 0x3413e053, 0x079f7104, 0x2ca6fb83, 0x9cc64788, 0xfc172040, 0x829485a1, 0x236ef7c6,
            0xc5294ae0, 0xc795417d, 0x8bbb501d, 0xe8f7199e, 0x7d470681, 0x08577d41, 0xe61e300d, 0x6cddc8ed,
            0x6e61c370, 0x24a80be9, 0xcc069f5c, 0xd60f8f11, 0x69a73f5f, 0x273525a2, 0x54c2879b, 0x41039b93,
            0xbbaaef01, 0xa6650363, 0x7c662357, 0xe1d8cc22, 0x4022be45, 0x02e586b6, 0x0bca530a, 0xbd4d36f8,
            0x7549f6eb, 0x6315c4a8, 0x14b9b4f5, 0x6b1b34c2, 0xe9d63c48, 0x04025f4f, 0xdf205aad, 0xacd7f894,
            0x482c4e2f, 0x86cf57c5, 0x1f2a6ad4, 0x791cd4e5, 0xc2efb6cf, 0x25892e3f, 0xd37578a3, 0x1b71b8b0,
            0x429eb5d8, 0x9674bc7f, 0x5b0a8bde, 0xadf6dd42, 0x5a2bae08, 0xbff13d65, 0x567e8c06, 0x70330159,
            0x4d56b99d, 0x7eda28ca, 0x575fa9d0, 0x4feab200, 0x09765897, 0x32f439aa, 0xe364c7bf, 0xd9c78354,
            0x3532c585, 0x9de7625e, 0xf96dd7f2, 0x88267e56, 0x3f803e72, 0x7468d33d, 0x64d33887, 0x84735c58,
            0xceba94c1, 0xe4a23b90, 0xfd360596, 0x989d95ec, 0x6234e17e, 0x9a219e71, 0x316917e1, 0xcae146a5,
            0x3d3c35ef, 0x922f6e1b, 0x0aeb76dc, 0x490d6bf9, 0x52255e62, 0x125e6d0c, 0xf419d02a, 0xf2fe09d3,
            0x51b87029, 0x43bf900e, 0xea4b1203, 0xe73f15db, 0x55e3a24d, 0x509955ff, 0x9b00bba7, 0x3bdbec16,
            0x0d2d8af3, 0x03c4a360, 0x1cb7449f, 0x18ec96fb, 0x33d51c7c, 0xa9ad0f26, 0x94c8b7e2, 0x4ecb97d6,
            0xc85d4d38, 0xf1632798, 0xed8dee2c, 0x8109abea, 0xb7ffcd0f, 0xb6dee8d9, 0xc6b464ab, 0xb11814f6
        },
        {
            0x31eae3df, 0xe13daddd, 0x9f2b2ebb, 0xbde19197, 0xd27dc226, 0xc9b26307, 0x956e5f4d, 0x20603308,
            0x3800942e, 0xcdba3f96, 0x8569eb51, 0x17280062, 0x37c0dd82, 0xd7f8fa7c, 0x16a564a9, 0x1ce0155f,
            0x5219ffc5, 0x8343d50c, 0x8aa9a2fd, 0x45b9114f, 0xecdf86bd, 0x78b453d3, 0x5a7eecff, 0x12ad3838,
            0xc4504867, 0x072fb47e, 0x46161748, 0x2d821868, 0xbe4e9790, 0x3baf9229, 0x21ed57c3, 0x637bf2f2,
            0xa40c527a, 0x08effdd2, 0xb864a9cd, 0x35e2bf4e, 0x108f5af4, 0xa2266c27, 0xe0b0c916, 0x96c1594a,
            0x8d0ef86b, 0x403c2915, 0xbbcbafca, 0x693e8304, 0xd3f0a6ed, 0x3c08c8bf, 0x70d340e9, 0x988c742d,
            0xcb9001cb, 0x01058a23, 0x74db1c78, 0x3a22f6e2, 0x715e2422, 0x82ceb1c7, 0xed52e276, 0xc83f07cc,
            0x050dd6b2, 0xdb97b5d7, 0x49d65ee4, 0xf8d06e30, 0xd6759eb7, 0xddbd8b8a, 0x27c7699e, 0xe535f14c,
            0x364db949, 0x9b23722a, 0xba46cb01, 0x1b474fc9, 0x76f97eb4, 0xac6b4140, 0x6cbbbb5e, 0x2ba82635,
            0x298a44f9, 0xa3ab08ec, 0xd05fa0ea, 0x77741a7f, 0x3fa7ceb8, 0x3d85ac74, 0xa9ee791a, 0x60d4f4f5,
            0x1aca2b02, 0xde128d8d, 0x0ec5c38f, 0x737c46ee, 0xa7a3547d, 0xfd55566a, 0x8f2c9aa7, 0xf5324550,
            0x421e4bd9, 0x4dde0275, 0x990110e6, 0x398df0e5, 0xc05814f6, 0x64dca864, 0x6159903e, 0x7d316b89,
            0xd9b5d71b, 0x6e99d992, 0xeb78dc2b, 0x7b1b55d4, 0x5611a354, 0xade6258b, 0x3e2aaa73, 0x4e710472,
            0x79393718, 0x0d6ac588, 0x479b7383, 0x6f14bd59, 0xabcc1bd6, 0xf710279c, 0x874b899d, 0xa62e30b6,
            0xa1896a20, 0xce153991, 0x55bea553, 0x09629919, 0xb221d83b, 0x86c6ed56, 0xbfc3f35b, 0x8906a4fa,
            0x5433c198, 0x150a62ae, 0xf4bf219b, 0xf13a19c1, 0xe69af74b, 0x33c88113, 0xc6722aab, 0x5c54d2a2,
            0xfcd832a1, 0x346fdb85, 0xafc44747, 0x264a0d55, 0x4c5366be, 0xf69d4357, 0x0f48a744, 0xf2951fc6,
            0x72f12225, 0x11023e3f, 0x90eb6717, 0x24686f99, 0x92c905db, 0xfb7f6837, 0xae49238c, 0x503b9d09,
            0x0acd9f1e, 0xa8631dd1, 0x5e76b06e, 0xd838b3d0, 0x06a2d0b5, 0x62f69639, 0x0480b279, 0xca1d6500,
            0x0ce7a143, 0x53949b0e, 0xb58682ad, 0x9aae16e1, 0x2e2d1e6f, 0x1ec27793, 0xd5da98b0, 0xeaf5b8e0,
            0xa58136b1, 0x5dd9b669, 0xc5dd2cac, 0x80ecd30b, 0x0b40fbd5, 0x66fecaa8, 0xeefde471, 0x18e849ce,
            0xe8d7da2c, 0xb18ede3c, 0x28072032, 0x579cc79f, 0x30678714, 0x8c839ca0, 0x4bf43c28, 0x3245e5d8,
            0xb9e9cd06, 0xb7a4e061, 0xe31fcf11, 0xb62984aa, 0x2c0f7ca3, 0x5bf38834, 0xc7ff4e60, 0xc1d5703d,
            0xcc375b5d, 0xb003baf7, 0x19652d05, 0x8161b7c0, 0x6a918503, 0x9d094c77, 0xe4b89587, 0xe7179380,
            0xd457fc7b, 0x13205cf3, 0x94e33b86, 0xb40be666, 0x68b3e7cf, 0x41b14dde, 0xdf9fe946, 0x2fa07aa4,
            0xd1d2c421, 0x4a7958e3, 0x44347584, 0xda1ad11c, 0x9ea64a70, 0x755678b3, 0x14870665, 0x25e50b52,
            0xef7080ba, 0x7a96311f, 0xf95d0afb, 0x974c3d81, 0xaa417f1d, 0xfefa506d, 0x93446110, 0x6773ae63,
            0x224251c4, 0x2a2542fe, 0x84e48f9a, 0x5ffbd4a5, 0x43932f12, 0x888bc031, 0x6d36df95, 0xc3f712f1,
            0x8ea1fe6c, 0x7cbc0f42, 0xcf985d5a, 0xe292abda, 0xf0b77d0a, 0x7e9e6d8e, 0x02aa8c24, 0x0327e8ef,
            0x585c8e33, 0xbc6cf55c, 0x9c8428bc, 0x916603dc, 0xc27a763a, 0xff7734a6, 0x59d1eaf8, 0xfaf20cfc,
            0x51b6f9c2, 0x485b3a2f, 0x6b1ce1c8, 0x7f130945, 0x0088eee8, 0xe95abee7, 0x1d6d7194, 0xa0040eeb,
            0xb3acbcf0, 0xf3187b0d, 0x4ffc60b9, 0x1f4f1358, 0xdc30ef41, 0x6551ccaf, 0x23cf350f, 0x8b24c636
        },
        {
            0x08b7d92a, 0x5d105ce5, 0x13c6fb4f, 0xec470cba, 0x593ee8ce, 0xb396f88a, 0x80e5cc40, 0x88b4a3fa,
            0x19b08ab0, 0x0df52ad6, 0xf3189af4, 0xc06bae3e, 0x516f8774, 0x32f9c58d, 0x69068596, 0x37bb3671,
            0x43238d7c, 0xaac0c4aa, 0x04c802bb, 0x11e1e50a, 0xb88ccea2, 0xcf5f2c3d, 0x36d771a6, 0x5e5b0577,
            0x8bfffa68, 0x00e6b690, 0xd609101d, 0xa3fdecc7, 0xde587fa7, 0x66320795, 0xfa25b299, 0xa7d358ec,
            0x8df65006, 0x03adef02, 0xdf343870, 0x94a06c26, 0x7b4a8f9e, 0xd34be3e1, 0xf47d774d, 0x1cf2794c,
            0xda76cb8c, 0x5c7c1b32, 0x34f06fe3, 0xd76557ca, 0x4c170f7f, 0x0ebe7344, 0xfb49f54e, 0xf96eeb0b,
            0xe3738eb9, 0x3e861e1c, 0xb2fabf5d, 0x9b94ee25, 0x0bfc80b8, 0x4b72e2c6, 0x4839bb54, 0xd16cfda4,
            0x15cf5121, 0xa5f446a9, 0x83ae95d2, 0x5a75b15c, 0x5852af19, 0xc24cb07b, 0xf511309a, 0xe905ff46,
            0xb7b84ca1, 0xca1ddfc1, 0xb6d40b76, 0x8ebd0994, 0xe869b891, 0xc320f7ac, 0x424fcaab, 0x3395825a,
            0xa498017e, 0x249b7bae, 0x75124a4a, 0x1afbd322, 0x3bc4ede0, 0x3ca10059, 0xb1b1e6cf, 0x444660c5,
            0xd000ba73, 0xff674165, 0x713cfe61, 0x3fea59cb, 0xa98b9d38, 0x20b5cf85, 0xc83ac184, 0x89d8e42d,
            0x6a4ddc04, 0x4e30113a, 0x560a6acd, 0xea4ea6d4, 0x452a2712, 0x675e4042, 0x5b19f68b, 0xacc96ec4,
            0x05a4456c, 0x92a9c648, 0xe4166300, 0x82c2d205, 0xe15490fc, 0x28e4a03f, 0x93c5819f, 0xd42e0e58,
            0x6f0f2ff8, 0xc9568653, 0x02c1a8d5, 0xc4451a15, 0xa1daf282, 0x65795e07, 0xd851d5c9, 0x359c2834,
            0xaf823756, 0x8a93bdbf, 0xe6317d45, 0xcc1475af, 0x2988e7e8, 0xe57a24d7, 0xf65a6908, 0xa0b6b555,
            0x747e0d9d, 0x9cf1039c, 0x5541335f, 0xf053c366, 0x06ef1cfe, 0x1d9e3e9b, 0x878021f9, 0x9ed61dd9,
            0xaeee7081, 0x5003c0a3, 0xa8e7daef, 0xbfe9231b, 0x97eb35b4, 0x6d2831bd, 0xa291ab10, 0x3aa8aa37,
            0xdc7f61e2, 0x99b3f060, 0x2f814d86, 0x95cc2bf1, 0xd227a436, 0x7277a7f3, 0xa6bf1f3b, 0x0c996d01,
            0xe75d3a92, 0x7801d60c, 0x7a26c849, 0x86ec662e, 0x27d0223c, 0x46617e80, 0x108da2dd, 0x0a90c76f,
            0x9fba5a0e, 0x2da653c3, 0x018af147, 0xee6012ff, 0x39e3f3a5, 0x1ed56709, 0x603badfb, 0x641519d0,
            0x2292d1c0, 0x168408b3, 0xbaabd0e7, 0x85a73fbc, 0xb0dda118, 0xce336bea, 0xf802acdc, 0x7050b9b6,
            0x6c44766a, 0x621cb3be, 0x91e29fda, 0xada52913, 0xb9e08975, 0xb4f31533, 0x4f5c56ed, 0x7e087c62,
            0xe038d72b, 0x31b29c1f, 0xc70e4387, 0x1fb920de, 0x09db9efd, 0x1b9794f5, 0xd93d921e, 0xb59f52e4,
            0x796d91db, 0x8fd14e43, 0x4955fc83, 0xeb22e103, 0xdd132635, 0xcb719816, 0xe21fc96e, 0x98dfb7b7,
            0x2baff9ad, 0x6370f469, 0x41049339, 0x6157ea2c, 0x2eed0a51, 0xf274dd23, 0x18dccd67, 0x542d7488,
            0xbca27a89, 0xbdce3d5e, 0x17e84f64, 0xfc2c18f7, 0x7f643bb5, 0x5224dee6, 0xfd405f20, 0xbbc79730,
            0x2cca1414, 0xbe8564cc, 0x5f3742a0, 0xfe0b06b2, 0xd542498f, 0xc5295dc2, 0x4068d4ee, 0xef0c5528,
            0xc6620450, 0x9d9d444b, 0x4a1ea511, 0x9af8a9f2, 0x765913d8, 0x21d98852, 0x96877263, 0x12aabc98,
            0x0fd23493, 0xcd783278, 0x26bc65eb, 0x2ac3be7a, 0xf13f84b1, 0xc107e9e9, 0x3dcd478e, 0x7735540f,
            0x686ac241, 0x8c9a17d1, 0x07835b29, 0x57662d1a, 0x53489931, 0x4d7b48a8, 0x30dedbc8, 0x23fe9617,
            0xed2b4b6d, 0x6e63682f, 0x6b219bd3, 0x731be024, 0x908ed80d, 0x25f73c79, 0x7d4325f0, 0xf7362edf,
            0x84cb786b, 0x470d3957, 0xabac837d, 0xdb1a8c5b, 0x14a316f6, 0x388fb472, 0x7c2f6227, 0x81898b97
        },
        {
            0x5626845c, 0x5a8bec4b, 0xf04b57f7, 0xe43f3d67, 0x52fd9ef9, 0x39287ba7, 0x11d54a63, 0x738fcca0,
            0x48aa7393, 0x252a6385, 0x5fa9e7c1, 0x518a603b, 0x1c81335b, 0x045831dc, 0x9733dabe, 0x072fcf1e,
            0x81c95fc3, 0xb4cf670a, 0x1ad4c613, 0x45fe0aab, 0xe8925570, 0xf1b246d8, 0xa5990610, 0xd3b7ea43,
            0x4c716936, 0x6cfa2a40, 0xa3ccf358, 0x4a249c7e, 0x682130e5, 0x33d0e6f8, 0x9c3256ce, 0x7276dd8f,
            0x1780bf2b, 0x3df36102, 0x7101234d, 0xaf619b4f, 0xe5c62c48, 0xb7b899c8, 0xbcb915b8, 0x30a7183a,
            0x0dd75241, 0x4eff86db, 0x98e94c6b, 0x2b09e47f, 0x185a29fe, 0x6b56ce27, 0x7bf9be12, 0x70f83262,
            0x150e50c6, 0xd13905ae, 0x00832b79, 0x29870b92, 0x6aafdf08, 0x93e8c01b, 0xb0147daf, 0x95bd3553,
            0xb29a9242, 0x8ac8d3b3, 0xb363836d, 0xf9c4346a, 0x21f17920, 0x909f3ed9, 0x9ebcb923, 0x9f45a80c,
            0xdd946db9, 0x27a48c68, 0x797751ff, 0xc2e18b59, 0x69d821ca, 0xca97f9eb, 0xfd1f2ecf, 0x9a67a386,
            0xaa4390c5, 0xb1ed6c80, 0xa0bb0d9a, 0x090c48e4, 0x8665bba4, 0x1d782274, 0xbb15f1df, 0xa6eef8d2,
            0xf83d2545, 0xc54d6f3e, 0xcfb5f261, 0x3a5f8565, 0x4bdd8d51, 0xf7e7b390, 0xc3189a76, 0xfab3caa8,
            0x9b9eb2a9, 0x8d6437d4, 0x62d9adba, 0x017a3a56, 0x495362bc, 0x82bea101, 0x358513b0, 0xc4b47e11,
            0xea1cba9d, 0x287e1abd, 0xf61ea2bf, 0xda3889de, 0x7a00af3d, 0xe6b1d28a, 0xa460173f, 0x228687e2,
            0xd5e21f0b, 0xb99b1e32, 0x6320bc95, 0x14f741e9, 0x0c2e436e, 0x370bfc5d, 0x3e849fc0, 0x08f559cb,
            0x8c9d26fb, 0x1b2dd73c, 0xebe5abb2, 0xa717e9fd, 0x1e0fdcb6, 0x6602b71f, 0xe26ac82f, 0x61ae5378,
            0xf5695c7d, 0x4f0697f4, 0x2d5c1137, 0x7c555a75, 0x9211d134, 0x75da39e8, 0x1679ae04, 0x54a86bb1,
            0xfe68d00d, 0xf33ca935, 0x96cacb91, 0x44071b84, 0xedb05efa, 0x5b72fd64, 0x3229f7d7, 0xbfceeb7a,
            0xc63a91fc, 0xe11d36ed, 0xd24efb6c, 0xd41b0e24, 0xbe37fa55, 0xe393d900, 0x237f96cd, 0x347c029f,
            0x7f22a4b7, 0xe96b445f, 0x50737114, 0xd8b66633, 0xce4ce34e, 0xdee3937b, 0x265d9d47, 0x8b31c29c,
            0x12a2b4a1, 0xc8191606, 0x59fc1289, 0xd94f771c, 0x020dc494, 0x76adc72a, 0x84eb5449, 0x0ea0ac83,
            0x7754d605, 0x3f7d8eef, 0xe0e427c2, 0x135ba58e, 0x57df9573, 0x88463c5e, 0xc9e00729, 0x102c5b4c,
            0xd76cf0e6, 0x80304eec, 0x6e74c5ad, 0x2008680f, 0xf4904d52, 0x55517a9e, 0xeec7a038, 0x5cde1903,
            0x4770e546, 0x648c58f2, 0x2e2beff5, 0xa1421cb5, 0x06d6de31, 0x99105d44, 0x1ff6cd99, 0xfb4adb87,
            0x43abffe3, 0xc196759b, 0xccc20ca3, 0x89bf2d71, 0x7edbb598, 0x8e13c916, 0x9dcb47e1, 0x40dc0121,
            0xc06f64b4, 0xef3eb117, 0x91662ff6, 0x8347b02e, 0x7dac4b5a, 0x742328c7, 0xd695e1c9, 0x05a120f3,
            0x53048fd6, 0x85124566, 0x6f8dd482, 0xdbc198f1, 0x3c0a702d, 0x60574257, 0x2fd2feda, 0xadef74a2,
            0xdf1a8254, 0x0f59bdac, 0x0a7bb626, 0x3ba6944a, 0x4252eecc, 0xae988a60, 0xac16658d, 0xb64188e7,
            0xbaece0f0, 0xec494fd5, 0x38d16a88, 0xa235e277, 0x9444247c, 0x879caa8b, 0xc7c380d3, 0xa9346e07,
            0x0b82a709, 0x8fead839, 0xcb6ee8c4, 0xabba81ea, 0x4d887819, 0xa8cd7f28, 0xff91c122, 0x580503a6,
            0xbd400497, 0xcd3b1d8c, 0xd0c01481, 0x24d372aa, 0x36f2ed72, 0xe748c3a5, 0xb8620f1d, 0x2af0f550,
            0xf2c5b81a, 0x315e0915, 0x4689f469, 0x67fba630, 0x19a338d1, 0x5d27082c, 0x788e40d0, 0xdc6d7c96,
            0x6d033b6f, 0x2ca50018, 0xfce63fe0, 0xb5367625, 0x657549dd, 0x03f4d5bb, 0x5e50f6ee, 0x4125100e
        },
        {
            0x353a6754, 0xe65e2f39, 0xbaad1cdc, 0x1880c9ca, 0x9551d92c, 0x8377aacf, 0xe0927ce4, 0xb1541bd7,
            0x98648dfa, 0x4dcc964a, 0x8e42fe19, 0x2224c44b, 0xbd599ffd, 0x19b81936, 0x33f63489, 0x01d58591,
            0x0b145266, 0xe766ffc5, 0xb06ccb2b, 0xfd4d080c, 0x231c14b7, 0x17f3f672, 0x1379cec1, 0x1bfe7258,
            0x8d3c458b, 0xd0f7a692, 0x781ba473, 0x4387790e, 0xefe1435c, 0x16cb268e, 0x1f744aeb, 0xd63bf54f,
            0xe52094ab, 0x32cee475, 0x55a10aed, 0x1d322185, 0x12411e3d, 0x709c18ea, 0x24e89796, 0x086ae9f4,
            0xce5669e8, 0x4eb22dd8, 0xff0b6362, 0xac8b6f3f, 0x4473fa2f, 0x623053ba, 0xbb95cc20, 0x6782bbf5,
            0xa1be3be9, 0x2c6f2b0f, 0x946909d0, 0x6ab7ef23, 0x0a2c829a, 0x4cf446b6, 0xd3891d00, 0x995c5d06,
            0x65c4d09b, 0xeb6b7bef, 0xc7e9058d, 0x0dd801bb, 0xf6b40f07, 0xd5454edd, 0x062106b0, 0xe92d1081,
            0x68f1844d, 0x59ac8ec7, 0xc497be1f, 0x46359141, 0x3402b7a8, 0xdb0ea199, 0x7ed7f7ae, 0x8bf01656,
            0x71a4c816, 0xaff5d4ad, 0xf4f26469, 0x8c049577, 0x888eadc4, 0x848329ee, 0xf9c730bf, 0x57e76183,
            0x2062af25, 0x3b718810, 0xfe33b39e, 0x4b00c597, 0xc89a3a35, 0x87fd927c, 0x15b59d1c, 0x28e513bc,
            0x3dbddbcd, 0xf5cab495, 0x8f7a2ee5, 0x64fc0067, 0xec9ff8ce, 0xf0785cda, 0xfb815bd1, 0x72da7384,
            0x92a55a0d, 0x614ee828, 0x3c850b31, 0x66ba6b09, 0x9b1a3668, 0xd70325b3, 0x04676dde, 0xaecd0451,
            0xb798480a, 0x4f8afd24, 0x00ed556d, 0xb8eb77b2, 0x055fbd22, 0x5d26b674, 0x512b325e, 0xb22aa045,
            0x58945e3b, 0x42bfa9f2, 0xfc75d8f0, 0x63088346, 0x69c954b1, 0xb4e6f398, 0xe4184457, 0xcbe481a7,
            0x487e7e05, 0xbf1ff493, 0x85bbf912, 0x752ef0a5, 0x89b67d38, 0x76504b37, 0xb6a098f6, 0x27962c04,
            0xa7726834, 0xc01d86ac, 0x8ac8c6aa, 0x41c11260, 0x9717b242, 0x10077553, 0xcc100286, 0x377c0c3a,
            0x962f62be, 0x90e33163, 0x607638d4, 0x91dbe19f, 0xd8701a0b, 0xf8ffe043, 0xa2c0807b, 0x29ddc340,
            0x1ac6a2a4, 0x2aa378d2, 0x5beae5a9, 0x5c1e6688, 0x7c919cc0, 0x0ce0d147, 0x6c7bbcfe, 0x5ad23555,
            0xbe27246f, 0xea53ab13, 0xda367165, 0x4946aef9, 0x215a7fd9, 0xc3633d3e, 0xc5af6ee3, 0xd2b1cdfc,
            0xf78cdffb, 0xf23e37b4, 0x6e3dd790, 0xdcfa22b8, 0x2b9ba82e, 0x9ceeb549, 0x9f900edb, 0x5f60dd1a,
            0x09523908, 0xa64ab8c8, 0x7da94c3c, 0xcd28d27a, 0x0719d64c, 0xbc614f01, 0x6d436c02, 0x148d4de0,
            0x31b05fe7, 0x74162059, 0xb5de2364, 0x7a5dcf1d, 0xa9398770, 0x73e2a378, 0x7923748f, 0x30888f1b,
            0xa086eb15, 0xadb3bfc3, 0xc1255650, 0x939d8af1, 0x113fa5af, 0x1e4c9a17, 0x3937e37e, 0x0393eeff,
            0x6f05076c, 0x02ab3e03, 0x7b651fe1, 0x9a22e694, 0x56dfb17f, 0x3644dcc6, 0x7fef2752, 0xdf84992a,
            0x0f9e6ad5, 0xe1aaac18, 0xddc2f244, 0xa3f85087, 0x77689bcb, 0xc6d1d571, 0x525589cc, 0x3a4958ec,
            0xe815c07d, 0xc9a2eac9, 0x26aefcf8, 0x536d5930, 0x470d41bd, 0x9ea8de27, 0x824f7a33, 0x9dd665b5,
            0xeed993a0, 0x8131c1a1, 0x5499da11, 0x6b8f3fdf, 0xa534035a, 0xd47d9e21, 0x380f3382, 0xdebc49d6,
            0xcf6eb914, 0x4a38156b, 0xeda72832, 0xd1cf766e, 0xe2d4178a, 0xfab98b2d, 0x2e294061, 0xe3ecc776,
            0x86c54280, 0xb31270b9, 0x5e580de6, 0x0ea6ba29, 0x5013e2a2, 0x2f11909d, 0x454b2ad3, 0xcadc515b,
            0x2d57fbf3, 0xd948caf7, 0x3ec3605f, 0x8009115d, 0x25d0476a, 0xf306e748, 0xf1408c26, 0xa40cd3a6,
            0xb9d3a74e, 0xc25bedc2, 0xab7fec1e, 0x3ffbb0a3, 0xaa473ce2, 0x1c0af179, 0xa801578c, 0x40f9c29c
        },
        {
            0x372e484c, 0x94572b9a, 0x4ddd0348, 0xa8748980, 0xfa5a2076, 0x3a051934, 0xfd504e22, 0x5584c809,
            0xf6fdabdf, 0x91b607c4, 0xd287c284, 0xcb52d314, 0xdd47d1f6, 0x4b5bb7cd, 0x4c51d999, 0xa55fd8f8,
            0x8b048e8f, 0x5bc801aa, 0xe0e8a93d, 0xe9ae0eca, 0xa255b6ac, 0x19751e3b, 0xc51e1ab7, 0x92d19f1f,
            0xfbd6faa7, 0x7315e358, 0x540812d8, 0x71fea152, 0x35c50a46, 0x03c79770, 0xeea4609e, 0x903add15,
            0x00a00fab, 0xc8354bcf, 0xf1f7c58b, 0x0eecc608, 0x997c7ae2, 0xd92a2779, 0xa0bef4a6, 0x24da66f0,
            0x82422978, 0x1d18e8b4, 0xa4d30229, 0xb96be536, 0xd766eeda, 0x2efb59dc, 0xac197f0f, 0xe16473ec,
            0xe5098563, 0x8ee5a2d1, 0x2556bc21, 0x53027c8c, 0xf8b1627c, 0x88631654, 0x2a96af53, 0xf416e9d5,
            0xe4855fb2, 0x421d103a, 0xdfac93fc, 0x1a1286e0, 0xde20492d, 0x0c078402, 0xc492c066, 0xda4dbfa2,
            0xd4017601, 0x935d45ce, 0x13542117, 0x9a1be239, 0x1e7f706f, 0x12d8fbc6, 0x30242618, 0x0f601cd9,
            0x4ad76d1c, 0x145e4f43, 0x56e350d2, 0x7e3eb220, 0x483c2f16, 0x0b0dea56, 0xd1e05a5f, 0x1ff3aabe,
            0x6b4c2819, 0x6dca9c9c, 0x40f65230, 0xa6384023, 0x16b50d49, 0x87a30526, 0xbb80a73c, 0xd8a6fda8,
            0x777815d7, 0x51e93e86, 0x04cdf924, 0x9fface67, 0x1c943265, 0x7934dc74, 0x648c3b6b, 0x8f697800,
            0x47fc3c64, 0x3c83adb1, 0xfe37d6f9, 0xb8e73fe7, 0x287ded59, 0xd30b1855, 0x8125b1a3, 0xad95a5de,
            0xcf3f259b, 0x1033b9cc, 0x2f77830d, 0xec4f2294, 0x78b806a5, 0x5cc26ffe, 0xedc3f845, 0x18f9c4ea,
            0x3e68efbb, 0xb440b44e, 0xcade09c5, 0xe822d41b, 0xaf7ee7d4, 0xf93db8ad, 0x98f0a033, 0x6ead0447,
            0xb5cc6e9f, 0xcc58bd40, 0x0a813087, 0xd06c808e, 0xa7b49af2, 0x3b89c3e5, 0xa9f85351, 0xb2c600cb,
            0xaef23d05, 0xc173ec38, 0x7d592afb, 0x76f4cf06, 0xf771710e, 0xe66e1db8, 0x15d29592, 0x32cf6412,
            0x682bb0c2, 0x213b4aae, 0x7a5344af, 0x620a8fee, 0xc7f558bd, 0x012cd57a, 0xeac99611, 0x576f8a03,
            0x4391caeb, 0xef28ba4f, 0xab13115b, 0x3fe4356a, 0xdccb0b27, 0x09e6a85c, 0xa1322e77, 0x96bc6990,
            0x70727b83, 0xa3d96c7d, 0x07aa61ff, 0x2c101bd6, 0xc21474e3, 0x4eba9b93, 0x9b9738e8, 0x84c49dfd,
            0xbd0613b9, 0x5fa5f725, 0x9c9d56bc, 0x31a8fcc9, 0xba0c7ded, 0x5e292df4, 0x6f21de96, 0x5d4eb52f,
            0xb34ada1a, 0x23d008a4, 0x528ea65d, 0x5a44db7b, 0x60e1cde4, 0x417a88e1, 0xf2905d50, 0x0626bb2e,
            0xe38f31e6, 0xc0ff36e9, 0x225cd275, 0x80a96b72, 0x0d8b5ed3, 0xf07b1f5a, 0xaa9fcb8a, 0xc679826c,
            0x054123f5, 0x396281ef, 0x4f364142, 0x72993989, 0x4670e6b5, 0xe7e2c769, 0xf31c8781, 0xcdd46791,
            0x67eba3b0, 0x6ac0f2c8, 0x11bf631d, 0x5065e457, 0x6c46464d, 0x1b9e5c31, 0x759357dd, 0x69a76a13,
            0x7cd5f02a, 0xc9b9911e, 0x29f13788, 0xbc8ac968, 0xb7272c95, 0x449ba4bf, 0x2d9cc107, 0x9d118c6d,
            0xd58dacd0, 0x8d823a0a, 0x8548472c, 0xb02d42c1, 0xb6abf644, 0x741f8d0c, 0x7bdf9e7e, 0x7fb268f1,
            0x36a2929d, 0x6500e1ba, 0xc398ae32, 0x862fdff7, 0x45177e6e, 0xd6ea340b, 0x263124fa, 0xffbb0c28,
            0x83cef3a9, 0x592343a0, 0x2b1a7582, 0x49b0f5c7, 0x9730b341, 0x95dbf14b, 0x89efcc85, 0xfcdc94f3,
            0xeb454cc0, 0x3d0f7760, 0x8a88545e, 0x086a728d, 0x9e7614b6, 0xb1a19810, 0x20b7907f, 0x3343bec3,
            0xf59a3304, 0xbfed51b3, 0xe203eb37, 0x024b4da1, 0xdbc16573, 0x58af9971, 0xceb3ff4a, 0x3449d097,
            0x1739d798, 0x66677961, 0x8c0ee0db, 0x6386553f, 0x616d1735, 0x38ee5b3e, 0x27bdfe2b, 0xbe618b62
        },
        {
            0xef94e0ac, 0x1362bda6, 0xa19dda95, 0x15ecd9cc, 0x9c128383, 0x41ea9d3d, 0x5ccc7ea8, 0x5740d3fa,
            0x9b3b1ede, 0x861dfd4b, 0x9321bf1b, 0x2248d4bf, 0x46c30060, 0xf899575c, 0xe331d0a3, 0x8ab8cd44,
            0xaeaee60d, 0xc00e66b7, 0xd02a4c1a, 0x8b1f3473, 0x98ad1249, 0x6372d21e, 0x5258bb07, 0x144b20fb,
            0xb3880598, 0x23ef2d88, 0x80939921, 0x2a52757a, 0x7dc23d1c, 0x29c479ed, 0xa6b447c8, 0x3545634f,
            0x0346970b, 0x12c54491, 0x00d09b9c, 0xa3ac2f35, 0x377496ef, 0x2f4a1d87, 0x6acf8aec, 0x65fcb674,
            0xeda5150c, 0x3ec9ce1d, 0xb7379452, 0xabb68ef0, 0x892ec1d3, 0xdebe89b5, 0x68fe7f4c, 0x8c36a92e,
            0xc814c772, 0xce9aa318, 0x44f2f5c0, 0x82a26c81, 0x096dc36e, 0xd99714e8, 0xfe173336, 0x07f906c1,
            0xdc8f7c15, 0x6959867b, 0x26f74575, 0x7e54318b, 0xa713beff, 0xa9877b50, 0xdd288522, 0xc727fbea,
            0x91104abb, 0x065efff6, 0xea8c8851, 0x3f6e372a, 0xa485b268, 0xad38ea9a, 0xdba6e148, 0x45550cf7,
            0x2bf58c4d, 0x0dd252a4, 0xb804a8ca, 0x53ff4230, 0xfd813fa1, 0x7c65c42b, 0x50694ea7, 0x5571265a,
            0x10f4b131, 0xa20bd602, 0x49f03cf8, 0x4d4fad32, 0xd21bb9ba, 0x54d6df6d, 0x0fe3a704, 0x21ded828,
            0xa03a23a2, 0xc4b1f77d, 0x017762ab, 0x34e29a78, 0x0e445e33, 0x830595b6, 0xbe8acca0, 0xa8208267,
            0x71670d13, 0x5d6b879f, 0xa5224b5f, 0x666abae3, 0x7aeba041, 0x305d0bb2, 0x0c75ab93, 0x75d89cd9,
            0xd495ddd0, 0xe629b85e, 0xccab56b8, 0x95afdb71, 0x1fc78da9, 0x3cf83bbd, 0xf43c6753, 0xb6906d65,
            0xb01e090f, 0x1df67809, 0x02e16e3c, 0xe5bfb4c9, 0xf315fa0e, 0x4ed9a1a5, 0xe91a84c6, 0xbf2d3597,
            0xf2b20339, 0xeb2b7166, 0xc3986a20, 0x4ce85405, 0xbd1cc037, 0xfaa8a2fc, 0x2cdc1110, 0x3bd1a6e0,
            0x5873ef62, 0xe0a7dc34, 0x1949e9c3, 0x59d41655, 0xbcbb3900, 0x8fa0a5b9, 0xcd0caf8f, 0x046f0a56,
            0x8d915019, 0xc9b33e45, 0x0b5c36ce, 0x81346016, 0x78da55e1, 0x6b6873db, 0x2079211f, 0x888938e4,
            0xe4184dfe, 0x1c51813e, 0xf59b9e64, 0x1b781c63, 0x33cb0725, 0x7b4c5976, 0x36d36fd8, 0xd3bc408d,
            0x8e075c8e, 0x5f5a723f, 0x56e72acd, 0x614327be, 0xb4a198c5, 0x427c91aa, 0x167ad55b, 0xd6a42870,
            0x87ba047c, 0x31faf285, 0x6e701b26, 0x5efd8b08, 0x60e4de89, 0x3d5fc28a, 0x05c8f361, 0xd703d147,
            0x18ee10f4, 0x9a9ce7e9, 0x5a421ac2, 0xb50661f2, 0xf60d92f3, 0x764e904e, 0x0afbcff9, 0x256149e2,
            0x72f10184, 0x5be5e3f5, 0xd830eddf, 0xc68002dd, 0x7ff3c8bc, 0xe8bd7df1, 0xc23f9317, 0x4a66306f,
            0x7356f8b3, 0x4764f957, 0x3a765fd7, 0xec02ec3b, 0xe1002503, 0xc1a99f80, 0x645b4f43, 0x9e237623,
            0x2750bc42, 0x747f65ee, 0xf1240fae, 0xfb0f5bcb, 0xdf197082, 0xaa1177c7, 0x2d7be827, 0x51ceb790,
            0x858bf1dc, 0xb9a351fd, 0xaf091f3a, 0xac9f13ad, 0x286380da, 0xb1b9f038, 0xba355d6a, 0x4f7e5892,
            0x6de617b1, 0x17dd2c6c, 0x404d640a, 0x67cd43d4, 0xcb82cbe5, 0x39e05340, 0x842c08eb, 0xfc26c696,
            0x979e2ed1, 0x9639d7e6, 0x62d52b29, 0xffb0ca01, 0xda01187f, 0x1e60749e, 0x6c41ee86, 0x326cfe12,
            0x77e96979, 0x70c0f424, 0xcf3d5a2f, 0xe78e4169, 0xee33199b, 0x9db57ab4, 0xb22ffcaf, 0x797dacd6,
            0x6fd7e211, 0x08ca3a59, 0x90b7b38c, 0x4bc1c958, 0x3847aa77, 0xbb92a45d, 0xc5160e4a, 0x990aeb7e,
            0xd18db52d, 0x9f848f14, 0xf083f699, 0x9286462c, 0x94082246, 0x2eede4b0, 0x4857c5cf, 0xf7aa6bc4,
            0x43db689d, 0xca2532d2, 0xf93eae6b, 0x1adfe554, 0xe2962994, 0x11534806, 0xd53224e7, 0x24c6b0d5
        },
        {
            0x19da087d, 0x4998cab1, 0x7df30dce, 0x124ce94c, 0x259e136a, 0xe3365c41, 0xe2bf0bbd, 0x8f30859a,
            0xbad21519, 0xd4e4a667, 0x95458cbf, 0x45ef77c4, 0xc2e61237, 0x61ee0f53, 0xfafa683d, 0xa31e2165,
            0xe4d70005, 0x7a12518a, 0xb96b2840, 0x067e37b9, 0x0c618174, 0xfb733fc1, 0xaab8aaf1, 0x29e9ae1f,
            0xc970f306, 0x660f5317, 0xc36f45cb, 0xef41e134, 0xbb5b42e5, 0x7fc3676b, 0xd1359086, 0x5daa1444,
            0xab31fd0d, 0x1d826960, 0x403e4125, 0x563cf575, 0x11f5d415, 0x0839e069, 0x643f39b2, 0xa7464078,
            0x5f9a7ee1, 0x4e7996f5, 0x398311f7, 0x6e208f7f, 0xe08f6118, 0x13c5beb0, 0x5e13291d, 0x5bc21ffc,
            0xe8a0bd70, 0x4dc0abac, 0x75dcd1a6, 0xd305fa23, 0x1424e2f4, 0x0e51ebd1, 0x871f59f2, 0x3c522716,
            0x2bd9c4ba, 0x16148851, 0xe76e3d5c, 0x834738ef, 0x9775e61a, 0x700de747, 0xcd28921b, 0x993231ca,
            0x73b4da1e, 0xdb2a264b, 0x3e624db3, 0xc6be732a, 0xfea20920, 0xdccb7a0f, 0xb495c2c9, 0x2f81a5a7,
            0x8eb9d266, 0xc15f2f6e, 0x8177524a, 0x30259a63, 0x8b68e487, 0x1a633524, 0xa2977699, 0x1e3b5439,
            0x420e2b80, 0x43877c7c, 0xeec8b6c8, 0x5a4b4800, 0x6fa9d883, 0x41b716d9, 0x0de8d688, 0x364d91db,
            0xcca1c5e7, 0x204f258b, 0x78223b2f, 0x51dda931, 0x9094ba5e, 0x9d6a50d7, 0x2db1cf02, 0x3feb1a4f,
            0x52649468, 0x65b66e4e, 0x0b80dd30, 0x932d8707, 0xce91af42, 0x00163c01, 0x15adb508, 0xd91a4cee,
            0xf2d5b455, 0xc73724d6, 0x4ba8a014, 0x723d8de2, 0x7c7a5a32, 0xe55e57f9, 0x1fb203c5, 0xa12e4bc0,
            0x8d00ef3f, 0xe6e76aa0, 0x5585c82c, 0x09b0b795, 0xf35ce3a9, 0xc0d67892, 0x9ed36d8e, 0xd8931b12,
            0xdf724756, 0x6a78ee62, 0x684884c7, 0xa5762add, 0x21c67277, 0xc5074e73, 0xf0e5def0, 0xaee0cbec,
            0x911deda2, 0x1bea62d8, 0x7665ecff, 0x1c0b3e9c, 0xa888c054, 0x606758af, 0x96fcb1e6, 0x82ce6f13,
            0xdaa371b7, 0x9b025b6f, 0x05c70ae0, 0x2a509346, 0xfd1b3479, 0x227f4f2e, 0x57b5a289, 0x59f27559,
            0x4c49fc50, 0xd0bcc77a, 0x69c1d33b, 0x92a4d0fb, 0xf70482b4, 0x86960e0e, 0xed718b91, 0x03af0158,
            0xb72cff90, 0x9f5a3a72, 0xd75d9b3e, 0x94ccdb43, 0x37c4c627, 0x339ca73a, 0xff2b5edc, 0xcb4099a3,
            0xf8ca0298, 0x6d99b226, 0x7e4a3097, 0xbe8a7404, 0xf4bdbfed, 0x3ddb70ea, 0xb3749e8d, 0xb144f428,
            0xbd33495d, 0xf534e811, 0x5c2343b8, 0x8ae1b37b, 0xb51c9535, 0x89588e22, 0x80fe05b6, 0xa90197a8,
            0xbcba1ea1, 0x0fd8bc2d, 0x46564a9d, 0x8c89b8c3, 0x044e5d1c, 0x022656a4, 0x852f3357, 0x540c9fd0,
            0xe10636e4, 0xa4ff7d21, 0xd6d4ccc2, 0xa6cf1784, 0xa0a71c3c, 0x84a664ab, 0x9a8b0c93, 0x23f618d2,
            0xcac9ce5f, 0xd28caddf, 0xecf8dc6d, 0x380a460b, 0x678604eb, 0x35f4ac82, 0x77ecbb03, 0x6257320a,
            0x2860f9e3, 0xdefb10aa, 0x347dfb7e, 0xbf0323f8, 0x79ab6cd3, 0x07f76045, 0x7455865a, 0x44662038,
            0xdd422df3, 0x27ae79cf, 0x47df1d61, 0x31accd9f, 0x18535f81, 0x107c83e9, 0x6bf1b99e, 0xf68dd548,
            0xb6a5a86c, 0xf16c890c, 0x98bb6636, 0x0a098acc, 0xb0cda3d4, 0x53edc394, 0x4ff0c109, 0x3a3a2cae,
            0x4a21f7e8, 0xb8e27fbc, 0x24174496, 0x88d1d9de, 0x7184b0bb, 0xeb198029, 0xf9435564, 0x7b9b0676,
            0x63de65f6, 0x3215f0c6, 0x26272e33, 0x6c10e5da, 0x48119d4d, 0x587b22a5, 0x179ddfad, 0xea90d7d5,
            0x2c3898fe, 0xc48e198f, 0xd56df19b, 0x5054fecd, 0xfc926385, 0x2e08f25b, 0xacd0a149, 0x3bb37b52,
            0xad59f6b5, 0x9ce3072b, 0xc8f9a4fa, 0xcf18f8be, 0xb2fdc971, 0xe929ea8c, 0x019f6bfd, 0xaf699c10
        },
        {
            0x47804041, 0x09308f2f, 0x7ff6f691, 0x673e6cc8, 0x196a9d2b, 0xea626ab3, 0x71707ce3, 0x5372b9fe,
            0x4dae2188, 0x008379e1, 0x2a1334a1, 0xdba72aad, 0x968a72c4, 0x5ac14f30, 0x0b8c66bb, 0x2c07368e,
            0xdf0fc116, 0x75d89758, 0xa66e4c49, 0x1550fecd, 0xf9a5efb0, 0x0e05f393, 0x8e42e89d, 0x50ef2ef9,
            0x11f81576, 0xd400de4c, 0x992d8625, 0xe9fffdb4, 0xcbfd38a9, 0x6e8d9a06, 0x854df7c7, 0x94369b50,
            0xffb1ed9f, 0x51ce506a, 0x37523bd0, 0xf72365c2, 0xf38b8e79, 0x184be3b8, 0xe5c59e52, 0xda86543e,
            0xb0205c62, 0xb5a9c94a, 0x4e33b68f, 0x7c6b6196, 0xe16d75e9, 0x63968773, 0xeb431420, 0x4f12c81c,
            0xf6021b51, 0x6a2571bd, 0xccc84415, 0xc0f227f3, 0x4906ca33, 0x74f9e9cb, 0xa2c6a7f2, 0x9303e7ec,
            0x5566bbd1, 0xb8b2d43f, 0xd214dc63, 0x314639ff, 0x8aea0326, 0x56fb2cd6, 0x28afdd35, 0xbf87a883,
            0xe8de8327, 0xa4d2a5dd, 0x453ca9d5, 0x79e2f4be, 0xde2ebf85, 0x32dbaef8, 0x4194426e, 0x9e18fa99,
            0xed57160f, 0xc941d13d, 0xa74f32da, 0xd91bc339, 0x8f63960e, 0x46a13ed2, 0xaa542faf, 0x10d96be5,
            0x40b53cfd, 0xec76689c, 0xbc1a3f84, 0xfe90930c, 0xd83abdaa, 0x3c5d248a, 0xbb2f4338, 0x1344fce2,
            0x3d7c5a19, 0xa8e8c63b, 0xd0a835f7, 0x25b4c040, 0x1e5fe197, 0x7645005f, 0xafddba87, 0xba0e3dab,
            0xb71520de, 0xf2aaf0ea, 0x33fad06b, 0xa5f3db4e, 0x7a7f63b9, 0xd79d494b, 0xa07a4e66, 0xcadc463a,
            0x6face495, 0x01a20772, 0x23a0c26f, 0xeeca8108, 0x1dc27690, 0xfd0d040b, 0xcf55d312, 0x87f11e53,
            0xcde93a86, 0x3b685836, 0x68999829, 0xc36fb0f4, 0xe77977c6, 0x9d856d9e, 0xf4bef2c5, 0x980cf8b6,
            0xd6bc37d8, 0xdc925611, 0xf016197e, 0x36734543, 0xc7c75b4f, 0x35eed244, 0x3ee1cd1e, 0x8bcb7db5,
            0xce74ad81, 0x69b8e6ba, 0xc1d35960, 0x4827b4a0, 0xab75513c, 0xc45acc48, 0x023f9075, 0x1ce30803,
            0x612a6ee7, 0xb993aaac, 0xc57bb2db, 0x06977bce, 0x0cb91a07, 0x0811f1bc, 0x5e69a48b, 0x78c38a2d,
            0x298ea3a6, 0x91bf0e78, 0x82788b7b, 0xf59f8c56, 0xc860afae, 0xbd3b4117, 0xa9c9b8a8, 0x62b7f9e0,
            0xad615313, 0x846c8954, 0x8359f5e8, 0xc24ece67, 0xaefcc414, 0x2ebbdf1a, 0x0f248d00, 0x203d5568,
            0x77647ecc, 0x6b040f2e, 0x86d060c0, 0xe4e4e0c1, 0x97ab0c57, 0xfa3878b7, 0x0d986494, 0x6d100d01,
            0x2d26481d, 0xa3e7d961, 0x042b925a, 0xf8849123, 0x39d4b1a2, 0xddb32882, 0x38f5cf31, 0x3a4926a5,
            0x2281bcfc, 0xf13767ed, 0x909e70eb, 0x600b1074, 0xb6345e4d, 0xbea6d610, 0xa15b30f5, 0x031eeee6,
            0x89779421, 0x7d4a1f05, 0x211c2bfb, 0x9f39840a, 0x4c8f5f1b, 0x4328abfa, 0x1471805e, 0xd521a0df,
            0x587da6a4, 0xe3d19c7d, 0x661f125b, 0x3067476c, 0x8ddf7f9a, 0x3fc0b38d, 0xe2f0e2ee, 0x7b5e1d2a,
            0x1f7e9f04, 0x5cd54d1f, 0x4bba23a7, 0x9ca4130d, 0x6c317392, 0x57da5245, 0xb29cb5f6, 0x2f9aa189,
            0x9222997f, 0x73cc9577, 0x4209d569, 0xc6e625dc, 0x4a9b5d34, 0x441dd746, 0x34cfacd7, 0xac402d80,
            0x1bd674bf, 0x5447c542, 0x72edebe4, 0x5253c76d, 0x5df4338c, 0x70510270, 0x12658271, 0xb488b7d9,
            0x2b324a32, 0x050aecc9, 0x7ed78802, 0x270829d4, 0x16cd69ca, 0x9517e5c3, 0x1af70a2c, 0x07b6055d,
            0x595cd837, 0xefebff9b, 0x8cfe0109, 0x9ab01122, 0xe04c0b7a, 0xe6580955, 0xfc2c7a98, 0x80c462ef,
            0x9b916fb1, 0x26295747, 0xb3bdcb65, 0x6582855c, 0x8856eab2, 0x81e51c7c, 0xfb190624, 0xb10122f1,
            0x5be031a3, 0x2495bed3, 0x0aad1828, 0xd1894b64, 0x17ec1759, 0x64a3fbcf, 0x5f48da18, 0xd335a2f0
        },
        {
            0x17c987e3, 0x0d90222c, 0x9ab5fff5, 0x8e018ed7, 0xb7eff9e9, 0xb348b920, 0x78cc16ba, 0x05f29aa1,
            0x4585214d, 0xf7984205, 0xbc5f1ed8, 0x246d64f9, 0x2b7ac301, 0x6c786798, 0x5a81b75e, 0xe78b73ee,
            0x3c1ced9f, 0x9dc0e080, 0x5c0edb3e, 0x559610a6, 0x636fc060, 0x1146eb83, 0xbda56dcd, 0xd8ea68b0,
            0xddb75b6c, 0x9b4f8ce0, 0x75f39deb, 0xb6158afc, 0x2e27f0dd, 0x093762e5, 0x7e437ada, 0x4c1dead5,
            0x92d74778, 0x7d912566, 0x910518c4, 0x6d82148d, 0xb2b2ca35, 0xd35a8f81, 0x5e26f797, 0x888ee2b7,
            0xf1172e65, 0x08cd11f0, 0xd9101ba5, 0x38bbad56, 0xa5d4e4ab, 0x1294b43f, 0x80ec5a3a, 0xa8eb6ffa,
            0xfdd2d621, 0x95a2580d, 0x5fdc8482, 0x989dd35c, 0x32f13972, 0x641adf15, 0x8c29a27e, 0xec3b94df,
            0x9967a049, 0xb8f85e11, 0x3b69f2ea, 0x347e5512, 0xcad175f2, 0xcda46a87, 0x967007b1, 0xedc1e7ca,
            0x3e34c136, 0x8aa6ce1e, 0x259717ec, 0xfaa7c954, 0x6faa3824, 0x26454850, 0xeb4e8baa, 0x2fdd83c8,
            0xb09ae69c, 0x21305725, 0x365679bb, 0x6295b375, 0xf88fe5fd, 0x2952efa8, 0x4de799c0, 0x15e1ab4a,
            0xa7fcc802, 0x41226184, 0x7ae43a13, 0xa2a1fbde, 0x20ca2430, 0x56444f1a, 0x330b4a67, 0x1fab3f6e,
            0x7fb909cf, 0xbe773271, 0xb1609589, 0x8dd3d16b, 0xd607bc5d, 0x65e0ac00, 0x4a9286b5, 0x22e20899,
            0x57be3c0f, 0xdac24419, 0xf2c571d9, 0x8b5cbd0b, 0x312366ce, 0x1af60cb2, 0x6b0d78ed, 0x68df2751,
            0x07dab608, 0x52e30fd3, 0xc7eefea3, 0x2a80b014, 0x6632f3bc, 0xf5b06eac, 0xe1041f8e, 0x46577ef1,
            0x141bd85f, 0x793665af, 0xe2d64032, 0x48baaa1c, 0x7c6b5673, 0x0b1f4e4c, 0x1633f4f6, 0xd42f90f4,
            0x85b169e6, 0x27bf3b45, 0xac4c2f33, 0x5df4a82b, 0xbad072b8, 0x844b1af3, 0xb43da655, 0x1c7960d2,
            0xc349be6a, 0xf44a1db9, 0xab393046, 0xc16192c3, 0xdf9f77c5, 0xcc5e1992, 0x737cf18b, 0x8799454f,
            0x3de69e8a, 0x53197cc6, 0x58a99bf7, 0x447f5258, 0x6147ecc9, 0x897491a2, 0xee13b876, 0xefe9cb63,
            0x82c47693, 0x028785d4, 0x30d915db, 0x69255444, 0x94582b18, 0x00afa97d, 0x0ae53d59, 0xe0fe6c9b,
            0xe4592c52, 0xd2a0fc94, 0x50cb237a, 0xe5a35f47, 0xe966a703, 0x6e504b31, 0xa9111cef, 0x9c3a9395,
            0x8ffbfdc2, 0x0c6a5139, 0x4e35c67c, 0x3a9381ff, 0x1e514c7b, 0x18de201b, 0xce76353b, 0xde6504d0,
            0x42f03e38, 0x7b1e4906, 0xe32c3327, 0xe67100fb, 0xfb5dba41, 0xf33f02cc, 0xc09be1d6, 0x978a74a4,
            0x1924530e, 0x6af70bf8, 0xa42e97be, 0xdb38370c, 0x37ac0aae, 0xa089d777, 0xae64039a, 0xc2b3cd7f,
            0xd7fdcf48, 0x5b7bc44b, 0x136ec72a, 0xaf9e708f, 0x10bc9896, 0xf97596e8, 0x0155da68, 0x2c0fdc74,
            0xf0ed5d70, 0xc8f9595b, 0x7154dd22, 0xeab4f8bf, 0x4b68f5a0, 0x9fe8cc29, 0x7621c257, 0x28a89cbd,
            0xc6148db6, 0xadb65c26, 0x2df5af61, 0x23187b8c, 0x4940d909, 0xd5d5e3e1, 0x4fcfb569, 0xfe00899d,
            0x8663365a, 0x1b0c7fa7, 0x3fceb223, 0xbb2a01ad, 0x546c63b3, 0x0e427d90, 0xe89cd416, 0xfffafa88,
            0xc9032a4e, 0x5953e8e2, 0x67c880a9, 0x833e0586, 0xfc28a534, 0x037df6c1, 0xa35b88cb, 0xc43ca11f,
            0xcb2b06e7, 0x35842607, 0x60bd9fdc, 0xd088d03d, 0x1d8313c7, 0xa606bb17, 0x0fb80e85, 0x47ad0de4,
            0xa173a462, 0x7286829e, 0x430a4d2d, 0x5131506f, 0x0408e9b4, 0x3941de43, 0x70aeae37, 0x40d81291,
            0xd172a328, 0xdc4d2879, 0xcf8c462e, 0x90ff6bd1, 0x9e12bf3c, 0x8116292f, 0x77dbb142, 0xbf8d4164,
            0x0620c51d, 0xf6623110, 0xb9022d04, 0x7409eefe, 0xb5c7d540, 0x932d346d, 0xaac34353, 0xc5c6d20a
        },
        {
            0x172a8d2b, 0x88d4e815, 0x9b0f135e, 0x7316c29d, 0xa7a93067, 0x5ea0b9f1, 0xbaa1c898, 0x6bf2c613,
            0xd9bad841, 0x03d6290f, 0x0fce89a5, 0xd3fcbb6a, 0x7f0e6237, 0x7dc5c129, 0x94a58c04, 0x4fb0e1a4,
            0x2dd26d93, 0xc2ece33f, 0x9c284c31, 0xfadfa099, 0xc4b220be, 0x5d128601, 0xb86a6b86, 0xd2852784,
            0xef5a9853, 0x99c4b040, 0xfba63c77, 0x89ad74fb, 0x9ee3ef2f, 0x401a7efe, 0xd04e849a, 0x283e91e2,
            0x966e2f1a, 0x29470d0c, 0x0d052abb, 0x84cc48bf, 0xa1f7f3e6, 0x0a2275d4, 0x8e8a2b94, 0xb19e375d,
            0x62069ac8, 0x3368aa9c, 0x2f19ce8d, 0x37fdca03, 0x19f98e9f, 0x0c7cb655, 0xca61230a, 0x7783a202,
            0xa41b0f97, 0x23016e27, 0xb6b96832, 0x1a4bb16f, 0xc7001f4e, 0xa97a33d3, 0xc67983a0, 0x13bfedb4,
            0xd4dbe405, 0x1b322d81, 0x60cd39d6, 0x4644bd7f, 0x368456ed, 0x3cc235c6, 0x21cacd39, 0x448f1e61,
            0x4897becb, 0x5fd9251f, 0x74319df2, 0x18801271, 0x5b4c4580, 0xeab66422, 0xb22c08ad, 0x100dd244,
            0xe1899be7, 0x7950a1b6, 0x12c6715a, 0x09904a24, 0x6939650d, 0x67ea66b9, 0x9382d36b, 0x6cd5997c,
            0x43a8410e, 0xcd467c65, 0x1fa74d1e, 0xe4656796, 0x0eb7154b, 0xaac80c23, 0x5c6b1aef, 0x27940eb8,
            0x8ff3b77a, 0x8c41888a, 0xbbd85476, 0x9a768fb0, 0xdc562430, 0x15e12e35, 0x8607eba1, 0x165311c5,
            0x71dd6183, 0xe23ba417, 0x6a8b5afd, 0xc5cbbc50, 0x1d6cee00, 0x4ec97d4a, 0xa803af3d, 0x255fada6,
            0x6521c5a7, 0xde9d872e, 0x7cbc5dc7, 0x3e0996d8, 0x2278f2c9, 0xf25260ac, 0x83eb17d0, 0xfe4ac006,
            0xc9d31cfa, 0x20b351d7, 0x1eded1f0, 0xe9045bd2, 0x3f700a36, 0x26ed9256, 0xa5629379, 0x9f9a73c1,
            0xc3957fd1, 0xdfe41bc0, 0x64585949, 0x70a4fd6d, 0xac96cfa2, 0xed913b4d, 0x063ad57e, 0x07434990,
            0x9d51d0df, 0x6dac0592, 0xf7be9cdd, 0x04f17660, 0xadef534c, 0xe6aec488, 0xe51cfb78, 0x5073ba45,
            0x9030ec9b, 0xece8a7a3, 0xc15edccf, 0x011d8a11, 0x4c02de54, 0xf8140387, 0x91497075, 0x32113672,
            0x2e605263, 0x9717b3f4, 0x76fa3eec, 0x08e9d6ca, 0xabb190cd, 0xbd8697f7, 0x877e774f, 0xa245cc16,
            0xb50b57c2, 0x30da956c, 0x510a26ab, 0x559f4634, 0xe7d75866, 0x5987e69e, 0xee2304bd, 0xdb717b5f,
            0x8d381464, 0xbf4d34e9, 0x31a30982, 0x11744eaa, 0xf5753fc3, 0x58fe7a70, 0xe0f00709, 0x2b8cae12,
            0x45f6828f, 0xb0e7abb3, 0x6840f9e3, 0x4163e210, 0x42d1dde0, 0x8120b4ce, 0x24263148, 0xcef44395,
            0x6f67a68c, 0x392ec9b7, 0x38575559, 0x2af532fc, 0x7ae29e46, 0xf099c3b2, 0x98bd2cae, 0xd610471b,
            0x52b8195b, 0xf32bfc42, 0x1498b2db, 0xd8c344af, 0xc0274021, 0xfc816318, 0x02afb5e1, 0x0588ea8e,
            0xaf24f052, 0x49ee2225, 0xe34238f9, 0xb7c0f4dc, 0x5754e52a, 0x344ff5f3, 0xb913f768, 0x5a35d96e,
            0x6693fa57, 0x4d7b42ba, 0xf1e05f5c, 0xae5d6cbc, 0xc8aa8014, 0xd769dbf5, 0x3a9cf647, 0x0b5be93a,
            0xbe34a807, 0xd1371874, 0x3dbba928, 0x473d2191, 0xda08e7b1, 0xcb18bfe4, 0x53c185b5, 0xf6c70033,
            0xcc3fe08b, 0x92fb4f85, 0xa33c50f8, 0xebcff8cc, 0x78293d58, 0x3be56aa9, 0xa6d0ac89, 0x8b66d7e5,
            0x1c1572ee, 0xa08e6f08, 0xdd2fb8de, 0x7b9b02a8, 0x3536691d, 0xe87dc73c, 0x6e1e3a62, 0xbcff0b19,
            0x54e6dada, 0x7e77fed9, 0xb3559443, 0xf96d9f69, 0x80592820, 0xff335ce8, 0xd5a278eb, 0x562d79c4,
            0xf40ca32d, 0x95dc10ea, 0x82928b3e, 0x006416ff, 0x637f0626, 0xfdf8fff6, 0x726f5e73, 0x61b4a538,
            0x4a5c1dd5, 0xb472cb2c, 0x7548011c, 0x8a1f4b0b, 0x85b5d451, 0x2cabf17d, 0xcf8ddf7b, 0x4b25813b
        },
        {
            0x7d4841b0, 0xabd1f002, 0x07a69054, 0x29573b2b, 0xbfd6da3e, 0x621e7733, 0x018f579f, 0xbba86acb,
            0xae1bbf57, 0xdc47fa92, 0xe552f34f, 0xc2a533b1, 0xb84be255, 0xdbdac2f9, 0x9deb5595, 0x05f1e76a,
            0x520d156f, 0x445d486d, 0x80ea1428, 0x91277141, 0xea7d5f05, 0x33cb42fd, 0x55902d04, 0xf0e126d3,
            0xefb71050, 0xa832789c, 0x7267edfa, 0x18f0a6d7, 0x3d501117, 0xfc2d0207, 0x121545c8, 0x41970738,
            0x71846564, 0xf9e74d52, 0xd4f56eb3, 0xd2dca978, 0xd8394a67, 0xf302ae4d, 0xdfa4720c, 0x61fdffad,
            0x9559c1b4, 0xfd99fda7, 0x35e28536, 0xb2ae014a, 0x3eb39989, 0x6660c7c6, 0xd98db5c7, 0x2c9d747e,
            0xbc3552a0, 0x4cefdc4c, 0x63aa8893, 0x51ee9df1, 0xda6e3d59, 0x2eca0340, 0xb487c681, 0x104232f6,
            0xb31afeea, 0xd5419113, 0x1ed9611c, 0x5b0b7eee, 0xc840d0ae, 0x58e8f670, 0x392ea1e2, 0xd13f21e6,
            0xc0f2448f, 0xcba35830, 0xb0f97674, 0x9c5faa35, 0x4eb8ab72, 0x22062794, 0x3ce4eeb7, 0x67d43866,
            0xa3636423, 0x815eeb88, 0x6ed253e7, 0x595c09d0, 0x43c07006, 0x7936f145, 0xc311cc11, 0x9fbc22ab,
            0xca17a790, 0x57c75a3a, 0xc6db8344, 0x4f0c54d2, 0x6049000d, 0x89ec7fa9, 0x6aace312, 0x17df0a9d,
            0x6c8524d9, 0x65834f58, 0xe7058471, 0x5f75ce1b, 0x75fad591, 0x36010da8, 0x044518ca, 0x7ad579db,
            0x6f66ac47, 0x9e08dd0b, 0x093dc3be, 0xb9ff1df5, 0x78820ee5, 0x3acd297c, 0xc48cf47a, 0x026cdf01,
            0x8c2630fc, 0xec5498ce, 0xb5333921, 0x26789761, 0x5424d2a4, 0xb6d0b1bf, 0x94ed3e14, 0xfbb03a6c,
            0x15887da3, 0xe2cfcb24, 0x4ac61b87, 0xe12c43ba, 0x28e3c48b, 0x2ab4b3b5, 0x27cc68c1, 0xbd81ad00,
            0xb14d89d4, 0xa4fe5c48, 0x7f1f368e, 0xfa04c5cc, 0x37b5f208, 0x5c964685, 0x6b181cb2, 0xe098bc1a,
            0xcc3e605b, 0x92c4f9df, 0x0ade4b20, 0x7b61867b, 0x3b79d6dc, 0x6d31db79, 0xa2d79b83, 0x242fe05f,
            0x460a3f53, 0xddf30532, 0x143c8203, 0xebc9a0a5, 0x9a766dfe, 0xde108dac, 0x389a5e42, 0xc146bb2f,
            0x8bbb0897, 0xf2b651ed, 0xb7644e1f, 0xee03eff0, 0x5abf814e, 0x73d3125a, 0xc5380bda, 0x85205b7d,
            0x49259319, 0x6437b0f8, 0x9995e560, 0x003ba83f, 0x0cf78ceb, 0xa134131d, 0x1aa7d1e9, 0xa71dd4d6,
            0xe4e60cef, 0x9370067f, 0x98211ac0, 0xbe62259e, 0xf52b6986, 0x11f6cd56, 0x88588009, 0x53b9eacf,
            0xaa650fa2, 0xe37b3484, 0xfe7a7539, 0x82bd6316, 0x8a0ff737, 0xa54aa3e8, 0x76195d0f, 0xf853b2f2,
            0x0ea0fbd5, 0x42748fa6, 0x4023f898, 0x8e7147c2, 0x3028ca63, 0x5d22b925, 0xd36856d8, 0xf77c1eb8,
            0x0f140475, 0x259b1fff, 0x87772c43, 0x34567a96, 0x06126ff4, 0x03d820a1, 0xe99ed79b, 0x96ba492a,
            0x8d92cf5c, 0x48916cb9, 0xafaf40f7, 0xcd8a9ffb, 0x4d5b23ec, 0xf155d973, 0x205150aa, 0x77ada2af,
            0x7eabc92e, 0x0b6ab480, 0xd6a2198d, 0xd716e62d, 0xe82a283b, 0xffce8a99, 0x9bc2925e, 0x0d43734b,
            0x3f076629, 0x2d298bde, 0x319c35c3, 0x19445977, 0x694f6b8c, 0xa6a92b76, 0xd08bde46, 0x7cfcbe10,
            0x8fc5b862, 0x1d3ae982, 0xede0676e, 0x970eb68a, 0x21e5af0a, 0xce691765, 0xc9f42f0e, 0xadf837c9,
            0xa080ecbd, 0x166bf53d, 0xf6c8e118, 0x327fbd5d, 0x5ec131bb, 0x47bec0f3, 0x4b72e427, 0x70309ac4,
            0xa986873c, 0x2b004c15, 0x1c8e1622, 0x1b132e49, 0x86c3d3e3, 0x5673a59a, 0x2f7efce0, 0xba1c956b,
            0xcfdde8c5, 0x45e9b7cd, 0x744e2a31, 0x1f6d9ebc, 0xf49f9626, 0x8494a4dd, 0x68fb942c, 0x505a6251,
            0x90938ee1, 0x83099cb6, 0x08893c1e, 0x13a1ba68, 0xac4cc869, 0x23b2d834, 0xc76f7ce4, 0xe6b17bd1
        },
        {
            0x65ab06cf, 0x835bd655, 0xe0e0c7ce, 0x48eb1f0d, 0x2b500e96, 0x22823e32, 0x6ecd5ecc, 0x47493fbb,
            0x6a092679, 0x2adec900, 0xeb869fcd, 0x1b7a935d, 0x31c45d1b, 0xca5e0988, 0x901db57c, 0xdee6bd25,
            0x035aa877, 0x337035bc, 0x919372ea, 0x04a47ff3, 0x12a8a3f9, 0xe5aa78ed, 0x0b065f45, 0x50cb2427,
            0x9c853afb, 0xa7c9ff33, 0x3fe8ba3b, 0x1d0a834f, 0xb48f9c1a, 0x1fbeebe8, 0xef42e778, 0x17e21cda,
            0x40b7e83f, 0x166cdb4c, 0x20365695, 0x14d8b3eb, 0xa9e51813, 0x0d764f57, 0x966da56e, 0x794f4550,
            0xcc2e199a, 0x27c88111, 0x9d0bfd6d, 0xd7348d81, 0x616f7e7a, 0xcda0de0c, 0xfc048451, 0x7a75ea61,
            0x84a501d1, 0x6df7f1fd, 0x97e362f8, 0x53f18b16, 0x4a5f77aa, 0x42038098, 0x09b237e2, 0xec784849,
            0xae1bcf97, 0xbcd36b28, 0xb5015b8c, 0x24f22e20, 0xf6ec1bc4, 0xce9a713d, 0xf2286371, 0x3aa20518,
            0xfd8a43c7, 0x1556747d, 0x5bad7c24, 0x76ed65e6, 0xedf68fdf, 0x5f690491, 0xbfe9c419, 0x0a8898d3,
            0x709d75f4, 0xe71e104a, 0xf94e3b72, 0x348ee238, 0xf3a6a4e7, 0x230cf9a4, 0xbd5dacbe, 0x8fc359d2,
            0xe254af69, 0x9af52ae9, 0x350025ae, 0xd6ba4a17, 0xd3f0f534, 0x4965d89b, 0x5ee7c307, 0xf762dc52,
            0x3d5cd29c, 0x7bfb2df7, 0x38166dbf, 0x5897d315, 0x1e302c7e, 0xc138518b, 0xfeb0ecf6, 0xab5170b4,
            0x363a8a9f, 0x7d8b3de5, 0x5a23bbb2, 0x879faee0, 0x93271a4d, 0x8a89e6f1, 0x6c79366b, 0x052ab865,
            0xc38c392c, 0x304a9a8d, 0x29e46631, 0xb7b5332b, 0x82d511c3, 0xcbd0ce1e, 0x8e4d9e44, 0x2caed912,
            0x8cf9f6e3, 0xad2160a6, 0xa1b9ef21, 0xe690d7dc, 0x78c182c6, 0x26464687, 0x257ce9b6, 0xd40e22b0,
            0x9b7bed7f, 0x99cf85d8, 0x72291d53, 0x0cf888c1, 0x7c05fa73, 0x2e1ab1b5, 0x7f3f5542, 0xa57d9794,
            0x68bd4ede, 0xc7484199, 0xa86bdf85, 0xd1449d93, 0x438d470e, 0x19cefbfa, 0x671f6e68, 0x3e667dad,
            0x45fd571c, 0x8b072167, 0x73a7dac5, 0xc964a6b9, 0xd9186aa1, 0xbe67038f, 0x02d46fe1, 0x01eec0d0,
            0x9841424e, 0xc0b6961d, 0xcf14b6ab, 0x1c8444d9, 0xdddc1214, 0x92a9dddb, 0xe932f76a, 0x74590d41,
            0x75d7cad7, 0xb63bf4bd, 0xeecc20ee, 0xb1c52339, 0xf8c0fce4, 0xaf950801, 0x80617964, 0xe8bc30fc,
            0xc202feba, 0x37b44d09, 0x69338948, 0xff3e2b60, 0xd896ad37, 0x6b87e1ef, 0x4e9b0f1f, 0xc472eea8,
            0xacafa730, 0x0fc227f0, 0x0e4ce066, 0xdf687ab3, 0xaadfb722, 0x21b89103, 0x11920cc8, 0x3998aa29,
            0x00600746, 0x89b349c0, 0xd580e526, 0x46c7f82d, 0x1326646f, 0xa4f35002, 0xa2834010, 0xb3714b9e,
            0xdc52d582, 0x5c53aba0, 0x32fef22a, 0x083cf074, 0xb04be4af, 0x3cd2150a, 0x540f5c92, 0x883d8e56,
            0x079ed0c2, 0x7113b262, 0x5ddd6c36, 0xfbfa53d5, 0x6425c159, 0xbaa37b3a, 0xf5d6b4f5, 0x81efbef2,
            0x6691a9fe, 0x1af454cb, 0xe424bf7b, 0x852bc647, 0x5145e3b1, 0x56bb3435, 0xc6c6860f, 0xc8ea612f,
            0x94d9cdc9, 0x2f947623, 0x55819b04, 0xe3da68ff, 0xd27e32a2, 0x4da1a02e, 0x6f43995a, 0x527f4c80,
            0xc5fc293e, 0xb817139d, 0x6255d14b, 0xf09c0bd6, 0x2d201e84, 0x18403c6c, 0xf4587363, 0x06101754,
            0x4bd1b03c, 0x286aa1a7, 0x7763a270, 0x59191483, 0xb999d40b, 0x86116976, 0x4f15c889, 0x4473908a,
            0xea08585b, 0x9fbf95ca, 0x7eb192d4, 0x95570a5f, 0x9e31525c, 0x101ccb5e, 0xda22c590, 0x41392fa9,
            0xb2ff8c08, 0x4c2f67b8, 0xbb2dbcac, 0xa30d8786, 0xdbac0206, 0xa03728b7, 0xe16e0058, 0x63db16dd,
            0x5735f3a3, 0x60e1b9ec, 0xa64738a5, 0xfa749443, 0x8d773175, 0xd0ca5a05, 0xf112cc40, 0x3b2cc28e
        },
        {
            0x45455440, 0x55388772, 0x22cbe75c, 0x6499bc0f, 0x7cfd0469, 0x26c9f788, 0xaecc2acb, 0xb1627cd4,
            0x3313158a, 0xcf2d564a, 0xaca1f582, 0xe93b507c, 0x71435e0d, 0xfce1b27e, 0x86ac8834, 0x609bacdb,
            0x24a428c1, 0x2ad28c08, 0x613e8d3f, 0xb97b1780, 0x1ad69691, 0xf4f8d92a, 0x6b4a3922, 0xfd44939a,
            0x63535276, 0x70e67fe9, 0xa906c4b2, 0x1cb9590c, 0xc94299d7, 0x7e90db20, 0x3b0a7ede, 0x96d15b06,
            0x12cffdc5, 0x1b73b775, 0xd93f4ae5, 0x1768ccf5, 0xb5606c00, 0x7689b074, 0x38c28073, 0x34d9fbf3,
            0xf6950663, 0x62f67392, 0xa11fafe6, 0xa2d7514b, 0xe4850a18, 0x9ec83052, 0xf15fe81a, 0x8f10c284,
            0x66f46346, 0x150513bc, 0xbab3e92d, 0xd0830055, 0x7b37ea10, 0x8166664d, 0x48fb0e24, 0x4cf91ef0,
            0x5886dd16, 0xcd408903, 0x8b12d250, 0xbd790754, 0x30dbeb27, 0x10a2228c, 0x0b0e6447, 0x509fb642,
            0x2cbd4395, 0x911bb57f, 0x4d5c3f14, 0x97747ae2, 0xd34bfef8, 0x3967a197, 0x6f4829f6, 0x32b6346e,
            0x0cc48a3e, 0x2f75bd38, 0x78ff14bd, 0x136adc21, 0x4f31e05d, 0x772c9190, 0x9aca2086, 0xbeb1f9f9,
            0x9b6f0162, 0xdf508578, 0xc7343d1e, 0x07151fc7, 0xaf690b2f, 0x47288b09, 0x3aaf5f3a, 0x5c84cdc2,
            0x9d00ceff, 0x6d25f6bf, 0x3d65b143, 0x94bc844f, 0xbb16c8c9, 0xa770607b, 0x830bb904, 0x2b77adec,
            0x6aef18c6, 0xec9c614c, 0x317ecac3, 0x18bb49d8, 0x85647699, 0xfa8e7de3, 0xed3940a8, 0x14a03258,
            0x6927e66b, 0x84c1577d, 0x02b22ef7, 0xce8877ae, 0x1d1c78e8, 0x7d58258d, 0x92d34bd2, 0xfb2b5c07,
            0x8709a9d0, 0x0ea95577, 0x06b03e23, 0xf3323753, 0x3711055e, 0x535748ef, 0x41474494, 0x8eb5e360,
            0x80c347a9, 0x9519a5ab, 0xc8e7b833, 0xdc987bd5, 0x5755583b, 0x04dde16a, 0x0963bb0e, 0xc3362dca,
            0xb30fa39d, 0xca8a677a, 0x0d61abda, 0x8cd83c29, 0x495e2fc0, 0xf55df8ce, 0xdd3d5a31, 0xa0ba8e02,
            0xad04d466, 0xc0fed367, 0x2ed09cdc, 0x0f0c7493, 0x56f079df, 0xeef1be05, 0x4a96d16d, 0x428fba39,
            0x210319f1, 0xff294cd3, 0xc559e257, 0x40e26570, 0x191e683c, 0xaace3a1f, 0x2d186271, 0xb70db349,
            0x9ca5ef1b, 0x93766a36, 0xf946834e, 0x3cc090a7, 0x728ba0a0, 0xe5202bfc, 0xcb2f469e, 0x6eed0812,
            0x5ee9128b, 0x08c69aea, 0xdb5295ac, 0x1f71a7a1, 0xe6e8d551, 0xd12621b1, 0xe34fe461, 0xd6eccfc8,
            0x653c9deb, 0xb8de3664, 0x732e8144, 0x90be949b, 0xe89e7198, 0x75414ed9, 0xc2930c2e, 0xc4fcc3b3,
            0x25010925, 0x16cded11, 0x5b4e23bb, 0xb2aa8279, 0x5f4c336f, 0xa4b89ed6, 0x9902de2b, 0xfe8c6d37,
            0x432a9bdd, 0x44e075a4, 0xeaf3aed1, 0xab6b1bfb, 0xdef5a49c, 0xbcdc26b0, 0x8ab7f3b4, 0x357cda17,
            0x0aab45a3, 0xb0c75d30, 0xbf14d81d, 0x20a63815, 0xa37270af, 0x98a7ffcf, 0x7a92cbf4, 0xeb568f35,
            0x88da2cfd, 0xa51dbf32, 0xe1223b28, 0x4e94c1b9, 0xb4c54de4, 0x0578c08e, 0x549da696, 0xef549fe1,
            0x52f2690b, 0xd89a6b01, 0x675142a2, 0x795a3559, 0x6882c78f, 0x5aeb025f, 0x513a97a6, 0xe2eac585,
            0xd2eedf1c, 0x03170f13, 0xcce5a8e7, 0xf0fac9fe, 0xc6911cfa, 0x017ad05a, 0x8d7d1dcd, 0xd5243165,
            0x11070368, 0xa8a3e556, 0xe74df4b5, 0x897f0d19, 0x7f35fac4, 0xf7302787, 0x291a72a5, 0x3f086e0a,
            0x5d21ec26, 0xc15bf283, 0x82ae98e0, 0x5923fcf2, 0x74e46f3d, 0xb6a892ad, 0x468daaed, 0x36b424ba,
            0xf29716b7, 0x276cd66c, 0x1ed48645, 0x236ec6b8, 0x28bf5341, 0xf8e3a2aa, 0x9f6d11b6, 0xd749ee2c,
            0xd4811081, 0x00dff1be, 0xe0871acc, 0xdaf7b448, 0x4b33f089, 0x6c80d75b, 0xa6d5419f, 0x3ead4fee
        },
        {
            0x6b12b614, 0x0d7f3f7e, 0xbe182398, 0x4146d645, 0x358eed48, 0x6669245e, 0x802e92cb, 0xeb3889eb,
            0xeacd0c08, 0x14667c36, 0x12a11f53, 0xb92ac51e, 0x4e76906c, 0x51a8b041, 0x68ace794, 0x2c97ae00,
            0x0a4dd9f8, 0xda3e7e91, 0xb61a8337, 0x6e6b84f1, 0x06c3ce51, 0xe171fd27, 0x5d26a7e8, 0x9937d183,
            0x0f34eb1d, 0xa83126f9, 0xf06a1ec0, 0x7e85e2f5, 0x5a14416e, 0xab8f7779, 0x74cc9639, 0x81db1728,
            0x62e59358, 0x13549ab0, 0x32bc0bce, 0xce5caf93, 0x4f83158f, 0x60ae473b, 0x3630bcc8, 0x569a56c7,
            0x42f887c5, 0x7040213f, 0x48b1f309, 0x191dee7c, 0xa2785235, 0x3abeab61, 0xa6f4e533, 0x55240747,
            0x3fc79984, 0x6422f03d, 0xe08478c4, 0xe886d86b, 0xd3c95bdd, 0x18e86b9f, 0x7f706716, 0xf3d44f40,
            0x505d35a2, 0xd0770a5d, 0x31025a4e, 0xb7ef06d4, 0xf19f9b23, 0xe2cfaca7, 0x347b68ab, 0xb12865b1,
            0xc16ce9ba, 0x5f6d738b, 0xd4fbbd5b, 0xc0996c59, 0x494476ea, 0x1b563a1f, 0x467430c3, 0x23a7e829,
            0xfce40969, 0x871c744d, 0xbc53f7fb, 0x3e321c67, 0x08060d9b, 0xe9735d88, 0xbb61117d, 0xf99d3b8c,
            0x2edc7a63, 0xfbd6efef, 0xedffea8e, 0x057d9fd1, 0xd745ecdb, 0x2d622be3, 0xb4515754, 0x826546a8,
            0xd9802f11, 0xaa7af29a, 0xe7b69e42, 0x5e98f668, 0x753913da, 0x73fe70bf, 0xba94949e, 0xf5132c25,
            0x71b5a4dc, 0xb8df40fd, 0x45ca6143, 0x631016bb, 0x04881a32, 0x6dd5d571, 0x9ff0b2e6, 0x4c3d440f,
            0xfd118c8a, 0xc5e05ebc, 0xdd0c9817, 0xf4e6a9c6, 0x928b20ac, 0xc89bccf6, 0x944c43c9, 0xa0338656,
            0x89d9b787, 0xd50e38b8, 0x3900fae1, 0x937ea54f, 0x6f9e0112, 0xbda67218, 0x2ba54886, 0x281b1906,
            0xcde2fe13, 0x95b9c62a, 0xdeb2c997, 0x3d8c4de7, 0xd875aaf2, 0xe408cfc2, 0x1e2f08fa, 0xc7ab8adf,
            0xfa236a0c, 0xcb259d76, 0x4dc8c1ec, 0xdcf91df4, 0xa1c603b5, 0x8557a02e, 0x1fda8d19, 0xacbd91ff,
            0x576fd324, 0x2019b9a9, 0x03bafcb4, 0x53e36422, 0xcad01895, 0x4781b520, 0xee41bb0e, 0x78428190,
            0x0c8aba9d, 0xc2d2b83a, 0x37c5392b, 0x69596277, 0xa4bf3150, 0xaf03c07f, 0xe33a2944, 0x679ca1bd,
            0xbfeda67b, 0x720bf55c, 0x07364bb2, 0x8f1ed4e2, 0x21ec3c4a, 0x111f4ed3, 0xcc177bf0, 0x9135712c,
            0x10eacb30, 0x0ec16efe, 0x4afa276a, 0x26dedacc, 0x24950eaf, 0x6ae733f7, 0xc415db5f, 0xb0dde052,
            0x9a898003, 0x86e9f1ae, 0xe5fd4a21, 0x17d82db6, 0xa38dd7d6, 0x960797aa, 0xec0a6f6d, 0x30f7dfad,
            0xcfa92a70, 0x1593f9d5, 0x443fe4a0, 0x65d775de, 0xb2963431, 0xa70160d0, 0xad48141c, 0x1aa3bffc,
            0x7d3bb375, 0x79b70473, 0xf868be6f, 0x615bc2d8, 0x882c3264, 0x29ee9ce5, 0xd1828fbe, 0x7cce3696,
            0x5be1c48d, 0x9b7c05e0, 0xb363b1d2, 0x59aa10ee, 0xdbcbfb72, 0xaef6459c, 0x5216e1c1, 0x38f57f02,
            0x98c25460, 0x9dbb6685, 0x8a67e607, 0x3c79c804, 0x3b4b2e82, 0x162da855, 0xf221caa3, 0x25608b4c,
            0x8eeb5101, 0xfeafdd0a, 0x2a50cd65, 0x6c205092, 0x8ca08562, 0xefb43eed, 0x84a225cd, 0xc3273dd9,
            0xf6ad7da5, 0x97f21249, 0x90c0f4cf, 0xb5a4d2b7, 0x8d550081, 0xdf474c74, 0x8390c34b, 0xa9c4a31a,
            0x585f950d, 0x7bfcd010, 0x2f29ff80, 0x7a0955f3, 0x8b9263e4, 0x33498e2d, 0xf758f846, 0xc96e4915,
            0x0004ad34, 0x7687425a, 0x09f38878, 0xa54ab4b3, 0x4b0fa289, 0xff5a58e9, 0xd23cde3e, 0x40b353a6,
            0x9c4ee366, 0x1d91597a, 0x9e053705, 0xd6b06938, 0x22526dca, 0x5cd3220b, 0x54d182a4, 0x0bb85c1b,
            0x024f7957, 0xe6431ba1, 0x272b5f2f, 0x430d0226, 0xc65e0f3c, 0x7772c7b9, 0x01f128d7, 0x1c64dc99
        },
        {
            0x9ba93e08, 0xf4c61e01, 0x65e12f3a, 0xb3f42842, 0x7729af60, 0x696880c2, 0x33ef620f, 0x7524831b,
            0xb81386c3, 0x1536f7c6, 0xc44df1c7, 0x009076e5, 0xa652a961, 0x0607a0cb, 0x45af6cdd, 0x9eca130a,
            0x2b399b83, 0x3808cc8e, 0x99a41273, 0x556ac0fc, 0xfcd54bac, 0x48df1472, 0xc2da27e9, 0x6e0681bb,
            0x040a8cb0, 0x59e36f04, 0xd4885de6, 0x42c16da4, 0xb20dff15, 0xbe8450ed, 0x0a8e0f33, 0xfd2c9cfb,
            0x03648dc9, 0x6fff56ec, 0x029d5a9e, 0xff21b080, 0x28cd60af, 0x5d799551, 0x87e53dd1, 0x9a50e95f,
            0x4ad23809, 0x8a95457e, 0x39f11bd9, 0xf3a81f78, 0x0c19d91d, 0x465b97f1, 0x5e8d6e7d, 0xe1609f22,
            0xa0c57f4f, 0x4926c325, 0x2649e32c, 0x3f66cdf7, 0x1055dac4, 0x16c20cea, 0xd801f21e, 0xdc9b084b,
            0xd5718ab1, 0x1d25a26b, 0x9f33c45d, 0x41359688, 0x8ff6687c, 0xae41fccc, 0x5767ec87, 0x0b77d864,
            0x76d07837, 0x94d46adc, 0x9243bcf2, 0xb1f90439, 0xb6970540, 0xb563fe6c, 0x1a4ba312, 0xab22d1ce,
            0x8961be52, 0xc5b42690, 0x5f74b92a, 0xd685719d, 0xc12edcc5, 0x7f3afacd, 0x581ab853, 0xa2c85334,
            0xda0cde65, 0xe0994875, 0x4e48c25c, 0x19bf583e, 0x7ec32d9a, 0xd012a7b3, 0xe294640e, 0xcfaa5f46,
            0x3775985a, 0x724a8262, 0x7a59d7cf, 0x232ace2e, 0xbc897c96, 0x569e3bd0, 0x2e5ab681, 0xf732e52d,
            0x96d946a7, 0xfbbb4ad5, 0x7cce01e1, 0x0169a1b2, 0x5c804206, 0xa7ab7e36, 0x549317ab, 0xec10e78d,
            0x1cdc753c, 0xe36db359, 0x904e9089, 0x05f35be7, 0x5bee437f, 0x7ba00098, 0x173bdbbd, 0x22d31979,
            0x628f2e43, 0x68915795, 0x368c4f0d, 0x8411c6fd, 0x4dbc3970, 0x0e14f566, 0x828610d3, 0xeb7ee6f4,
            0xb9ea5194, 0xd21f8bc8, 0xf9b666ae, 0xee1dcbf6, 0x861cea86, 0xb000d36e, 0x5204c185, 0x2dae4dad,
            0x53fd16d2, 0x13a121e8, 0x3a05e0f5, 0xe88a1dd8, 0xfa429d82, 0xbbe77def, 0xaadb0699, 0x4fb1150b,
            0xf05ce454, 0x3216b558, 0xde962430, 0xcac97244, 0x85e811aa, 0xdbf50932, 0xf84fb1f9, 0xd1eb70e4,
            0xd77ca6ca, 0x6a9c7bee, 0x6df27a97, 0x51f03aa9, 0x25bd1800, 0xea8731a3, 0x9cc73f71, 0xf251c82f,
            0x71be794e, 0x097af41f, 0x73b35535, 0x985dc524, 0xadb507e0, 0x18468f69, 0xe5fa6577, 0x4338baf3,
            0x5a179428, 0xede930da, 0xc0d70b92, 0x8e0fbf2b, 0x808b3ca8, 0x3c9236db, 0xa13ca818, 0x837fc784,
            0x7d37d6b6, 0x617bd56f, 0xbd70abc1, 0xbf7d87ba, 0x60820238, 0x7854fbb4, 0x93ba6ba5, 0xefe41ca1,
            0xa5a6524d, 0xac4cd0b7, 0xa8d62ae2, 0x91b747de, 0x31e24e74, 0x3e9f1aa0, 0xdf6ff367, 0x4456bb8a,
            0x6418f86d, 0xf53fc956, 0x5009edfe, 0x14cf2091, 0x6c0badc0, 0x79ad2ce3, 0x0de00e4a, 0xb49a293b,
            0xce538811, 0x4b2bef5e, 0x9d3ee826, 0xcb30a513, 0x6376f914, 0x47a240a6, 0x1258f6bf, 0x7047ae19,
            0x67ec0341, 0xe7f7490c, 0x07fe779c, 0x952dbd8b, 0xcda7733d, 0x34816376, 0x8c029350, 0xc640ddbc,
            0x2fa361d6, 0xa45f851a, 0xd9f82549, 0xe60e9e5b, 0x11ac0d93, 0x74dd544c, 0xdd62df1c, 0x1bb27445,
            0x20de3502, 0x8172ebff, 0x6615d416, 0x3578b421, 0x2127e255, 0xd3e65c9f, 0xafb82b9b, 0x3bfc37a2,
            0x88986905, 0xe973ca8f, 0xba1eaab8, 0x2ac04cd4, 0x4c45ee27, 0x1ed15947, 0xf1a53303, 0xcc5ea46a,
            0xb76ed217, 0xc7b90aeb, 0xf6cb327a, 0xa92ffdb5, 0x2444cf57, 0xa3318463, 0x0fed2231, 0x08832348,
            0xc8c45e3f, 0xc93d8968, 0x8dfb4407, 0x40cc41df, 0x301b9923, 0x3d6be18c, 0x8b6c9229, 0x2c579afa,
            0xe403b220, 0xc323f0be, 0x6b65acb9, 0x1f288e10, 0x2934b7f8, 0xfed867d7, 0x972091f0, 0x27b0347b
        }
    },
    {
        {
            0xddd617dd, 0x06fb3cb0, 0x04a86719, 0x63aa037d, 0x81bbeeba, 0x3a8459cb, 0x32b2be48, 0xcac38e7a,
            0x64bafb05, 0x48c0ffa1, 0xa5f70d9d, 0xde5c5f58, 0xef567e71, 0xfe8a0c82, 0x4b4ab724, 0x9234c7e0,
            0x3fc7fa1a, 0x0b8e78e2, 0xea15dda0, 0x446ca8df, 0x3d94a1b3, 0x9bdb334f, 0xae4ba29b, 0xf1ac1379,
            0x09dd234b, 0x1d42f269, 0x347b551c, 0x5a96c5d7, 0x5c5f2e83, 0xbf97d068, 0x336bad64, 0x8e9df141,
            0xf6bceb01, 0x9ccbcb37, 0x27f47c46, 0x03b89f61, 0xce593e87, 0x6edf472f, 0x0d4793b6, 0xd3291b0a,
            0xfd004407, 0xb0b1cf93, 0x0032d7e4, 0xcf802dab, 0x69cfbf57, 0x93edd4cc, 0x1c9be145, 0x563a92a9,
            0x62731051, 0x83e8b513, 0x7eda26f0, 0x22b7df97, 0x236eccbb, 0xa88249cf, 0x3b5d4ae7, 0x877205ee,
            0x157415ea, 0x40f61822, 0x71fc390b, 0xe533c25b, 0xa95b5ae3, 0x91be8f65, 0x0ecddb33, 0x0c9e809a,
            0x512a6ad1, 0xb7a137eb, 0x4c5a4f5c, 0x11eea517, 0xdb1ffc89, 0x76ecc173, 0x290b7091, 0x01ebc4c8,
            0x6563e829, 0xdac6efa5, 0x3e1ee936, 0xe8468609, 0x58c59e7e, 0x8d17b9c4, 0x20e4843e, 0xa7a45634,
            0x14ad06c6, 0x4a93a408, 0xe070618a, 0xfa10bc7f, 0xe1a972a6, 0xcc0a652e, 0x756689f6, 0xc5e59181,
            0x5469c900, 0x07222f9c, 0x37f11d99, 0xd0a3538f, 0xe6b98ade, 0xc949c6ff, 0x8f44e26d, 0x50f379fd,
            0x97776431, 0x60204bf8, 0x7c897d59, 0x8cceaae8, 0xc17f217c, 0x8062fd96, 0x7a40960d, 0x38d70262,
            0xf4efb0a8, 0x180151b8, 0x84f84d6b, 0x66e9a0ac, 0x0a576bce, 0xe76099f2, 0xc43c82ad, 0x6816ac7b,
            0x5fd56606, 0xe99f9525, 0xf765f82d, 0x262d6f6a, 0xbe4ec344, 0x95243f98, 0x96ae771d, 0xaad11266,
            0xed0525d8, 0x1f11a9c0, 0xb42b7f6e, 0x247e34c3, 0x2a813814, 0x88541a15, 0xdf854c74, 0xfcd9572b,
            0x57e38185, 0xc66fd904, 0xb8872810, 0x98517bca, 0xbad473b9, 0x8bde5290, 0x8231a63f, 0x90679c49,
            0x7813cda4, 0x591c8d52, 0x30e1e5e1, 0x8a0741bc, 0x9a022063, 0x13bdfebe, 0xf843e7d6, 0xc32c7ad5,
            0x213d9712, 0x1264ed92, 0xaf92b1b7, 0xbc1d98ed, 0xd66ab8db, 0xb2e2943a, 0xf536a384, 0xb33b8716,
            0x3138f6cd, 0x53793178, 0x86ab16c2, 0xf0750055, 0x73af62a2, 0x7735d25f, 0x02618c4d, 0x6b9ce4fe,
            0x898d0939, 0x47e6e05a, 0x42a5438b, 0xbdc48bc1, 0x79cade88, 0x998868e6, 0x9f4183b2, 0x19d84294,
            0x08043067, 0x74bf9ada, 0x94fd2cb4, 0x55b0da2c, 0x4919ec8d, 0x1ec8baec, 0xfbc9af53, 0x6c8c1c86,
            0xd17a40a3, 0xe3fa290f, 0x437c50a7, 0x4fd007d9, 0x7d506e75, 0x2c48d340, 0x1a520a11, 0xb95e3b3c,
            0xadc1ea1e, 0x6730b380, 0x5b4fd6fb, 0x9e98909e, 0x412f0b0e, 0x9d12d81b, 0xc7b6ca28, 0xee8f6d5d,
            0xf99af4fa, 0xa16dbd60, 0x2fc29bc5, 0xb168dcbf, 0xcb1a9d56, 0x7276718e, 0xc0a63250, 0xac18f932,
            0xd895b40c, 0xd2f00826, 0x52a02254, 0xab08014a, 0x7b998521, 0x05717435, 0xa67d4518, 0x25a727ef,
            0x6a45f7d2, 0x7f0335dc, 0x463ff376, 0x61f958d4, 0xb67824c7, 0xe2233a23, 0x5e0c752a, 0xa33ee6c9,
            0xf3ff48d0, 0x4d835c70, 0xa42e1eb1, 0xd5e0f05e, 0x36280eb5, 0x4e0914f5, 0x0f14c81f, 0x16fe5d6f,
            0x390e114e, 0x6f065403, 0x85215e47, 0x70252a27, 0x1037b63b, 0xa2e7f5e5, 0xbb0d6095, 0x45b5bbf3,
            0xff531fae, 0xc2f569f9, 0xecdc36f4, 0x2b582b38, 0x35a24630, 0xd439e372, 0x5d863daf, 0xd7b3abf7,
            0x17274e43, 0xcdd37602, 0x3c4db29f, 0xebccce8c, 0x1b8b193d, 0xc890d5d3, 0xd94ca720, 0xdc0f04f1,
            0xb5f26c42, 0x28d263bd, 0xa0b4ae4c, 0x6d550faa, 0xe4ead177, 0xf2265bfc, 0x2d91c06c, 0x2e1b88e9
        },
        {
            0x266bc9bb, 0xdaaa59c0, 0x3959bf45, 0xfad18c3c, 0x9dec6b1c, 0xaa0f0bb0, 0xe97981f9, 0x967e82bf,
            0xbf364b83, 0x60b42409, 0xe04a9d39, 0xe2eb685a, 0x24ca3cd8, 0xafa66c4b, 0xe1d34257, 0x5cc5ad06,
            0xb53d7d4e, 0x651d43f2, 0xc89b8b6b, 0x6e8faa51, 0x51c60953, 0xb10dc5db, 0xccab33fe, 0x2553e3b6,
            0x5d5c7268, 0xd491d798, 0x2df92018, 0x04b1e924, 0x71bddcaf, 0x788ec06f, 0x2f58d57b, 0x8347c28c,
            0xd80baca3, 0x8e4466d9, 0x33528988, 0x47c7636d, 0x38c0602b, 0x0220a4d2, 0x91761027, 0xbb06f316,
            0x98450ce7, 0x36fbee73, 0x5367fc30, 0x662569ff, 0x15b81182, 0xcd32ec90, 0x731c29cc, 0x698738c9,
            0x7cbe78fa, 0xb0941ab5, 0x6abf12c4, 0xd2009a6e, 0xd63022fb, 0xa33c1770, 0xea41abf4, 0x9ae4f984,
            0xc9025405, 0xad079928, 0xca3a7e08, 0xe8e05e97, 0x7414bb54, 0xba9f2c78, 0x3bf84a26, 0xc1a897ab,
            0x0b13b812, 0x8a74de4c, 0x4dcc55a0, 0xbc0e618e, 0xab96d4de, 0xf4ea0264, 0x225b712e, 0x0ebadfe9,
            0x20fa844d, 0x4c558ace, 0x1719e4e1, 0xee711361, 0xc5982f3e, 0x49fced35, 0x64849c9c, 0x86eea577,
            0x7a2f350c, 0xe7420fa1, 0x612dfb67, 0xe6dbd0cf, 0xde9ae155, 0x082b921f, 0x93d7e544, 0x844f5014,
            0xd99273cd, 0x7bb6ea62, 0x52fe235e, 0x4ef47fad, 0x9546a8b2, 0x2ec10a15, 0x008151b1, 0x0d82f5e4,
            0x758d643a, 0xf0dabaf1, 0xfdd91ea4, 0x7f8652f7, 0x88d52b2f, 0x2b686dee, 0x1b839fda, 0x67bcb691,
            0x6b26cdaa, 0x94df77dc, 0xc03148c5, 0x8d7c4cd4, 0xdc3b1436, 0x81e637ef, 0x44ff4960, 0xac9e4646,
            0x345a1b10, 0xa43485e8, 0xb79c882d, 0xed49396c, 0xd3994500, 0x97e75dd1, 0xf64bf707, 0x6215d16a,
            0x6db7805c, 0xb4a4a220, 0x43f7dbf8, 0xf7d22869, 0x546f6ea8, 0x40cff1f5, 0x90efcf49, 0xa70cafe5,
            0x596ccafd, 0xecd0e602, 0xe5e3fac2, 0xe372b734, 0xd7a9fd95, 0x894cf441, 0x638c0e04, 0x32cb56e6,
            0x0528364a, 0x772c9159, 0x0c1b2a8a, 0x55f6b1c6, 0xf27b4f92, 0xc401f050, 0xfc40c1ca, 0xb6055743,
            0x21635b23, 0x3e512ddd, 0xb3ac30b8, 0x03b97bbc, 0x505fd63d, 0xf573dd0a, 0x8fddb9b7, 0xefe8cc0f,
            0xdda2cb58, 0xfee134a9, 0x35c3c47e, 0x924e3a2a, 0x4b5d1856, 0x76b54e37, 0xf143659f, 0xfb485352,
            0x4ac4c738, 0x426e0496, 0x82de1de2, 0x79171f01, 0x807fe881, 0x1188a917, 0xf870795f, 0x465ebc03,
            0x1d12d22c, 0xf9e9a631, 0x6c2e5f32, 0x2af1b280, 0xcf9319f3, 0x4f6da0c3, 0xae3fb325, 0xa0043d7d,
            0x16803b8f, 0x31f37ceb, 0x58f51593, 0xc30962c8, 0x27f216d5, 0x1fb3274f, 0xcba3a166, 0xebd8749a,
            0x19226ab9, 0x0a8a677c, 0xa8aefed3, 0x3a619548, 0x575744a5, 0x1c8b0d42, 0xce0ac69d, 0x5bcd3f9e,
            0x3762311d, 0x9f4d9e7f, 0x13295c74, 0x01188edf, 0x285047e3, 0x23c2ae40, 0xa93721bd, 0x5ffd870b,
            0x306aa385, 0x8ce593ba, 0x1a1a40b4, 0x702403c1, 0x0789c329, 0xa695708b, 0xa2a5c81e, 0x3d6907d0,
            0x9c75b472, 0x6f16753f, 0x29c9988d, 0xd138b063, 0x3fc8f2b3, 0xa19de213, 0x87777a19, 0x41562e9b,
            0x9ed44111, 0x85d68f7a, 0x4865325b, 0xdf033e3b, 0xc739da5d, 0x7d27a794, 0xbeaf94ed, 0xd50808f6,
            0x0f230087, 0xa5ad5a86, 0x99dcd389, 0xe47a25ac, 0x1421ceec, 0x10117679, 0x3cf0d8be, 0x4566960e,
            0x681ee7a7, 0xb235efd6, 0xbd97bee0, 0x7285f6a2, 0x18bbb5d7, 0x5a54e0f0, 0x09b24d71, 0x06101c47,
            0xc6a00533, 0x12b0831a, 0xdb3386ae, 0xff78ebc7, 0x1e2af821, 0x56ce9bcb, 0x5e645865, 0x9b7d26ea,
            0xc290bda6, 0x2c60ff76, 0xf3e290fc, 0x7e1f8d99, 0xd0a16f0d, 0x8bed0122, 0xb9a70675, 0xb83ed91b
        },
        {
            0xe2f9e92a, 0x45072379, 0xf06a2060, 0x042355b4, 0x222f5303, 0xe0edd051, 0x78c7fe1d, 0xeab8b643,
            0x2d5bcebd, 0x568aa7c3, 0x203b6a78, 0x0729213f, 0x5dc18c21, 0x7086a174, 0x4026d8d5, 0x287a3511,
            0xbc2ef268, 0x662ade62, 0xf1746d90, 0xe8ac8f38, 0xff1ebdde, 0x296478e1, 0x95566961, 0xf27e191b,
            0x3ae9fc5b, 0x6a543757, 0xcdaafd04, 0x47131a02, 0xd347dd7b, 0x9b3cb92f, 0xba057d4f, 0x18da4cb0,
            0x15bae875, 0x5cdfc1d1, 0xc9954b58, 0x7eec713a, 0x19c40140, 0x94482491, 0xd04da9f0, 0xc6e1d6e6,
            0xdd2d0d35, 0x0e7633a6, 0x460d57f2, 0xf54bdbcc, 0x41389525, 0x1dfbb71c, 0x4232e1ae, 0xa6fc644b,
            0xe1f39da1, 0x5ecbf8aa, 0x21252788, 0x6e6b810b, 0xd66626d7, 0x486787bc, 0xc2de60ba, 0x76ad2e53,
            0x7de605b1, 0x6d61f580, 0x68400e2c, 0xd912bb69, 0x9a22f4df, 0x53ab5c6f, 0x32a8a332, 0x9836cda4,
            0xfa3f4672, 0xe6c65f76, 0xaca90259, 0x79d9b3ed, 0x99288054, 0x0208da93, 0xb35a6fd6, 0x86dbeddb,
            0xcb817223, 0x643ee719, 0x6c7fb870, 0x50a128e4, 0x085dbc81, 0x51bf6514, 0x4f52456b, 0x7198ec84,
            0xab9cc08e, 0xadb74fa9, 0x23311ef3, 0x82e45b87, 0x4a73bec7, 0xb8114434, 0xa988f9f5, 0x9f030f73,
            0x4979ca4c, 0xccb4b0f4, 0x053d1844, 0xf455963c, 0x907792cd, 0xa1c9a69c, 0x3ddc3e8c, 0xbf2486e3,
            0x60015145, 0xb2442226, 0x5794ea33, 0x88b13d95, 0xa7e229bb, 0x03169763, 0x7292980f, 0x251a91d4,
            0xd4721fac, 0x2c45834d, 0x6520aae9, 0xf82b7f09, 0x1fef8e67, 0x8d90c639, 0x34832c15, 0x549e9eb8,
            0x38fdc520, 0xd56c525c, 0x0b57c80a, 0x33b6eec2, 0xaebd3b22, 0x75a75ad8, 0x630b25ce, 0xca9f3fd3,
            0x13916752, 0x39e388d0, 0x9263abb6, 0x965c1dea, 0xaa828d7e, 0x5fd5b55a, 0xc5eba26d, 0xc88b06a8,
            0xa5f610c0, 0x85d19950, 0x9e1d4283, 0x0a4985fa, 0xfd0a84a5, 0x3789589e, 0x2a6e0c6a, 0x6b4a7aa7,
            0xb46fad01, 0x0102ae18, 0x7bcd8a96, 0xf36054eb, 0x2404dc24, 0x4d467c10, 0xf93532f9, 0xd80cf699,
            0x6f75ccfb, 0x17aed10e, 0xa896b405, 0xf75fe2b7, 0x9c097bf8, 0xe3e7a4da, 0x1ef1c397, 0x8e9ab2b2,
            0x1ace75cb, 0x5af44ef6, 0x0c620add, 0xa0d7eb6c, 0x89af7065, 0xc7ff9b16, 0xb0501b5d, 0xb765d98a,
            0xdc3340c5, 0x109b13d9, 0x4c5831e0, 0x5bea0306, 0xde2779be, 0xec933964, 0xfb210b82, 0x8bbb491e,
            0xa2c3d217, 0x7cf84841, 0x128f2aa2, 0x1ce5faec, 0x3697156e, 0x0d7c472d, 0x2e51ba36, 0x9742501a,
            0x611f1cb5, 0x52b5119f, 0x0f687e56, 0x937de646, 0x7ff23cca, 0x359d61e5, 0xdb068212, 0x738cd5ff,
            0x2f4ff7c6, 0x5580d348, 0x67349392, 0xbe3acb13, 0x7ad3c766, 0x58e0778d, 0xeba6fbb3, 0x16b09cfe,
            0x3ed64a07, 0x84cfd4a0, 0xdf39344e, 0xe5cc2bfd, 0x9d173608, 0x2610e55f, 0x11855e29, 0x87c5a02b,
            0x06376ccf, 0x695e43dc, 0xa3dd9fe7, 0xda18cfe2, 0xe9b2c2c8, 0xc0ca59c1, 0xe7d81286, 0x270ea8af,
            0x14a4a585, 0xfc14c955, 0xd153e400, 0x30bc9a49, 0x2b70419a, 0xf641af47, 0x6215683e, 0x001ce3e8,
            0x0943f171, 0x8f84ff42, 0x8c8e8bc9, 0x80f062fc, 0x81ee2f0c, 0x3fc807f7, 0x59fe3a7d, 0xb90f09c4,
            0xed8d7494, 0x9169df3d, 0x4b6df337, 0x74b91728, 0x77b363a3, 0xb67b947a, 0xb14e56ad, 0x4e4c089b,
            0xbd30bf98, 0x1bd0383b, 0xc3c02d4a, 0xc1d41431, 0xafa376d2, 0xc4f5ef9d, 0xd7786b27, 0xcfbec47f,
            0xbb1b30bf, 0xef994def, 0xee87001f, 0x432cac5e, 0xcea0898f, 0x83fa1677, 0x44196e89, 0x31a2d7b9,
            0x3bf7b1ab, 0xa4e85d30, 0xe4d2660d, 0xfe00f02e, 0x3cc2737c, 0xb571e0f1, 0xd259908b, 0x8aa504ee
        },
        {
            0x9c65c1da, 0x6ea95aaa, 0xe7002924, 0xf6628b1a, 0x88f3455e, 0xb35f1df5, 0x7d18dff3, 0x4340a1e2,
            0xa184caab, 0x1152c6e9, 0x6d102fca, 0xc950a70c, 0x14a6e053, 0x41938685, 0x98fbb567, 0xe14d7afe,
            0x09fac35d, 0xb4781c28, 0xe4b95c44, 0x4f7e20d2, 0x6763fd20, 0x0b29e43a, 0x15ccb254, 0x6a372e17,
            0xc32375e6, 0x5a82f651, 0xa84e6d21, 0x95af6650, 0xcdced3b1, 0x5ccfa58b, 0x2dd99f9f, 0x9288678d,
            0x46b48758, 0x4cc755b2, 0xbf619cc5, 0xb6ab3b4f, 0xa9243f26, 0xc7bd015b, 0xf88f2d4d, 0x9a289200,
            0x2cb3cd98, 0x522203dc, 0x208d4ca8, 0x8053b0d3, 0x0c0ee5e7, 0x103894ee, 0x3e681ac6, 0xe887dd74,
            0xe39e5d99, 0x57d62566, 0xe9ed8f73, 0x698e5b77, 0x0eddc280, 0x89991759, 0x828097b4, 0xd241d7d8,
            0x73f579a4, 0x4467a03f, 0x3cbb3da1, 0xf708d91d, 0x55050201, 0x8ebe1684, 0x003064d7, 0x93e2358a,
            0x704c0cc4, 0xb2354ff2, 0xf02fd8c0, 0xde7f56e8, 0xf9e57f4a, 0xed73fbce, 0x18986163, 0x7fcbf894,
            0x6b5d7c10, 0x2e60eaff, 0x64da8840, 0x83eac5b3, 0x9d0f93dd, 0xb92ccf1f, 0x78ecf949, 0xfc1159f0,
            0x1b211403, 0x6044fcfd, 0x3af66e7b, 0x94c53457, 0xd6dfa365, 0xa0ee98ac, 0x015a36d0, 0x0717650a,
            0xeeca8eae, 0xefa0dca9, 0xdb8b7052, 0xc6d7535c, 0x7ea1aa93, 0x37a2bd4c, 0xffa82c90, 0x5e1c82ec,
            0xb0e66895, 0x63fd899d, 0xf2fcffa7, 0x50f124bb, 0xea54fa13, 0x02e343b0, 0xa470ec11, 0x9eb6e6bd,
            0xadba4b9b, 0x65b0da47, 0xc56e263c, 0xd7b5f162, 0xce77a6d1, 0xc09a0086, 0x729f2ba3, 0x977c4137,
            0x8139e2d4, 0xcae9d26c, 0xaf696cfc, 0x225e6bcf, 0x171f9533, 0x282db925, 0x32569bf6, 0xaa9d4a46,
            0xc1f05281, 0x4be0546f, 0xb5124e2f, 0xc24927e1, 0x5da5f78c, 0x0890915a, 0xe2f40f9e, 0x3f0248c1,
            0xcf1df4d6, 0x3085bc91, 0x84cdc46e, 0x36c8ef4b, 0x71265ec3, 0xd40c8402, 0x8774b10e, 0x905b40ea,
            0xddc62388, 0x0a43b63d, 0x341bc82c, 0x0d64b7e0, 0x24133815, 0x9fdcb4ba, 0x3825491c, 0x3b9c3c7c,
            0xae033efb, 0x612eaefa, 0x333cc9f1, 0x593b8331, 0xb7c16948, 0x40f9d482, 0xfa5c0a2a, 0x6c7a7dcd,
            0x4a8a0668, 0x19f23364, 0xdcac718f, 0x8d0763e4, 0x067d370d, 0x2947eb22, 0xbcd8e9a5, 0xa23dbfcb,
            0x3dd16fa6, 0xa6a3cb76, 0x27aa4d75, 0xe02728f9, 0xacd0199c, 0xc404743b, 0x8b4a303e, 0xeb3ea814,
            0x1ed532b9, 0x6fc308ad, 0xd8320532, 0x5be8a456, 0x68e40970, 0x8a206239, 0x1d6c47d9, 0xba95ba7f,
            0xd9585735, 0x4dad07b5, 0x2b94cc45, 0x2f0ab8f8, 0x8c6d31e3, 0x2afe9e42, 0xa7c99971, 0xcca481b6,
            0xfb36582d, 0x5851d136, 0x74d27879, 0x534851db, 0x7c728df4, 0x21e71eaf, 0x35719a2b, 0x56bc7761,
            0xd1f8a2b8, 0xe5d30e43, 0x7a3fde2e, 0x6297db9a, 0x76015f1e, 0x12ebb389, 0x1381e18e, 0x1fbf60be,
            0x1675c734, 0x422af3e5, 0x4e1472d5, 0x038911b7, 0xd092f0bf, 0xb18c3a92, 0x546f5006, 0x7986ab4e,
            0xd32b85df, 0x0fb79087, 0xbe0bcec2, 0xa51abe16, 0xfec27e97, 0xcb83806b, 0x8fd44483, 0xc83af50b,
            0x5f76d0eb, 0xe66a7b23, 0x9b42c007, 0xfd7b0bf7, 0x4859210f, 0xbbffe878, 0x9991e760, 0x05c4426d,
            0x26c01f72, 0xf4b1ac7d, 0x6609af27, 0x450df238, 0x04ae106a, 0x47ded55f, 0xbdb2bba2, 0x7b558c29,
            0x861ee309, 0x96161330, 0x233439c8, 0x519b76bc, 0xdf1504ef, 0xf396ada0, 0x1c0615de, 0xd566d605,
            0x1a4b4604, 0x85a79669, 0xb8469d18, 0x913112ed, 0x31efee96, 0xf5dbfe7a, 0xf1458ac7, 0xabf71841,
            0x776b0d19, 0x394f1b1b, 0x25796a12, 0xa357edcc, 0xdae12255, 0xec19a9c9, 0x49337308, 0x75b82a7e
        },
        {
            0x064ba132, 0x46985d22, 0xebb680e9, 0x66a8c66d, 0x2b2df5a5, 0x977fae56, 0x83438ce3, 0x24cb0f05,
            0x5c5aeabd, 0xcd6ee5d9, 0x3cb98de2, 0x7d721e78, 0xed5e7e96, 0x2dc50bda, 0x04fb944a, 0x19c9b220,
            0x4866c808, 0x9a29618e, 0x713cbe2a, 0x1f214c5f, 0x8a4d883c, 0x694e3ccd, 0x0df59095, 0xb74f3519,
            0x871b47e4, 0xca9e742c, 0xf1743776, 0xbf595e4c, 0xc7c8bbf4, 0x30f72db0, 0x88fdbd44, 0x61585798,
            0xd2ecf6cb, 0x35b7893d, 0x7564752d, 0xe008b14e, 0x5ab214c2, 0x8b55e7b6, 0x25d3608f, 0xa59be9d3,
            0xd84aa8e6, 0xc39070f3, 0x8dbd19c9, 0xb4e76feb, 0xe906b591, 0x85ab729c, 0x361fd3cf, 0x136fec0d,
            0x299dc0dd, 0x65009c9f, 0xfaca06d1, 0x2093c402, 0x4c3e030f, 0xa26b7826, 0x6fa6c2b2, 0x5d428537,
            0x6ebead38, 0xf2dc6d84, 0x9f69c503, 0x9b310e04, 0xa1c322d4, 0x89e5d2ce, 0x7b9ae007, 0xf87a33a9,
            0x6c0e9840, 0x162f4880, 0x8f0d2cb1, 0xd952c76c, 0xaf3db7fe, 0x218bab88, 0xf52cfc71, 0x43d8f9af,
            0xc120458b, 0xd51c673e, 0x1d917927, 0x3a51739d, 0x34afe6b7, 0x18d1ddaa, 0xcfded0a1, 0x9e71aa89,
            0xf06c58fc, 0x324718c8, 0x95cf9b2e, 0xbcf104be, 0x4070a35d, 0xaa7d1373, 0x1737270a, 0x52a47f97,
            0xe7f820bb, 0x2cdd6450, 0xdbe2f214, 0xdea25699, 0x91975029, 0x747c1aa7, 0x76cc2fdf, 0x2a359a2f,
            0x497ea782, 0xe6e04f31, 0x1a61e8d2, 0x8ca57643, 0x93276551, 0x67b0a9e7, 0xa8cd260b, 0x4ad6fd70,
            0x02136a35, 0x68565347, 0x989954f6, 0x792ad57f, 0x94d7f4a4, 0x7294e4d8, 0x544c81e8, 0x6ae6663f,
            0xd144ac39, 0x57e4db1a, 0x4d266c85, 0xa9d54981, 0x01bb30c7, 0xe110dec4, 0xb0bfa4ec, 0xf79cc909,
            0xf684a683, 0x00a35f4d, 0x84b31d16, 0xa4838659, 0xc9362ede, 0xba19fac1, 0x50144aef, 0x5ff2b04f,
            0x9cc19ff1, 0x0b1d6eea, 0x5554ee62, 0xfd3a9724, 0xd6b43dcc, 0x5eeadfc5, 0x4168ccd7, 0xdc1263e1,
            0x0cedff1f, 0xd05cc3b3, 0xff8aa25c, 0x149f7df8, 0x453007d0, 0xb9b1a033, 0xb20f9194, 0xb8a9cfb9,
            0xd7ac5246, 0xec46111c, 0xcc768a53, 0xfbd2695b, 0x8e15433b, 0x738c8b52, 0x233b9ef0, 0xd3f49941,
            0x0e5dca67, 0xb1a7cb66, 0x1e3923d5, 0x4bce92fa, 0xab657cf9, 0x81f3b99b, 0x2223f17a, 0xad8d8286,
            0xc0382a01, 0xbb01954b, 0x7c6a71f2, 0x77d44055, 0xc460e106, 0xb6575a93, 0xe54815c3, 0xdd0a0c6b,
            0xdfba3913, 0xeaaeef63, 0x60403812, 0x4428685a, 0x3e09b89a, 0xf43493fb, 0x7832baf5, 0x5baa7b48,
            0xfc22f8ae, 0xefee4bee, 0x4e8e3677, 0x05e3fbc0, 0xae25d874, 0xbe4131c6, 0x6418f315, 0x12778387,
            0x8603286e, 0x99813b7c, 0xc2881f79, 0x0753ceb8, 0x276355f7, 0x7024d1a0, 0x6bfe09b5, 0xcec6bf2b,
            0x38e146e5, 0x2e6d5128, 0x825be369, 0x4f9659fd, 0x9667c1dc, 0x42c09625, 0xac95ed0c, 0x1b798758,
            0x580221ba, 0xc6d0d47e, 0xb317fe1e, 0xdafa9d9e, 0x1c8916ad, 0xb5ff0061, 0x908f3fa3, 0x510c2565,
            0x030b05bf, 0xa37317ac, 0xcb861ba6, 0x15871272, 0xc82e4154, 0xf9625c23, 0x6d16f7ca, 0xfe92cdd6,
            0x3707bc45, 0xc5788e8c, 0xa72bdcab, 0x80ebd611, 0xa633b321, 0x3da1e268, 0x335f7742, 0xe4507a49,
            0x2885af57, 0xeef62464, 0x9dd9f07b, 0x0f45a5ed, 0xd40408b4, 0x10c7b6ff, 0xe3a0ebbc, 0x53bc101d,
            0xa0db4d5e, 0x0a050160, 0xe81eda1b, 0x62f00d6a, 0x3b491c17, 0x591a4e30, 0x267b3a7d, 0x7fc22b00,
            0x7a828f8d, 0xbde96b34, 0x7eda448a, 0x923f0adb, 0xf3c4020e, 0xe2b88436, 0x478032a8, 0x2f753ea2,
            0x09ad5b92, 0x56fcb490, 0x31ef423a, 0x39f9296f, 0x08b53418, 0x63e862e0, 0x11dfd975, 0x3f11d710
        },
        {
            0x557e5da9, 0x2c33acab, 0x8e763408, 0x3f0e2bd8, 0xaa9d441a, 0xb0a1b635, 0x6138d662, 0x22c8fc73,
            0xf8270374, 0x3012eda6, 0x37e8c822, 0x12e42e96, 0xd3d0b518, 0xed073725, 0xba30bfc3, 0x1df8e8e8,
            0x886b872a, 0x60df40c4, 0x215880d9, 0xece0a183, 0x6fc386ba, 0x82fa8edc, 0x3ee9bd7e, 0x9ab196ff,
            0x898c118c, 0x405e69f8, 0xdb3656e2, 0xb6bc0517, 0x65528f4c, 0xffdd26f0, 0xdebb996a, 0x3a83e450,
            0x360f5e84, 0x0cb28597, 0xdccc7366, 0x51140487, 0x7973ce41, 0x3382910c, 0xb52c79bd, 0x05b3f0cb,
            0x03ae43e9, 0xf0c1e08e, 0xd42a909c, 0xd1a75f14, 0x1f8f02e4, 0xf9c095d2, 0xe18b8df1, 0x4b28f6a8,
            0x7d19976f, 0x8c01de04, 0x7e89ebc5, 0xfc4d5a5a, 0x5b850d71, 0xa39c3146, 0x4643dada, 0x26a2a55d,
            0x151e0b12, 0xc6f08149, 0x831d187a, 0xaef71d34, 0x31f57b00, 0xe5e1d4df, 0xa27ba7e0, 0x43ce1552,
            0xcff1f415, 0x003e3f43, 0xdd2be5c0, 0x7b04244d, 0xe21bf15b, 0x41b9ff5e, 0xd5cd063a, 0xfdaaccfc,
            0xf2b60a82, 0x72055111, 0xa90d38b0, 0x90209f09, 0x3478b488, 0x2fa3d001, 0x5e08c2f9, 0xf6dc53ac,
            0x5499cb0f, 0x5284782d, 0x14f99db4, 0x7ae3b2eb, 0xd65d7a90, 0x9921ea55, 0xca7c3b9d, 0xeafd12a1,
            0x4ea53920, 0x8bfbfb80, 0xc9ec4737, 0x1e689442, 0x29be6323, 0x0f22f93d, 0x3c9e5772, 0x0b48a013,
            0x6db46cb6, 0xb1462093, 0xdad1c044, 0x38f40e5c, 0x0249d54f, 0xab7ad2bc, 0xa1ebdb4a, 0x97daba8d,
            0x87774154, 0xf3519c24, 0xb75b93b1, 0x2bc9892f, 0x71952dbb, 0x91c709af, 0xac80f738, 0xf4abb9a0,
            0x1992b1c6, 0xd8a62a48, 0x98c67cf3, 0xfe3ab056, 0x8a1c6d26, 0xe671a875, 0xe96d6e0b, 0x5fef545f,
            0xaf108b92, 0x77889e99, 0xe4064279, 0xf1267628, 0x9b560059, 0x093f4a1f, 0x47a44c7c, 0x443430d6,
            0x2a2e1f89, 0x8f91a2ae, 0x7418e233, 0x7cfe01c9, 0xc0ed326b, 0x7072bb1d, 0x06238c61, 0xa8eaae16,
            0x0454666d, 0x2dd43a0d, 0xce1662b3, 0x1093c49a, 0x6839a33e, 0x20bf167f, 0x8500ab58, 0x1be55bca,
            0x4d35458a, 0x4f42af86, 0x4cd2d32c, 0xa00c4dec, 0xb9a0c369, 0x07c41ac7, 0x48b88a02, 0x581571db,
            0x50f39221, 0x8690d7f2, 0x93b0e3a3, 0xb84755cf, 0xc29ad867, 0xc37d4ec1, 0xc560fde3, 0xef70dd29,
            0x59f2e77d, 0x75ff7495, 0x1c1f7e4e, 0xf73bc50a, 0x2e4446a7, 0x274533fb, 0xad67619e, 0x0d551331,
            0xbc2d0ce1, 0xe06c1b57, 0x5709b7a5, 0xb4cbef1b, 0xfa50e978, 0xd941bcee, 0x5d98be53, 0xa611fece,
            0xe7963ed3, 0x9d4bb37b, 0x495f1ca4, 0xc71717ef, 0x69de3598, 0xc80bd191, 0x6c53fa10, 0xfbb77fde,
            0xcb9bad3b, 0x01d9a9e5, 0xd23723be, 0xa5818264, 0x08d8dcb9, 0xa7f66868, 0x6a4e4932, 0xd040c9b2,
            0x766f083f, 0x62a8aac8, 0x5363ee8b, 0xd7baec36, 0x1303b830, 0x45d3a670, 0xb331ca9f, 0x391398fa,
            0xc4876b45, 0x95ad5081, 0xe3fc67fd, 0xbe5ae6ed, 0x944ac627, 0xdf5c0fcc, 0x66c2f3e6, 0xbfbd704b,
            0x2859f585, 0x3b6472f6, 0x9cac25dd, 0x816af276, 0x1a02cd6c, 0x7f6e7d63, 0x359f222e, 0xb2d65c39,
            0x1174523c, 0x9edbcfd1, 0xbbd72965, 0xcd861e19, 0x4acf600e, 0x789458e7, 0x422983f4, 0x73e2c7b7,
            0xcc6188bf, 0x2532d9f7, 0x24d54f51, 0x326507aa, 0x6e24101c, 0x56ee2103, 0xc10aa4cd, 0x5c7f28f5,
            0x0aaf36b5, 0xbdca9a47, 0x6ba9df94, 0x18752760, 0x67256540, 0x0ec56f9b, 0x808d64d0, 0xe88af8ad,
            0x3d79c1d4, 0x84e73dfe, 0x9f3c5977, 0x8de648a2, 0x64b519ea, 0x92577505, 0xa46614c2, 0x5a629bd7,
            0xee974b8f, 0x963d2c2b, 0x168e77b8, 0x634f3c6e, 0x232f6ad5, 0x1769e11e, 0xf54c2f06, 0xeb1a8407
        },
        {
            0xbc95e8dc, 0x0009900b, 0xce9e8563, 0x0fb58fa2, 0x48caf8c5, 0x7923dc3d, 0xcf876e34, 0x0cdc7362,
            0x4776e76c, 0xe9b86f0f, 0xd948a0a0, 0x7202fdb4, 0xa5e639e1, 0x9aaae9e7, 0x1863aa61, 0x65d4d877,
            0x2e7e4c79, 0x9f2e3c90, 0x9c47c050, 0xf883637b, 0xf3a242f2, 0xd7ed545e, 0xdebc6240, 0x58e81fe6,
            0x89e1f204, 0x8534116d, 0x74efd403, 0x6fec12a9, 0x32894833, 0x940f1d19, 0xfbea9fbb, 0x30f95fa4,
            0xe0e95911, 0xd6f4bf09, 0xbee5ff4b, 0xab43cd1f, 0xfaf374ec, 0xbffc141c, 0xf73f7cd2, 0xdb38b737,
            0xb808d6fc, 0xe56d8c66, 0xa30b1056, 0x7072ea23, 0x6a68c7de, 0xb4dd3595, 0xa933da88, 0x17dfb5c8,
            0xb159e0e2, 0xf2bba9a5, 0x6c85ee69, 0x783a376a, 0x7fcef58a, 0x5f1cdd06, 0x16c65e9f, 0x42f2321b,
            0x441f1bac, 0xa17b07c1, 0x6b712c89, 0x564deb18, 0x13428be8, 0x0494ae2b, 0x5d6cca91, 0x9d5e2b07,
            0x9bb302b0, 0x6d9c053e, 0xda215c60, 0x31e0b4f3, 0x272f7a67, 0xadaee4a8, 0x49d31392, 0xc24b660a,
            0xfe6e4acc, 0xd484a89e, 0x11329c7f, 0xef5546b8, 0x1f976881, 0x51b929f8, 0xc873acd4, 0x8a880ec4,
            0x07fd52eb, 0x289365ce, 0x5a980871, 0x2ae37259, 0x90922339, 0xcb1a5014, 0xb0400bb5, 0x38b182ed,
            0xe8a18458, 0xf54f6b45, 0x244686a7, 0xe2994e86, 0xa68fc521, 0xafdef33f, 0x69013b1e, 0x99c31527,
            0x6818d049, 0x6ef5f9fe, 0xebc87898, 0xaa5a2648, 0xa062ec96, 0x92e234ae, 0x62201a97, 0x0eac64f5,
            0x14b64908, 0x967f0a8e, 0x5b81e326, 0x80b0c41a, 0xf0cbbe32, 0xb9113dab, 0x43ebd94c, 0xa7962e76,
            0x716b0174, 0xd1007de9, 0xf4568012, 0xaec71868, 0x64cd3320, 0x778628c3, 0xf6269785, 0xcdf779a3,
            0x7ca7094a, 0x1e8e83d6, 0xb2301c22, 0x0279879c, 0xee4cadef, 0x4c57c6e5, 0x9766e1d9, 0xf99a882c,
            0x67a4cfe0, 0x7dbee21d, 0x6339f1c0, 0x7b53cbaa, 0x197a4136, 0x4506f0fb, 0xe380a5d1, 0xe71d9bf1,
            0x4f3e3a25, 0xd01996be, 0x5c7521c6, 0xbb612a3c, 0x466f0c3b, 0x918bc86e, 0xc4a64fbd, 0xd3706a7e,
            0xe4746731, 0x0b28b182, 0xb329f775, 0xd8514bf7, 0x552417d8, 0xb5c4dec2, 0x26369130, 0xe1f0b246,
            0xfc1e5d5b, 0x93fbdff9, 0x3c2cbccd, 0xc6d6582a, 0x419bcedb, 0x0958a615, 0x543dfc8f, 0x2f67a72e,
            0x2bfa990e, 0x66bd24b7, 0xf1d25565, 0x2c0e5bee, 0x3f45400d, 0x59f1f4b1, 0x874406fa, 0x8f0cdbb3,
            0x4ba30405, 0x125b60bf, 0x731b16e3, 0xead193cf, 0x3ac1957a, 0x8c652773, 0xd2698129, 0x53c93e6f,
            0x15afa25f, 0x8d7ccc24, 0x298a8e99, 0x8e1530e4, 0xfd07b60c, 0x60500d00, 0xed25512f, 0x1a13bdf6,
            0x1b0a56a1, 0xa4ffd2b6, 0x357d8ad3, 0x81a92f4d, 0x75f63f54, 0x52d0d538, 0x5e053651, 0x370d9d44,
            0xba78c16b, 0xec3cba78, 0xbd8c038b, 0x842dfa3a, 0x1de77f16, 0x3bd87e2d, 0x4d4e2db2, 0x82c0d38d,
            0x3d35579a, 0x9516f64e, 0x03606ccb, 0x22abaf10, 0x7a4a20fd, 0x2d17b0b9, 0x36147613, 0x34646184,
            0xc5bfa4ea, 0xb6ad2202, 0x39a869ba, 0xca03bb43, 0xb7b4c955, 0x9e37d7c7, 0x20dbb887, 0xd59d43c9,
            0x88f81953, 0xddd59e80, 0x3390a364, 0xff77a19b, 0x06e4b9bc, 0x8b91e593, 0x5754004f, 0x21c253d0,
            0x01107b5c, 0xa212fb01, 0x3e5cab5a, 0x7ed71edd, 0x769fc394, 0x255f6df0, 0xc7cfb37d, 0xc96a4783,
            0x4e27d172, 0x102b7728, 0xc03b719d, 0x1cfe9441, 0xc3528d5d, 0x50a0c2af, 0x83d938da, 0x6149e657,
            0x23b24447, 0x4082258c, 0xa82a31df, 0x0dc59835, 0xccee92f4, 0xc1229aca, 0x0a315ad5, 0xe60470a6,
            0x058d457c, 0xacb70fff, 0x98dafe70, 0xdccc75d7, 0xdfa58917, 0x4abaef52, 0x865dedad, 0x08414d42
        },
        {
            0xe4316aa1, 0x7aedc227, 0xa71c825d, 0x2c1fcb2e, 0x8e1b0631, 0xfeab02ed, 0xad959579, 0xa03dc722,
            0x2696dc0a, 0xcbe78d01, 0x9a34c177, 0xef485b36, 0xc16e9a25, 0x66a6c9a7, 0xd919298b, 0x50f7bb1a,
            0x13da53e6, 0x1a4eb993, 0x6756ef14, 0xe8691e49, 0xb1de9ef9, 0x2ef210cc, 0x38300c68, 0xaf784e9b,
            0xd3903eaf, 0xe2e0096d, 0x99293c26, 0xfb679c70, 0xc4a204b8, 0x4114e2c1, 0xdfc84a47, 0x73792852,
            0x7f215cba, 0x824372d9, 0xea84c5ab, 0x9e087959, 0xd5415d63, 0x856237a6, 0x5fb232a3, 0xf73fe898,
            0x11378804, 0x1e7201bd, 0x7ed17a09, 0xdcd5b716, 0xf30350b6, 0xd260181c, 0x22aa6424, 0x5e421410,
            0x93a02b02, 0x5cafcff2, 0x681366ad, 0x815e8f88, 0x0124f76c, 0x878fec44, 0xccc6c87e, 0x84921115,
            0xbaa7af6e, 0x4cbcb09a, 0xc552220b, 0x74586d2d, 0x1c9fda5f, 0x6ddff830, 0x5a7eac3e, 0xdbf4f269,
            0x893a434e, 0x7064d503, 0x122a7555, 0xeda580d4, 0x72890ee1, 0x61878cd8, 0xeb74e318, 0xd4b17bd0,
            0xf6cfce2b, 0x5d5fe941, 0x83b3546a, 0xec55a667, 0x150b302a, 0x6f3223d2, 0xbd86ea11, 0xf87a6121,
            0x1616cd7b, 0x4a6dd356, 0xd17de54d, 0x2f02367f, 0x0e617ed5, 0x3b2df139, 0xa1cde191, 0x2defed9d,
            0x98d91a95, 0x1f82270e, 0xb5e226d7, 0x6c2fde83, 0x7dcc8758, 0x03c92c8e, 0x957148ce, 0xbe9b1740,
            0xf01eade7, 0x488008b4, 0x94816e7d, 0x644b1245, 0x914df0e0, 0x65bb34f6, 0xfa97bac3, 0x2b3e8e51,
            0x7b1de494, 0xb70ffd35, 0xf98a4792, 0x76b5b6cf, 0x553b2587, 0x04e869f1, 0x235a4297, 0x49702e07,
            0xa3203a73, 0x42091f90, 0x53ea464b, 0xbc76cca2, 0xd8e90f38, 0x29d355b3, 0x9d158408, 0x07f594a0,
            0x867fcaf7, 0x979c932c, 0xf1ee8b54, 0x33493dff, 0x377585d1, 0xc09ebc96, 0x966cb59f, 0xb84a748c,
            0x9ce5a2bb, 0x31a4e61d, 0xcfdb352f, 0x35985e33, 0xff5b245e, 0x51079da9, 0x5626d8d6, 0xfc46d90f,
            0x195344c2, 0x4fa14dcb, 0xfdb6ffbc, 0x4d4c9629, 0x75a84b9e, 0xc8fa7050, 0x45285aef, 0x8cf6ddd3,
            0x3dfc92f5, 0x10c7aeb7, 0x3054c0ae, 0x589377dc, 0xe5c14c12, 0xc64fdf5a, 0x47c5810d, 0xa4017f0c,
            0x88ca65fd, 0x629a7189, 0xb6ffdb86, 0xa9a92d57, 0xb4120064, 0xe72c97f0, 0xe6dcb143, 0xbf6b31f3,
            0x21b79975, 0x521a60f8, 0x3f114917, 0xb2c363a8, 0x0a5dc6fb, 0x54cb0334, 0x2acea8e2, 0x636a573a,
            0xf5d2337a, 0x9bc4e7c4, 0x9ff85fea, 0xb02eb84a, 0x3685a362, 0x32b91b4c, 0xc90a56e3, 0xdd2591a5,
            0xa5f159bf, 0x0c8ca537, 0xc38341c7, 0x40e4c472, 0xc7bff9e9, 0x0d7c8384, 0x57d6fe65, 0x34687880,
            0xe99938fa, 0xaab4d006, 0x05184f42, 0x09403baa, 0xae886828, 0x4635a7be, 0xb333451b, 0xda04d4da,
            0x8d06fb60, 0x780019c5, 0x8a27be1f, 0x18a36271, 0xa8590be4, 0x0bade048, 0x6077aa6b, 0xe00dd28f,
            0xeeb87d85, 0xc2736774, 0x92500db1, 0x6ec20561, 0xab44f6b5, 0x1d6ffcec, 0x2047bfc6, 0xf42215c9,
            0x14fb1699, 0x6b0e9bfc, 0x28237300, 0xcd36eecd, 0x4e516b78, 0x258b215b, 0x69e3401e, 0xd7ac8681,
            0xbb5789dd, 0xa6eca4ee, 0x7194f3b0, 0x08b01d19, 0xce2b139c, 0x8feb2082, 0x247b07e8, 0xe1fdf43c,
            0xca17abb2, 0xf2f37605, 0x8bd798ac, 0x3c0cb446, 0x17e6ebc8, 0x5963516f, 0x6afebd4f, 0xac65b3ca,
            0x3ee16fa4, 0xa2d01cc0, 0xd08dc3fe, 0x02390a3d, 0x7745907c, 0xb9ba523f, 0x1bbe9f20, 0x5b8e8a8d,
            0x39c02adb, 0x44d87c5c, 0x0605b213, 0xde386cf4, 0x0f915866, 0xe3102fde, 0x80aea93b, 0x3addd78a,
            0x2766fab9, 0x43f93923, 0x7c3ca1eb, 0x79f03f76, 0x90bdd653, 0xd65ca032, 0x4b9df5e5, 0x00d4d1df
        },
        {
            0x939ad2fb, 0x2a254da9, 0x190d7332, 0xeb451fee, 0xa1bdbca8, 0x3404d3e7, 0x762bb545, 0xe0a8cf11,
            0x5decae2c, 0x10d5e61e, 0xdd998fd2, 0x1ecc9846, 0x3b12fd77, 0x350b832f, 0xed8ba452, 0x11dab6d6,
            0xe66674ad, 0x83a232ed, 0x26097622, 0x3828e86c, 0xe392da0a, 0x63e7fbf4, 0x70e50ef9, 0x7ff32069,
            0xfe89515f, 0x9eb9b9b8, 0xb1855cbe, 0xf19f7fcf, 0xb644b7ca, 0x7832cb1d, 0xe29d8ac2, 0x793d9bd5,
            0xfb7dfff8, 0x7724e58d, 0xcb6fd478, 0xbe93722e, 0xfcbc148c, 0x440cdb16, 0xec84f49a, 0x97612c94,
            0xf2a56ad4, 0xa8652984, 0xb08a0c76, 0x7dc665ba, 0xf3aa3a1c, 0x09359324, 0x3cd31603, 0x2810087a,
            0xe9705a3d, 0xd380f18a, 0x9a4247d7, 0x6b303e10, 0x03d71313, 0xa449120f, 0xc479fae8, 0x4dd44e3a,
            0x373ec6fc, 0x54343b00, 0xd54e4a36, 0x0ffb2898, 0x5ed6bb37, 0x8dbb4cb5, 0xbda96735, 0xba688c41,
            0x6ec490b7, 0xd28fa142, 0x072ced7c, 0x0a0f863f, 0x966e7c5c, 0x083ac3ec, 0xc0820487, 0x945b398f,
            0xab5f3c9f, 0x7b08de06, 0x12e0a3cd, 0x1b3836e1, 0xea4a4f26, 0xc743eff3, 0x36319634, 0x1cf9dd95,
            0x17140d6a, 0xaa506c57, 0xbca637fd, 0x41f875b1, 0x6dfe85ac, 0x5ce3fee4, 0x45038bde, 0xf56481a0,
            0xa0b2ec60, 0x25336339, 0xa67c57dc, 0x8197773e, 0xf0902f07, 0x0519a8af, 0x0dce6d4b, 0x0cc13d83,
            0x671c059b, 0xcda16fc4, 0xc95a91ab, 0xb471f219, 0x69057bc3, 0xd6745f2d, 0x53f5d074, 0x8cb41c7d,
            0x0623bdb4, 0x23fdd885, 0x59175043, 0xda5864a6, 0x7511a05e, 0x7efc70a1, 0x142e1871, 0xac9ed7eb,
            0xb57ea2d1, 0x71ea5e31, 0xc855c163, 0x52fa80bc, 0x9d83aca3, 0x161b5da2, 0x51c095a7, 0x22f2884d,
            0x243c33f1, 0xd4411afe, 0x1df68d5d, 0x3ee653d0, 0xf65e94bb, 0x741ef096, 0xfa72af30, 0x270626ea,
            0x884fe212, 0xd77b0fe5, 0xccae3f0c, 0x152148b9, 0xa7730714, 0x33c53893, 0xe7692465, 0xc18d544f,
            0x6fcbc07f, 0x3ddc46cb, 0xcf942a17, 0x50cfc56f, 0x6cf1d564, 0xb952995a, 0xd86d2175, 0xb3b0196d,
            0x40f72579, 0x3fe90318, 0x90a0c7e0, 0x82ad6225, 0xdb57346e, 0x997852cc, 0x3a1dadbf, 0x8463d999,
            0x66135553, 0x9fb6e970, 0xeeb1b149, 0x61d2be27, 0xd96271bd, 0x8940b2da, 0xaeab9238, 0x180223fa,
            0x2b2a1d61, 0x4736ce0d, 0x62e8ab3c, 0x00ed0608, 0x72d04b2a, 0xa54642c7, 0xfdb34444, 0x7cc93572,
            0x42c260aa, 0xdea39ac9, 0x8f8e0966, 0x2fd1e30e, 0x291f58b2, 0x1fc3c88e, 0xf751c473, 0x8759cc82,
            0xce9b7adf, 0x98770204, 0x92958233, 0xff860197, 0x8a7aa7c1, 0xc2b74154, 0xf847eae3, 0x4fe10be9,
            0xa96a794c, 0x2de4a6dd, 0x46399ec5, 0x809827f6, 0x0416f867, 0xd0bae491, 0xf46bd168, 0x7a078ece,
            0xc3b8119c, 0xdc96df1a, 0x0b00d6f7, 0xefbee181, 0xb2bf49a5, 0xa287a9b3, 0x4eee5b21, 0xad918723,
            0x3927b8a4, 0x65294048, 0xb74be702, 0xe453317e, 0xbf9c22e6, 0x1a376629, 0x5a2d4558, 0x5fd9ebff,
            0x56017ed3, 0x31f07d40, 0xa388f97b, 0xafa4c2f0, 0xdfacca01, 0xc64cbf3b, 0x73df1be2, 0x9b4d171f,
            0x01e256c0, 0x9c8cfc6b, 0x91af9728, 0x8b75f709, 0x2cebf615, 0x0ef47850, 0x60ddeeef, 0x570e2e1b,
            0x680a2b0b, 0xf948ba2b, 0x43cd3062, 0xe87f0af5, 0x4a15a54e, 0xe55c61b6, 0x21c89d56, 0x5b221590,
            0x4b1af586, 0x492fb055, 0x4cdb1ef2, 0x32ca685b, 0xca6084b0, 0x86569c4a, 0xd1b5b459, 0x6a3f6ed8,
            0x20c7cd9e, 0x5818008b, 0x02d843db, 0x4820e09d, 0xb85dc992, 0xe1a79fd9, 0x553b6bc8, 0x95546947,
            0x64261080, 0x13eff305, 0xc576aa20, 0x2edeb3c6, 0x856c8951, 0x30ff2d88, 0x8e8159ae, 0xbb67dc89
        },
        {
            0xbb030f86, 0xca23a78e, 0x1407ce78, 0xdca26b51, 0x966b976f, 0xb683cc1f, 0x21a97afb, 0x396f5691,
            0x70618983, 0x6a3861e5, 0x7666b07f, 0x8a3546f5, 0xd7259134, 0xa5c21a10, 0x8ff55c25, 0xe14c069b,
            0xcfe3bd5e, 0xfa4d09dd, 0x0cc1e212, 0x8b6da1d5, 0x0d990532, 0xee53010e, 0xf0921498, 0x75a19353,
            0xed942222, 0xf20dd094, 0x3e30884d, 0x89f265d9, 0xf35537b4, 0xf7cdca44, 0x61bf9b80, 0xc8bc6382,
            0xc0fcbacb, 0xa00200c0, 0x7979b7ea, 0x3728b624, 0xb084f5e3, 0x11c7d4a8, 0x5b0e2896, 0xe48c1c4b,
            0x3aa875bd, 0x307768f8, 0x4ad03a95, 0xc1a45deb, 0x773e575f, 0x36705104, 0x81b2bc90, 0x82759fbc,
            0xc464473b, 0x647f8150, 0xcc249e72, 0xdbfdb58d, 0xc33b99e7, 0x34ef9508, 0xf40ae968, 0x9f73a906,
            0xecccc502, 0xc7a36417, 0x27ae4307, 0x9cb48a2a, 0x135810a4, 0xf8d2cdd1, 0x93ab8dbf, 0xff8d130d,
            0xd122a8c8, 0xd9627181, 0x9ab3b3d6, 0x484ffe99, 0xb99ccb8a, 0x2469602b, 0x71396ea3, 0x94f45363,
            0x7cb9ad3a, 0x88aa82f9, 0xf5520e48, 0x5089d2f3, 0x4b88ddb5, 0x782150ca, 0xc6fb8337, 0xe74b3f67,
            0xfd12d701, 0x9beb54f6, 0x17c0ed54, 0x8472a640, 0x29e9a3b2, 0x8d6a9829, 0xa842d989, 0x4157c0f0,
            0xb7db2b3f, 0x1f80341d, 0x9dec6d0a, 0x68a7a5e9, 0x20f19ddb, 0xde3daf5d, 0x74f97473, 0x19870de1,
            0xa49afd30, 0x5d09116a, 0x5c51f64a, 0xb343d6cf, 0x5f96d566, 0xef0be62e, 0xfed5f42d, 0x3df7ab61,
            0xfb15eefd, 0x4d8fe449, 0xb21b31ef, 0x6ea09c15, 0x1c471731, 0x2c29b962, 0x28b14492, 0xe28b25b7,
            0xd3bd6cc4, 0x16980a74, 0x7be673e6, 0x7abe94c6, 0x95acb443, 0x4cd70369, 0xf1caf3b8, 0x1d1ff011,
            0x2fee9a4e, 0x6ff87b35, 0x061eff57, 0x5991ec9a, 0x46081e2c, 0xc9e484a2, 0x69ff42c9, 0x832d789c,
            0x913449b3, 0x226e59d7, 0x6d67bf39, 0x1200f784, 0x86ed624c, 0x92f36a9f, 0x3caf4c41, 0x35b77228,
            0xacda2479, 0xf98a2af1, 0xbc5cd15a, 0x63205f8c, 0x7e266936, 0x1a402ecd, 0x3837b1b1, 0xaf1d0755,
            0x4f102045, 0x982c77da, 0x51d135d3, 0x6b6086c5, 0x45cf3d00, 0x72fe4d8f, 0xa91a3ea9, 0x4750f90c,
            0x5ece3246, 0x5549c823, 0x2a2e809e, 0xae45e075, 0xf6952d64, 0x3bf0929d, 0x997490fa, 0xe5d4fb6b,
            0x4497da20, 0xbec31556, 0x05d9dc7b, 0x1b18c9ed, 0x7f7e8e16, 0x5a56cfb6, 0x0ac6dbee, 0x26f6a427,
            0xcb7b40ae, 0xddfa8c71, 0xd2e58be4, 0x534ef1df, 0xa15ae7e0, 0xa3c523ec, 0x07461877, 0x4290e3dc,
            0x0141218b, 0x906cae93, 0x155f2958, 0xe85438f2, 0xe3d3c297, 0xdf65487d, 0x852a4160, 0xb41c0813,
            0x73a6aaaf, 0xd4e2b218, 0x0901f8c2, 0xb544ef33, 0xcd7c7952, 0xeacbfcfe, 0xaadd1d85, 0xe613d847,
            0xe014e1bb, 0x4e48c765, 0x67b8a27c, 0x9733704f, 0x491719b9, 0xba5be8a6, 0x568eeb0f, 0x400f27d0,
            0x08591fe2, 0x2531870b, 0x33b04bd4, 0xb1dc12c3, 0xc2637ec7, 0x0e5e261e, 0x028602a7, 0xad82c359,
            0x03dee587, 0x2b7667be, 0xbf9bf276, 0x7de14a1a, 0x2336bef7, 0xb8c42caa, 0xe90cdfd2, 0xa29dc4cc,
            0x0f06c13e, 0xcebb5a7e, 0xdaa552ad, 0xfc4a3021, 0xd67d7614, 0x80ea5bb0, 0xd83a96a1, 0x6278b8ac,
            0x32e8acf4, 0x2eb67d6e, 0xc53ca01b, 0xbd04367a, 0x04813b5b, 0x6c3f5819, 0x18dfeac1, 0x65276670,
            0x1ed8d33d, 0xa75dde1c, 0x60e77ca0, 0x312f8fd8, 0x0b9e3cce, 0xd07a4fe8, 0x43c804fc, 0x8c327f09,
            0x66e0455c, 0x9e2b4e26, 0xab85faa5, 0x0019c6ab, 0x521616ff, 0x57d60c2f, 0xa605393c, 0x54112f03,
            0x2d715e42, 0x58c90bba, 0x109f3388, 0x8eadbb05, 0x87b5856c, 0xd5ba5538, 0x3f686f6d, 0xeb931bde
        },
        {
            0x5b26f427, 0x8087ab8b, 0x8722e406, 0x7c3560f0, 0x02676169, 0xa03170d1, 0x51b8bd4b, 0x27ff62f5,
            0x573adf9e, 0xb42cb01f, 0x472eeace, 0x9a0dd7b7, 0x45a57d85, 0x7420bed7, 0x49b9563c, 0x4e1c19b1,
            0x52140758, 0x9c8fb562, 0x2574f5be, 0x0f5c6788, 0xe45fd62e, 0xfbfb72d4, 0xb6a72754, 0xc5ce202c,
            0xdce8e603, 0xf7e7596d, 0xc745b767, 0x4f3b34e9, 0x820c3cc0, 0xeac86adc, 0x5da496f2, 0x9f230f71,
            0xfc5e3d59, 0x0e7b4ad0, 0xbabb0ced, 0x3ad05144, 0x7385f15a, 0xe05623b0, 0x4a15ec2f, 0x9e042229,
            0x18ed1d55, 0x03404c31, 0x6391c40a, 0x26d84fad, 0x42003208, 0x91b4b383, 0xed6d2551, 0xad0a7630,
            0xd5da157c, 0x00ecf622, 0x6828a03e, 0xb0254581, 0x0a72bf4e, 0x783c956e, 0x08f92805, 0x36cc7afd,
            0x949a6b45, 0x066e94f7, 0xca7eb186, 0x15d61bb4, 0xb2aed2ca, 0x7ab70225, 0x848e5e15, 0xf970e59f,
            0x889275ac, 0xbc396e38, 0x22d1ba33, 0x2968de07, 0x2453d8e6, 0x0dd7f0c3, 0x690f8d66, 0xdb4da98e,
            0xf6c07435, 0xac2d5b68, 0x791bb836, 0x01cbdb7a, 0x561df2c6, 0x2d612b99, 0x3d751ec9, 0x7507938f,
            0xce774418, 0x85a9734d, 0x385bc60f, 0x4609c796, 0x43271f50, 0x89b558f4, 0x217d0020, 0x2feabcd2,
            0x41ac881b, 0xd0f4cdba, 0xf04216e0, 0xa1165d89, 0x8a19e2e7, 0x7ebef7bb, 0x70294b49, 0xdf445c10,
            0xc9d20b95, 0xa438854f, 0xa6b31204, 0x2ac46414, 0x81a086d3, 0xd9c63ec5, 0x9b2afaef, 0x8c9b8032,
            0xa51fa817, 0xe843fd97, 0xaf81e17b, 0x4b32c177, 0x205a2d78, 0x1b41a746, 0x32c58f63, 0xaea6cc23,
            0x9736d156, 0x92180990, 0x55b148d5, 0xe6d44165, 0x8605c95e, 0xb10268d9, 0xb7800a0c, 0x1a668a1e,
            0xf3eeacf3, 0xbf95d42b, 0x3ffe8982, 0x95bd461d, 0x3bf77c1c, 0xc4e90d74, 0xc8f526cd, 0x1f4852d8,
            0xda6a84d6, 0x2be3494c, 0x933f24c8, 0x0b559216, 0xd8e1139d, 0x7b902f7d, 0x31693570, 0x3c523391,
            0x76ab299c, 0x19ca300d, 0xcddbfe0b, 0x3560c0ee, 0x1ce4e8cb, 0xe1710ee8, 0xb8309ba6, 0x778c04c4,
            0x12735439, 0x6b841a2d, 0x53332a00, 0x23f6976b, 0x7d124da8, 0x11dfee2a, 0x509f9013, 0xe578fb76,
            0xfed5aa12, 0xfadc5f8c, 0xf56cce26, 0xefe6b21a, 0x13547961, 0x6c2155a0, 0x588a4e34, 0x99a16da4,
            0x5a01d97f, 0xddcfcb5b, 0x0749b9af, 0x988640fc, 0xd27f5af1, 0x397ceb57, 0x14f136ec, 0xab8814e5,
            0xbb9c21b5, 0xe2ddb4fb, 0x6f8defb3, 0x72a2dc02, 0xccfcd353, 0xc0e0f8ea, 0xbeb2f973, 0x1e6f7f80,
            0x10f8c372, 0x8dbcad6a, 0xf857c8c7, 0x04e503bc, 0xf1653bb8, 0x1dc3c593, 0x4db0a3a2, 0xbd1e4360,
            0xa39dcac2, 0x4c978efa, 0x3ed9a4da, 0x284ff35f, 0xeec19f42, 0x67983194, 0x710e6611, 0x611a5341,
            0xcb599cde, 0x2ecd918a, 0x05c22ee4, 0xe7f36c3d, 0x9da8983a, 0xd35877a9, 0x66bf1ccc, 0xc26b6fa1,
            0x8f373a21, 0xb917b6fe, 0x9611fc0e, 0xd1d3e0e2, 0xa824aef6, 0x6513a6df, 0x6d0678f8, 0x62b6e952,
            0x5496658d, 0xb389ff92, 0x59ad636c, 0x37eb57a5, 0x304e1828, 0x8b3ecfbf, 0x5c83bbaa, 0xec4a0809,
            0x2c4606c1, 0x0cf0dd9b, 0xaaaf39bd, 0xf44be37e, 0xe3fa99a3, 0x6eaac2eb, 0xebef4784, 0x6aa33775,
            0x8e101779, 0xfff2874a, 0xd676af6f, 0x3447edb6, 0x175d8cff, 0xc6629a3f, 0xfd791001, 0x448250dd,
            0xc1c7d5b2, 0x64348b87, 0xa7943f5c, 0x33e2a23b, 0xa90383ae, 0x5f2f01b9, 0x5e082ce1, 0x09de055d,
            0x489e7b64, 0xa2bae79a, 0x7f99dae3, 0xde637148, 0xd4fd3824, 0x603d7e19, 0xc34c42f9, 0xd7518237,
            0xb50b9d47, 0xcf506940, 0xe964d0cf, 0x832b1198, 0x408ba543, 0x167aa1a7, 0x90939edb, 0xf2c981ab
        },
        {
            0x10683900, 0x2d5b0fbf, 0x3c0f86df, 0x3a4c5294, 0x8b268c98, 0x7a11d7c4, 0xc86e927f, 0x00e74120,
            0x280d4043, 0xc10744b2, 0xcce32cc3, 0xc58afa0e, 0x698b3453, 0x8fab3224, 0xc0dcb5f2, 0x12a653f7,
            0x40bac470, 0x532027e7, 0xe4092da0, 0xfefa18fa, 0x5dd1d421, 0xab7eaa76, 0xbbf1d256, 0x2164968e,
            0x2f956548, 0x3f1a1d68, 0xe39108ab, 0xace68f7d, 0x0cd8d811, 0x97966d89, 0xb298049b, 0x51ee4d10,
            0xa454a8f0, 0xd053cdd2, 0xda2f80a8, 0xe084931c, 0xfa77a646, 0x013cb060, 0x077f642b, 0x8d6558d3,
            0xc212df05, 0x762e4ef5, 0xad3d7e3d, 0x964d9cc9, 0x22710d39, 0x54b802ec, 0x91d5b9c2, 0x0e16b2e6,
            0x73780109, 0xe6c74757, 0xa102e70c, 0x1d8c5171, 0xc9b5633f, 0x9558077e, 0xf55da4c0, 0x34bda152,
            0x8e70c364, 0x7e9c6978, 0x63f77929, 0xd6101999, 0x5ec44f96, 0x78dfbd33, 0x45ec8b8c, 0xd7cbe8d9,
            0x31ebeeae, 0x272742c5, 0x30301fee, 0xfbac5706, 0x5676681b, 0x153e76fc, 0x03f2da97, 0x7d89f2cf,
            0x6d068aef, 0x5c0a2561, 0x98bc6f0f, 0xd93a1b1f, 0x38823863, 0xb0566e6c, 0x162bed4b, 0xf1d01a7c,
            0xba2a2316, 0xae28e58a, 0xb615ba27, 0x815ac1e2, 0x37a83ae5, 0x44377acc, 0x0fcd43a6, 0x085566ad,
            0xb8e449e1, 0x52fbd6a7, 0xdea23e14, 0xdc6c54e3, 0xff21e9ba, 0x808130a2, 0x4b1d784a, 0x86c2e4e9,
            0xd8e1ea5f, 0xf6483f77, 0x46f9103b, 0x4d5eac01, 0xcb7b09c8, 0xc3c92e45, 0x6b455ea4, 0xd29da725,
            0xecbb0a2d, 0x824f5a55, 0xe71cb617, 0xb343f5db, 0x92c02275, 0xa2177cbb, 0x4808e3fd, 0x32fe7519,
            0x622c8869, 0xe15f625c, 0x3959c923, 0x137da2b7, 0xf31e708b, 0x2432d972, 0x26fcb385, 0xf2c581cb,
            0x871915a9, 0x06a4956b, 0xbc69f75d, 0x3b97a3d4, 0x5f1fbed6, 0x3ec1ec28, 0xf8b9ccb1, 0xbea79daa,
            0xc74490f9, 0x3dd4779f, 0x931bd335, 0x2b18dbf4, 0x29d6b103, 0x17f01c0b, 0x1bcf853a, 0x33258459,
            0xaaa55b36, 0xe24af9eb, 0x65b4ad62, 0xfdef834d, 0xd3465665, 0x1901efcd, 0x2ac32ab4, 0x4e4b37b6,
            0xbf7c6cea, 0x046aff9c, 0x85d77f5e, 0xed60fb6d, 0x7f479838, 0x20bf67ce, 0xee7560da, 0x9f244a04,
            0x706d9abe, 0x6fc8e018, 0x02292bd7, 0xe9ed45d1, 0x18da1e8d, 0xb18d9f2c, 0x646f5c22, 0x0b40fd1a,
            0x0a9b0c5a, 0x1f423b86, 0x14e587bc, 0xa9b0c081, 0xb5002190, 0xd505822e, 0xdbf471e8, 0x1e99cac6,
            0x35665012, 0xc69f61b9, 0x6cdd7baf, 0x9483f63e, 0x6850c513, 0x8afd7dd8, 0xcaa0f888, 0x613913de,
            0x2e4e9408, 0x8cbea993, 0x4c855d41, 0x8394ab15, 0x9ba9f4b8, 0x7bca2684, 0xefae919a, 0x72a3f049,
            0x1c57a031, 0x49d312bd, 0x677ac795, 0xf9623df1, 0x2c80feff, 0x098e97ed, 0x7c52038f, 0xce2d4634,
            0x99679e4f, 0x9c31d1b3, 0xe836b491, 0xb93fb8a1, 0xa69ac207, 0x66a136d5, 0x5a49f12a, 0xf00beb3c,
            0x89e8e66f, 0x5035bc50, 0x6e131158, 0x58879bdd, 0xe5d2dce0, 0xbdb2061d, 0x900e4882, 0xd4de736e,
            0xf793ce37, 0x71b66bfe, 0x595c6a9d, 0x9effbb44, 0x3673cba5, 0x8833172f, 0x9a7205f8, 0x77f5bfb5,
            0x23aafc79, 0xd1883c92, 0xeb232f26, 0xa7413347, 0x0d032951, 0x60e2e29e, 0xc4510b4e, 0x6a9eafe4,
            0xdf79cf54, 0x43af5fc7, 0xeaf8de66, 0xb4dbd0d0, 0xa3cc8dfb, 0x05b10edc, 0xfc34720d, 0xb7ce4b67,
            0x5b92006a, 0xa58f59b0, 0x5563f3ac, 0x74e02402, 0x4722e17b, 0x11b3c840, 0xcff6b774, 0xa86b31c1,
            0x79044c73, 0x41613530, 0xf4865580, 0xaff314ca, 0xa0d9164c, 0x4f90c6f6, 0xcd38dd83, 0x9dea20f3,
            0x1a14747a, 0x4ac6890a, 0x25e92832, 0x57ad995b, 0x753bd542, 0xddb7a5a3, 0x840c8e1e, 0x4274ae87
        },
        {
            0x3a3a57d8, 0x55d3f80c, 0x49a6e19a, 0x9a0e140d, 0x4fb31ed6, 0x78bcd4c5, 0x09ba63b6, 0xb174c788,
            0x31c4cb5a, 0x43f73797, 0x24d54f7f, 0x82f4f3e6, 0xd563f4de, 0x8a3f24da, 0x5d182f30, 0x293e2cb1,
            0x1f9eac2d, 0x4d291fe7, 0x73424847, 0x4a93aa24, 0x905fc200, 0x4809ab15, 0xc552c409, 0xe992a24f,
            0x7d9c6037, 0x38a056e9, 0x53c60740, 0xe0f63ffc, 0x236ffabc, 0xc916ed48, 0xa6ff429c, 0xde9d685c,
            0xaabb6bdd, 0xa145f75f, 0xd2d9411d, 0xf80cd817, 0xe479c181, 0xa270bce1, 0x1cabe793, 0xa0eabdd0,
            0xd656bf60, 0x58389bc2, 0xf77dbae8, 0xcd991335, 0x10efced2, 0xe6e3c0b0, 0xf0c70f2b, 0x7662fcb5,
            0x37d13416, 0xab142152, 0x7f066106, 0xfb3993a9, 0xef875d03, 0x5b0dd07c, 0xfd2c6ce5, 0x146030af,
            0x2ba42d80, 0xdc07696d, 0x4b3ce0ab, 0xbb251185, 0x79139e4a, 0xc4fd8e86, 0x5aa29af3, 0x42587d18,
            0x16fa319e, 0xb6ce724b, 0x0c9ad744, 0x50f34cfe, 0xc1dd3a74, 0x04510078, 0xb5fb39f5, 0x71d84976,
            0xb76138c4, 0x45e2c8db, 0x2f2bd3fd, 0x34e47fa8, 0x87d44714, 0x74f8fd84, 0x257a05f0, 0x81c1b858,
            0x27e004c1, 0xb9bf10b4, 0xc2e871ca, 0xe1597573, 0x936a89be, 0x0a8f2808, 0x1275cfe3, 0x46d78365,
            0x5f822e01, 0x964a3d4c, 0x03ebb5bb, 0x8eb0daa7, 0xc3473b45, 0xee28178c, 0x3c2fa894, 0x15cf7a20,
            0xf448f156, 0xeb08a37e, 0x40c27c29, 0x198b5361, 0xd7f9f5ef, 0x05fe4af7, 0x2a0b670f, 0x22c0b033,
            0x9e81ea70, 0xb0db8d07, 0x94d03c7d, 0x182419ee, 0xca23a6f6, 0xeaa7e9f1, 0x6046332e, 0x8b906e55,
            0xe5d68b0e, 0x9f2ea0ff, 0xf3f24495, 0x867b0d9b, 0x62dc321f, 0x8f1f9028, 0x64c9cd53, 0x806ef2d7,
            0x06cb0149, 0x5cb765bf, 0x688de412, 0xb454737a, 0x205ab102, 0xceac588b, 0x7a26d5f4, 0xf9a39298,
            0xdbbddcae, 0x6dad50e0, 0xb2418c36, 0x3b951d57, 0x3d80e21b, 0xc8b9a7c7, 0x3eb5a9a5, 0xfe19275b,
            0x00defe05, 0x7c332ab8, 0xbc9fa446, 0xf16845a4, 0xae3495a0, 0xb3eec6b9, 0x5749f93d, 0x515c0671,
            0x8c2adb96, 0x6bb8afac, 0xcc3659ba, 0x656687dc, 0x1d04ad1c, 0x88a525eb, 0x91f0888f, 0xa46543ad,
            0x6e981b5e, 0xffb66dd4, 0x306b81d5, 0x4e1c5459, 0x367e7e99, 0x6922ae9d, 0x416d36a6, 0x2db1d2cc,
            0x993b5fb3, 0x0e00d675, 0x13da856c, 0x1e31e6a2, 0x7557b70b, 0x67fc86ed, 0x890a6f64, 0x52694dcf,
            0xed1d5c32, 0xdf3222d3, 0x72ed02c8, 0x4c865568, 0x390f1c66, 0x6f3751d1, 0xd3760b92, 0x707703f9,
            0x854e4625, 0x7b899f7b, 0x1b115250, 0x8d859119, 0x92c5c331, 0x77cdb63a, 0x444d8254, 0xa7500813,
            0x9c1beb41, 0x56e6b3b2, 0x4778c9ea, 0x21f5fb8d, 0x264f4e4e, 0xad01de1e, 0x354b3527, 0x9db4a1ce,
            0xd927dd9f, 0xc7c8c538, 0x0d359dcb, 0x07644bc6, 0x9894153c, 0xacae9491, 0x5e2d648e, 0xe74c8a3f,
            0xe26c3ecd, 0xba8a5b0a, 0xbd30eec9, 0xc07270fb, 0x957f76f2, 0x2e849972, 0x17557b11, 0x6c021a6f,
            0xf25d0e1a, 0x9ba15e82, 0x5997d14d, 0xd1ec0aa3, 0x0faf9cfa, 0xbfaaeff8, 0xaf9bdf2f, 0x0244ff34,
            0x63737890, 0x2c1e9843, 0x6653cc62, 0x1140845d, 0x0b206287, 0xd4ccbe51, 0xe83de8c0, 0xa98e2063,
            0xb8105a3b, 0xfc83266a, 0xdda823e2, 0xda129621, 0xd8889710, 0x835bb969, 0xc6678fb7, 0x08152939,
            0x84e10caa, 0xa5ca0922, 0x335eca6b, 0xcf031204, 0x7ea92b89, 0xcb8cec79, 0x97e577c3, 0xd043402c,
            0x3f1ae32a, 0x547cb283, 0xe3c37442, 0xecb216bd, 0xf5e7bbd9, 0x61e979a1, 0x32f180e4, 0xfa96d926,
            0xa3dff66e, 0x0171b48a, 0xbe05a577, 0x6a17e523, 0x2891663e, 0xa8216aec, 0xf6d2f067, 0x1abe18df
        },
        {
            0xf019d050, 0xb7b4cd4a, 0xe8acaeb3, 0x116a5a41, 0x508bc225, 0xcf16fc55, 0xa1a72d18, 0xfebf4ee1,
            0xff0cb733, 0x3b2eadbb, 0x542c8524, 0x4ad57eb9, 0xd7a382b6, 0xaba6f4a8, 0x423f6576, 0xca024286,
            0x96421ad2, 0xcea50587, 0x9bbcbfce, 0xe4e1f27d, 0x3d6228c5, 0x2fd68f96, 0x4473e008, 0x06ca43c1,
            0xb04bb1e6, 0x4fc1c06a, 0x9ea8011d, 0xf7e6acfc, 0xc1b062e4, 0x92e55dd3, 0x3a9d5469, 0xb4ecf6e7,
            0x8ef76431, 0x5774be89, 0xcbb1bb54, 0x239bd358, 0x40d4a709, 0x773190c3, 0x7469ab6e, 0x7d304973,
            0x65853790, 0x72252e10, 0xd4fbb91b, 0xbbf99184, 0x41675edb, 0x33c4b674, 0x60918943, 0x861d7ffe,
            0x87ae862c, 0x84f6bd81, 0xaf01b3a9, 0x2464aff4, 0x9c43c362, 0xbeed2f57, 0x97f1e300, 0xf50d6e83,
            0x8daf5f9c, 0x7396d7c2, 0x8309c12d, 0x483ebcc6, 0xfa1809e0, 0xc8e980f9, 0x5861d9ea, 0x98e48463,
            0xfc548c9e, 0x438c9ca4, 0x299a0ae8, 0xd8b6e5d5, 0xfde7754c, 0x7c83b0a1, 0x88bbe14f, 0x2829f33a,
            0xc95a792b, 0x1ad87a23, 0xac598804, 0x79970e72, 0xda5d27aa, 0xdbeede78, 0x5e2d5c94, 0x8a502330,
            0x59d22038, 0x4d2a0215, 0xb8a1aa29, 0x900e9fac, 0x3588330a, 0x81e20352, 0x627a4b3c, 0x53d3f988,
            0x687b928c, 0x7b7ccc0d, 0x6d6f2c5f, 0x3f89eaba, 0xef53d21f, 0x0b34e6dd, 0x0a871f0f, 0x91bd667e,
            0x5a8a1b95, 0xb91253fb, 0x76826911, 0xdda25b06, 0x2c8eb43b, 0x147ee492, 0xa34cef67, 0xf341ebfd,
            0xaeb24a7b, 0xc2e85949, 0x3e3a1368, 0xba4a6856, 0x123261ec, 0x8f449de3, 0xa5006a19, 0x026d04c0,
            0xcdfd3e2a, 0x169526ed, 0x273c9459, 0x85454453, 0xd2b73c65, 0x25d75626, 0x8051fa80, 0xf1aa2982,
            0x9df03ab0, 0x0f93a1dc, 0xd05cfe1a, 0xa8fecf05, 0x20c3e8f5, 0xa7eba866, 0xbc06ed28, 0xedb81060,
            0x36d008a7, 0x2ac23145, 0xf655552e, 0x45c019da, 0xe2ad7703, 0x9f1bf8cf, 0xe60a3002, 0x6a9050f3,
            0x09df24a2, 0x8c1ca64e, 0x7fdb8b0c, 0x309c8dd9, 0x5b39e247, 0xadea71d6, 0xd54840c9, 0xb3138a4b,
            0x22282a8a, 0xea476ccc, 0xa014d4ca, 0x6f84ee20, 0xa65851b4, 0x9356a401, 0xa4b393cb, 0xf8f3cb9f,
            0xbdb514fa, 0x472bdba5, 0x5f9ea546, 0x042181be, 0xec0be9b2, 0x6e3717f2, 0xaa150d7a, 0x343bcad8,
            0x4c99fbc7, 0x5d756739, 0xcc4ec7f8, 0xb2a07399, 0xe91f5761, 0x1d27068f, 0x1fccc4f0, 0xe7b9c9d0,
            0x3cd1d117, 0x66dd0c3d, 0xb6073498, 0x2e657644, 0xebf4951e, 0x61227091, 0x5260005a, 0xbf5ed685,
            0xc35ba09b, 0x01353f6d, 0x7e6872de, 0x1e7f3d22, 0x0592786c, 0x0d7863a3, 0xe31e8ed1, 0xc64f1e48,
            0xe1f54cae, 0xa94d36d7, 0x69c86b5e, 0xc0039b36, 0x51383bf7, 0x1726df3f, 0xfbabf032, 0x0779ba13,
            0x03defd12, 0x2d3d4de9, 0xdc11a2d4, 0x8908189d, 0x82ba38ff, 0x3763f175, 0xe046b57c, 0xdf499979,
            0x70ceec6f, 0x951a217f, 0x32774fa6, 0x6cdcd58d, 0x6436ce42, 0x1c94ff5d, 0x6b23a921, 0x717d15bd,
            0xb55f0f35, 0x94a9d8ad, 0x1833b85c, 0xd9051c07, 0x56c7475b, 0xeee02bcd, 0x63c9b2ee, 0xf2f2122f,
            0x46982277, 0xd6107b64, 0x4e7239b8, 0xc7fce79a, 0xb1f84834, 0x2b71c897, 0x268f6d8b, 0x1b6b83f1,
            0x75da52bc, 0x0ccb9a71, 0x086cdd70, 0xc4a4dc37, 0x7acf35df, 0x0e20580e, 0xf940324d, 0x21701127,
            0x99577db1, 0x7824f7a0, 0x312f740b, 0x4b66876b, 0xf4be9751, 0x1381983e, 0x0086c6bf, 0xd1ef07c8,
            0x10d9a393, 0x559f7cf6, 0x1980418e, 0xdefa60ab, 0xa2ff16b5, 0x8be3dae2, 0x498d4514, 0x39c56fc4,
            0xd304c5b7, 0x5cc69eeb, 0xc51725e5, 0x15cd1d40, 0x38769616, 0xe5520baf, 0x676ef5ef, 0x9a0f461c
        },
        {
            0x0edf7fe9, 0xf05ce420, 0x707388df, 0x7b3a7c7f, 0xe8a8eef0, 0xc9071dd4, 0x926551d7, 0x4d49393a,
            0x7a6902a8, 0x88595964, 0xf56ed2e6, 0xe2b26487, 0x4261858b, 0x2a42ba0b, 0x8ef01316, 0xee01a482,
            0x808bd170, 0x04c5f59e, 0x3784861d, 0x5a958f5b, 0xd75a5d76, 0x8243d313, 0x56264f5e, 0x65673cdd,
            0xea60ec93, 0x4ab30d9f, 0x7cc048da, 0x79f27e1c, 0x57753189, 0x1903c988, 0x36d7f8ca, 0x4be07348,
            0x93362f00, 0xeb339244, 0xca9c6160, 0x7541be19, 0xb051de47, 0x487b0ffc, 0x1a98b53c, 0xed9ad836,
            0x5247074f, 0xa6de16f1, 0x508f052c, 0x341ffaa9, 0xb3caa2f3, 0x4600cd9a, 0xb7abeae2, 0xcbcf1fb7,
            0x9ed691d2, 0x3f560e09, 0x1c31ff4e, 0x00a4bd8f, 0xdabae3a4, 0xb102a090, 0x85b9e7b6, 0x2e23f21a,
            0x81d8afa7, 0x162b7539, 0x7e084ab9, 0xdbe99d73, 0x15b0098d, 0xd872e1c7, 0x312dcc6f, 0x992ca577,
            0x73e8f46b, 0x8a915b07, 0x7412c0ce, 0x51dc7bfb, 0x54ee4d3d, 0x55bd33ea, 0x9ab7d9c3, 0xab3ea823,
            0x1d628199, 0x9f85ef05, 0xa1242254, 0xcfae57a6, 0x210b4eab, 0xe07a66e4, 0xdd40d701, 0xd9219f10,
            0x2439786d, 0x0876359b, 0x72bb8abc, 0x9d4ded66, 0xcd6655c5, 0xf10f9af7, 0xfdbc5af2, 0x38ac3aac,
            0x8bc225d0, 0xf9dd12e3, 0x0bed492f, 0x26f17a0e, 0xe6d32c96, 0x4f813b59, 0xd2686bb0, 0xf43dac31,
            0xf6f5ae52, 0x4c1a47ed, 0x10823f4b, 0xa78d6826, 0xecc9a6e1, 0x2058307c, 0x5ef4c74a, 0x44c8cff9,
            0x629d0878, 0xbb182ae7, 0xbe2a1c21, 0x2f708ccd, 0x131943ff, 0xd0a069d3, 0x354c847e, 0x2b11c4dc,
            0xdc13a9d6, 0xc31d97a3, 0xae0c9ee5, 0xf88e6c34, 0xa4161492, 0x585d8d38, 0x8310adc4, 0x2cebf079,
            0x3b374618, 0xc62fa165, 0xdf88d562, 0x33e5ce0c, 0x6a4f806c, 0x90ad53b4, 0x7120f608, 0xc1d595c0,
            0x8771e5d5, 0x69d4fcd8, 0x39ff447b, 0xaa6dd6f4, 0xa8a5d497, 0xbce21e42, 0xff745891, 0xf7a6d085,
            0xd60923a1, 0x3d9e0c6a, 0x76dac2ad, 0x033fc13b, 0xacc49c86, 0xaf5fe032, 0x1faa83fa, 0x4ed2458e,
            0xb563e881, 0xd33b1567, 0x5c3cc529, 0x6b1cfebb, 0x66fc4069, 0xb4309656, 0x1bcbcbeb, 0x124a3d28,
            0x3e0570de, 0xa0775c83, 0xbdb16095, 0xd1f31704, 0x307eb2b8, 0x890a27b3, 0x590ef3ef, 0x1850b75f,
            0x1ef9fd2d, 0x14e3775a, 0xfe272646, 0x256a06ba, 0xb299dc24, 0x09254b4c, 0xc5b4ddd1, 0x11d1419c,
            0x4332fb5c, 0x3ccd72bd, 0x5fa7b99d, 0xba4b5430, 0x610674cc, 0xb6f89435, 0x075e892a, 0xa3ec2037,
            0x6db5b4c9, 0xa2bf5ee0, 0x6434420a, 0xef52da55, 0xa9f6aa40, 0xfb151080, 0xc24ee974, 0xe9fb9027,
            0x0abe37f8, 0x97576711, 0x0c177d8a, 0xbf7962f6, 0x6f7db6aa, 0x86229b02, 0x459bb12e, 0x7f5b346e,
            0x7d93360d, 0xfcef2425, 0xcc352b12, 0x060df7fd, 0xfa466e57, 0x5d6fbbfe, 0xe7805241, 0x6887820f,
            0x959f6572, 0xe41b2ef5, 0x67af3ebe, 0x94cc1ba5, 0x2290321f, 0xa5456a45, 0xc77cdfb2, 0x8c381175,
            0x32b6b0db, 0x026cbfec, 0xe5485022, 0xf3c79894, 0x4753b34d, 0xad97e251, 0x27a204d9, 0x9be4a714,
            0x6e2ec87d, 0x78a100cb, 0xf294e643, 0x3a6438cf, 0x960419c6, 0x0d44035d, 0xd4c121c2, 0xe1291833,
            0x23c34cc8, 0xc086eb17, 0x2db88eae, 0x05968b49, 0x0f8c013e, 0x17780bee, 0x4928712b, 0xb9d02884,
            0xc8546303, 0x84ea9961, 0x7789bc7a, 0x288ab868, 0x8d6b6fa2, 0x8fa36dc1, 0x63ce76af, 0xd5925f15,
            0x53147998, 0x91fe2d63, 0x5bc6f18c, 0xdedbabb5, 0x60550a1b, 0xcefd2971, 0x987fdba0, 0xb8835653,
            0x01f7c358, 0x41faf93f, 0xe3e11a50, 0xc4e7a306, 0x9c1e93b1, 0x40a987e8, 0x29d9c6bf, 0x6ce6ca1e
        },
        {
            0xc5ea43a6, 0xf4524b96, 0xc0851998, 0x15a6fe62, 0xdfcc0b0c, 0x87d4c665, 0x379f2d47, 0x2e093239,
            0xe3bfc05f, 0x342f7a93, 0x70cef2ba, 0xbaa407d4, 0x42c6ad5e, 0x8e7355da, 0xa4ee1fa2, 0x59e3ef16,
            0x989dd4f1, 0xef7709de, 0xb8175ae2, 0xdecf01ee, 0x7fb66cef, 0x47a9f760, 0x0d33ebfe, 0xa2311248,
            0x9e42d91b, 0x1fb13a09, 0x9a2e89c7, 0xdba05bd0, 0xc9228a27, 0x127af96a, 0x23c2f15a, 0xf03e1b4a,
            0x369c27a5, 0x7d0531d9, 0xfdf5d829, 0x57987ba1, 0xd8100c04, 0x00f8289d, 0xf99988f5, 0x634f29af,
            0x11caaebe, 0x38e7b312, 0x1c016ddd, 0xbec85708, 0xbd7800dc, 0xaef9dbc9, 0xf5514174, 0x58e0e5f4,
            0x54282c75, 0x2b666807, 0x3c8be3ce, 0x8cc008ec, 0x64932ea7, 0xf7e21c42, 0xd0b49559, 0x93891a78,
            0xc23644ae, 0xb76fc4b7, 0x66207391, 0x8dc3020e, 0x7eb5660d, 0x0c30e11c, 0x999ede13, 0x1d02673f,
            0x6bebb0f2, 0xdc7c5cd8, 0x2a6562e5, 0xd207c86f, 0x1bdd6ad5, 0xa826d623, 0x8008c16d, 0x32f07779,
            0xa181459c, 0x71cdf858, 0x2171ac6c, 0x5a53b8c2, 0xd7689251, 0x810bcb8f, 0x913a474e, 0xeb1b5902,
            0x46aafd82, 0x2f0a38db, 0xcd4edafb, 0x3b57e4c6, 0x27aea186, 0x67237973, 0x49d263d7, 0x5147764b,
            0x97e54aa4, 0xf28d467c, 0xf89a8217, 0x5f3ce2fc, 0x33f37d9b, 0xc7591e90, 0x552b2697, 0x727daf8c,
            0x059772a3, 0x0f80b6c8, 0xb2009e89, 0xc186137a, 0x50447ca9, 0xfcf6d2cb, 0xe6d09a61, 0x52f7219f,
            0xfa29df21, 0xca92ddf3, 0x06272577, 0x39e4b9f0, 0x2cba6f0f, 0x7712f5b2, 0xecc75e0a, 0xe10c9d69,
            0xb66cce55, 0x0e83bc2a, 0x8a1f0506, 0x30432a4f, 0xaa958b15, 0x4419a0b4, 0xd4d8c585, 0x196e37e3,
            0xd91306e6, 0x65902445, 0xcefe8d2f, 0x8b1c0fe4, 0x86d7cc87, 0x28d63fd3, 0x569b7143, 0xfe458ffd,
            0x75a1a884, 0xe00f978b, 0x3a54ee24, 0x3e38bef8, 0xe2bccabd, 0x01fb227f, 0xa65d4294, 0x89af52d2,
            0xad498c1d, 0xd1b79fbb, 0x85679b53, 0x6d34bd18, 0x48d16935, 0x186d3d01, 0xfb2ad5c3, 0x04947841,
            0x4cbd39e9, 0x7ad936d1, 0x1ade6037, 0xf38e4c9e, 0x846491b1, 0xbfcb5dea, 0x5e3fe81e, 0x07242f95,
            0x43c5a7bc, 0x685be726, 0x5d8fbfca, 0x251dfcb0, 0x4075f068, 0xaffad12b, 0x9f41d3f9, 0x737ea56e,
            0xcffd87cd, 0x8f705f38, 0xd304c28d, 0x9df28ecf, 0xab9681f7, 0xedc454e8, 0xcb91d711, 0x024b75ab,
            0x6e84eacc, 0x6c37b7fa, 0x03487f49, 0xc65a1472, 0x624c234d, 0xe9a80434, 0xb1b0c95d, 0x3d88e92c,
            0x4176fa8a, 0x4dbe330b, 0xee74033c, 0x1715a354, 0x10c9a45c, 0xd66b98b3, 0x95561792, 0x74a2a266,
            0x61fc7499, 0xb303946b, 0x4f0d6e3d, 0x88ac5830, 0xea1853e0, 0xbba70d36, 0xe8ab0ed6, 0x0aefecf6,
            0x928a109a, 0x4b613ee1, 0xa0824f7e, 0x53f42b7d, 0xa33218aa, 0xd5dbcf67, 0x9cf1842d, 0x14a5f480,
            0x0bece614, 0x6ae8ba10, 0x7bda3c33, 0x26adab64, 0x7c063b3b, 0xc3354e4c, 0xdd7f563a, 0x90394dac,
            0x3f3bb41a, 0x1eb230eb, 0x085cb1c0, 0xb5dc9981, 0xe463c757, 0x94551d70, 0x79696105, 0x6f87e02e,
            0x60ff7e7b, 0xc4e94944, 0x1379f388, 0x352c7071, 0xac4a86ff, 0x314020ad, 0x5c8cb528, 0x1616a9b6,
            0x4e0e64df, 0xe560cdb5, 0x22c1fbb8, 0x29d53531, 0x5b50b220, 0x4a623403, 0x241ef652, 0x82bb9c5b,
            0xf6e116a0, 0xa5ed1540, 0x095fbb22, 0x786a6be7, 0x96e64046, 0xbc7b0a3e, 0xc82180c5, 0x451aaa56,
            0xdaa35132, 0xe7d39083, 0xff46851f, 0x2072a68e, 0xb4df9363, 0x2db965ed, 0x9b2d8325, 0xa75e4876,
            0xb9145000, 0xb0b3c3bf, 0xcc4dd019, 0x83b896b9, 0x7611ff50, 0xf13d11a8, 0x6958edc4, 0xa925dcc1
        }
    },
    {
        {
            0xcb5ee983, 0x04c7544d, 0x8d5310ae, 0xbd9f193c, 0x0ae7bafe, 0x9ef670e0, 0x20a02046, 0x4001752b,
            0x3fee76f0, 0x3cb91755, 0xda305186, 0x69118e36, 0x298ed322, 0xc8098826, 0xffcb9c63, 0x847de3ca,
            0xd1d57aa9, 0x213c99a8, 0x45c4b0b7, 0x921d4618, 0xf8c581b4, 0xa2d14f8a, 0xe3d2ab70, 0x7ab4ee78,
            0xfe57258d, 0x50f374c0, 0x8a5d0d79, 0x62f4a519, 0x1e4cc767, 0x80249fb8, 0x2ad9b287, 0xfa0e59ff,
            0xedf245c3, 0xd8fb89cd, 0x57fd6917, 0x11f0903a, 0xf1eb72d0, 0x4be45e04, 0xf077cb3e, 0x8f98c8e5,
            0x6bda567d, 0xae3a7972, 0x6e1f93e1, 0xa7148a16, 0xb9c6654e, 0x009e283f, 0x739a1d1c, 0x0ebec68c,
            0xec6efc2d, 0x70cd7cb9, 0xdca2f5bf, 0x914a27bd, 0xdbace868, 0x4d76fa3d, 0x7eed920a, 0xcc50f454,
            0x65fab8ce, 0x890a6cdc, 0xa34df664, 0x23f741e3, 0xf5b20ea2, 0xb67a3213, 0x9f6ac90e, 0x5238ac8b,
            0x4cea43d3, 0x3bb70a82, 0xbb0dbd05, 0x9381fff6, 0x305221ad, 0xf779d6e9, 0x688d37d8, 0xd747de90,
            0xb1742fc4, 0x24f95c34, 0x96443a6a, 0x8896d532, 0x492f864f, 0x060c8c06, 0x7c264a41, 0x7b285796,
            0x7f712be4, 0x95135bcf, 0xe085cad5, 0x77c3616e, 0x5b165fef, 0x27ae3d91, 0xbc03a0d2, 0xad6d18d7,
            0x2f1c771b, 0xa8a8dd4b, 0x749400cb, 0x2dd7af50, 0xa1862e2f, 0x63681cf7, 0xc1277b42, 0x603f7d52,
            0xa443ebb3, 0xafa6c09c, 0x6a46ef93, 0xa93464a5, 0xfb92e011, 0x33054008, 0xeea52466, 0x90d69e53,
            0x82ef47f3, 0x8e04710b, 0x340b5ddf, 0x8373fe1d, 0x09b0db5b, 0xd049c347, 0x765fd880, 0x15a9ec48,
            0x1b8902fb, 0xbf54c177, 0x99f86d37, 0x0255f074, 0x8ccfa940, 0xc6296695, 0xcdcc4dba, 0xc2701ae7,
            0x0b7b0310, 0xa68833f8, 0xdff5941a, 0x4fbd2276, 0x010291d1, 0x17623403, 0xce9b2c1f, 0x6cd44baa,
            0x16fe8ded, 0x7206a4f2, 0x61a3c4bc, 0x7508b925, 0x4356148e, 0xde692df4, 0x6f832a0f, 0xb0e8962a,
            0xb2234e61, 0x79e38fdd, 0x48b33fa1, 0x7151c557, 0x1a15bb15, 0xc0bbc2ac, 0xeb60e1fa, 0xb52d53b6,
            0x9c3da8ab, 0x42caad60, 0xe24e129e, 0x4e219b98, 0x470f68fc, 0x4a78e7ea, 0xfc9cfdc6, 0x38e06b27,
            0xd2821b0c, 0xd31ea2e2, 0x5f4f239d, 0xe9ab39b1, 0xd58c06db, 0xf2bc1375, 0x36c08594, 0x1c871f2c,
            0x97d88384, 0x143555a6, 0x28126acc, 0x81b82656, 0x055beda3, 0x9da11145, 0x67316085, 0xf42eb74c,
            0x86b63b81, 0xabffbcee, 0x3a2bb36c, 0x226bf80d, 0x133b4871, 0x44580959, 0x54aa08b2, 0x3299f9e6,
            0x5536b15c, 0xd410bf35, 0x5ed39a73, 0xb7e68bfd, 0x5c184238, 0xd9673023, 0x12a7f19f, 0xcac2506d,
            0x375c3c7a, 0x2c4b16be, 0x58413e4a, 0x03c9499a, 0x31ce9843, 0xe5400f49, 0x787f3633, 0xdd3e4c51,
            0xf959385a, 0xc57e0730, 0x2565e5da, 0xe4dcb6a7, 0x66add96b, 0x516fcd2e, 0x64660120, 0x419dccc5,
            0xb3bff78f, 0x0de9a729, 0x85e15a24, 0xd6db677e, 0xc7b5df7b, 0x5661d0f9, 0xef399d88, 0x1942dab0,
            0xe6176eec, 0x8bc1b497, 0x872a826f, 0x948fe221, 0x9864d4d9, 0xeafc5814, 0xc99531c8, 0xba9104eb,
            0x397cd2c9, 0x3597e431, 0xfd004428, 0x4693d112, 0xf6e56f07, 0xb85adca0, 0x3e72cf1e, 0x0f227f62,
            0x0c751ec7, 0xe78bd702, 0x5a8ae601, 0x082c62b5, 0x079035e8, 0xacf1a139, 0xe119733b, 0x59dd87a4,
            0x9b33b57c, 0xcf0795f1, 0xa5df525d, 0x5d84fbd6, 0xaa630500, 0xa01a97c1, 0x6d48f244, 0xbec87899,
            0x18de635e, 0xc3eca309, 0x53a41565, 0x3d25aebb, 0x9aaf0c92, 0xf320aa9b, 0xb4b1ea58, 0x2632847f,
            0x2e80cef5, 0x106c29d4, 0x1fd07e89, 0x7dbaf3af, 0xe837805f, 0xc4e2bede, 0x2b450b69, 0x1d1ba6c2
        },
        {
            0xb9bcfcb3, 0x555a8422, 0x0d2a8a32, 0x8f39ddeb, 0x701d8c07, 0x36c5d9e6, 0x2d581a21, 0xa3374676,
            0xe776086f, 0xf73b43e8, 0xc48bfa86, 0x4ec747e5, 0x8253af67, 0x4401b6a7, 0x5bbf9454, 0x4d48251f,
            0xccd4103c, 0xcb7893f2, 0x4c5e5c1d, 0xd8baba8f, 0x972b7cd6, 0x6a9636c2, 0x963d05d4, 0x345cc21e,
            0x24118999, 0x2fc101d9, 0x9a410e5a, 0x279eeb63, 0x2be2e0ed, 0x8345d665, 0xcf5b72c6, 0xa9f1b734,
            0x7bcd0447, 0xdb35d875, 0xe660716d, 0x3bafab6a, 0x3820c990, 0x75281431, 0x41342e91, 0x33f041d0,
            0x506f1c14, 0x7d77fe8b, 0x95b2672e, 0x0b9070fe, 0xff64a952, 0x3ab9d268, 0x5e8a0c62, 0xa0b8248c,
            0xd4c6b101, 0x647326b4, 0x62c9dc78, 0xa2213f74, 0xc8f7f108, 0x86704e53, 0x8b1a3cdf, 0xbd9f1d87,
            0x77b10fc9, 0x07ec7b70, 0xf097c026, 0xb26c74f3, 0xa714a742, 0x4517cfa5, 0xea1c7ae3, 0xcdc2693e,
            0x0a8609fc, 0xe9931819, 0x081f1204, 0x05756088, 0xe2439059, 0xd9acc38d, 0x9cfbf496, 0x203268ad,
            0x52f607ec, 0xab68accc, 0x63dfa57a, 0x84e955ab, 0xb37a0df1, 0x53e07eee, 0x9e62ef6e, 0xd5d0c803,
            0x297bfb15, 0x544cfd20, 0xa602de40, 0xb759ecc5, 0x16b749f5, 0x03cf9a44, 0x40225793, 0x1382d1c3,
            0x31695a28, 0x2ed778db, 0x9191861a, 0x89832727, 0x307f232a, 0x784266bd, 0x43ad3569, 0x3c0328a4,
            0xf20edbde, 0xc3277948, 0x354abb1c, 0x99ce6ca0, 0x0c3cf330, 0xadd25600, 0xd27c4bcd, 0x56d5e6d8,
            0x98d815a2, 0xeb0a03e1, 0x0ea5e8c8, 0x286d8217, 0xb5c0f73d, 0x32e638d2, 0xee3f9bd7, 0x728497ff,
            0x23bd0a57, 0xc231004a, 0x66ea3d4c, 0x0fb391ca, 0x26889261, 0x1acb427b, 0x88955e25, 0x6050c780,
            0x8e2fa4e9, 0x9087ff18, 0xb64f95c7, 0x42bb4c6b, 0xe4f96a95, 0xae5d34fa, 0xbc896485, 0x9ded8d94,
            0xa1ae5d8e, 0xfe72d050, 0xda23a177, 0xbf06067f, 0x18525983, 0xd1f32937, 0x0463198a, 0xc612e17e,
            0x6fa3aef4, 0x1ee8a34f, 0xf8c82a9c, 0x4fd13ee7, 0x17a130f7, 0x9b577758, 0x3936b092, 0xeca6802f,
            0xdc995bbb, 0x8a0c45dd, 0x57c39fda, 0x80cab49f, 0xd749d3fb, 0x6146be82, 0x1d67c1b5, 0x4ae4a6d1,
            0x19442081, 0x1bdd3b79, 0xe885611b, 0x4bf2dfd3, 0x7feee573, 0x06fa0272, 0x1c71b8b7, 0x9f74966c,
            0x015681bc, 0x496bc42b, 0x710bf505, 0x487dbd29, 0xbe107f7d, 0x2507f09b, 0x5f9c7560, 0xedb0f92d,
            0xaa7ed5ce, 0xc1be62b0, 0xb1e31609, 0xde004043, 0xacc42f02, 0x7392eefd, 0xdd8f22b9, 0x743e6d33,
            0x4698ad5f, 0xc0a81bb2, 0x5830f6ae, 0xe0da8ba1, 0xa58dbcba, 0xd36a32cf, 0x15382b0f, 0xb8aa85b1,
            0x5d056e98, 0xfa513164, 0x02d9e346, 0xf181b924, 0xe1ccf2a3, 0x69195438, 0xdf163941, 0x142e520d,
            0x6d3ab50c, 0x76a776cb, 0x51796516, 0xfb474866, 0x59268fac, 0xfcebcba8, 0xbb25e74b, 0x67fc444e,
            0x79541fbf, 0x478ed45d, 0xf5a25810, 0xba339e49, 0xb4d68e3f, 0x81dccd9d, 0x111bca3b, 0xc9e1880a,
            0x5c13179a, 0x22ab7355, 0x1294a8c1, 0xfdfdb2aa, 0x8da0c613, 0x100db339, 0xc704987c, 0xef29e2d5,
            0xb0f56f0b, 0x3f8c4a5e, 0x85ff2ca9, 0x2af499ef, 0x3d1551a6, 0x7ef89c71, 0xf4b42112, 0xd65faaf9,
            0x5aa9ed56, 0x7adb7d45, 0xa8e7ce36, 0xc59d8384, 0x94a41e2c, 0x6b804fc0, 0x6c2ccc0e, 0xf318a2dc,
            0x3e9a335c, 0xf62d3aea, 0xce4d0bc4, 0x1ffeda4d, 0x6eb5d7f6, 0xe355e95b, 0x921ee4e0, 0xaf4b4df8,
            0x680f2d3a, 0x2c4e6323, 0xa49bc5b8, 0x0040f8be, 0xd0e55035, 0x65655fb6, 0x8cb6bf11, 0x37d3a0e4,
            0xe5ef1397, 0xca6eeaf0, 0x87663751, 0x212411af, 0x93089de2, 0x09096b06, 0xf9de539e, 0x7c618789
        },
        {
            0x82cc882e, 0x9f147691, 0xb0f4e084, 0x5455135a, 0x2c3701a1, 0x87dfb740, 0x05a02dc8, 0x5e88c388,
            0xeecf31aa, 0x5fe3c91b, 0xf8a11554, 0xd62a89d2, 0xfcd920a9, 0xd7418341, 0xaf2391ba, 0x6462f471,
            0x5349a3b5, 0xa69ac47a, 0xd339b6bc, 0x8b75ddee, 0x8c696d01, 0xbc5e8a2a, 0x6ebf24a3, 0x747b6af3,
            0xc9fdf8ec, 0x31efff1e, 0xd54e0cc0, 0x36f34ff1, 0x090a4766, 0x33e0709f, 0x21f6619c, 0x6509fee2,
            0x553e19c9, 0x601ac18c, 0x34fcc070, 0x415fb2b6, 0x10aa8c24, 0x7ea6ba21, 0x4c9ed28b, 0xcbf2776d,
            0x08614df5, 0x17b63ccb, 0xe30e5197, 0x68c89edf, 0xf317cf15, 0xa4954bfb, 0xfed6af28, 0xebdc0ec4,
            0x4e915d0a, 0x92d516ac, 0xc320283e, 0x771fefe1, 0x12a503a5, 0xae489b29, 0x637e449e, 0x444c8dd8,
            0xb3906596, 0xdf93dc12, 0x83a782bd, 0xbf3a0f38, 0x0a6ec274, 0xe776646a, 0xa0ed7e06, 0x897a526f,
            0x9808c67e, 0xfaae9ad5, 0x81a80d3c, 0x5b9bfce6, 0xfbc59046, 0x51462c34, 0x46430259, 0x14d2b9d9,
            0xdef8d681, 0x2292e48e, 0x26ead173, 0xe8b88bd6, 0x4b826264, 0xf27cc586, 0xb7e8506b, 0xedabb4b8,
            0xbd3580b9, 0x7bb5854f, 0xc43c98d1, 0x9a0749ff, 0xf0734a07, 0xe412e178, 0xcf8a4290, 0x666d7bf0,
            0xa83f2155, 0xf1184094, 0xb826bfd7, 0xb2fb6f05, 0x58ff79f4, 0xc6331750, 0x91b193be, 0x48e6e776,
            0xf5607569, 0x3597cae3, 0x57319648, 0x8a1ed77d, 0x9d1bf910, 0x2a40bbdd, 0x6cb0ab22, 0xbb423ac5,
            0x67067163, 0xc24b22ad, 0x02bc9d27, 0x43503d37, 0xbe5105ab, 0x06c4a8da, 0x86b4bdd3, 0xb48cd579,
            0x3856aade, 0x94a2acd0, 0xe579ebeb, 0x70035f0e, 0xf9ca1fc7, 0x9963cced, 0x4df5d818, 0xc7581dc3,
            0x23f9ee1d, 0xe9d38145, 0x498dede5, 0x6fd42e30, 0xd252bc2f, 0x8d026792, 0x11c186b7, 0x6171cb1f,
            0xdcf75900, 0x393da04d, 0x0c197808, 0x37984562, 0x29243ecf, 0x258e5461, 0x423b37a4, 0xca997dfe,
            0x2f5384b3, 0x209d6b0f, 0x3d4595b0, 0x03d797b4, 0x565a9cdb, 0xf76ffae8, 0xda80e37c, 0x6ac7115e,
            0x84bb3252, 0x24e55ef2, 0xcee14803, 0xa1867495, 0x95c9a643, 0xa2e2f187, 0x502d26a7, 0x3a59255f,
            0x4034b825, 0xc5579242, 0x6bac1bcd, 0x7dc23f33, 0xa5fe4168, 0x1b1c5665, 0x3b322fcc, 0xf604f07b,
            0x472808ca, 0xb19fea17, 0xcd85cd11, 0xab5ba447, 0xaa30aed4, 0x93be1c3f, 0x2d5c0b32, 0xc12fa7bf,
            0x59947367, 0x9c70f383, 0x62154e0d, 0xd136393d, 0xc044ad2c, 0x5222a926, 0xefa43b39, 0x284f345c,
            0xd88f6cfd, 0xa9542bc6, 0x0b05c8e7, 0x7168559d, 0xecc0be2b, 0x1f646398, 0xa7f1cee9, 0x7674e572,
            0xffbda5bb, 0x9b6c436c, 0x881158fc, 0x75106060, 0x6ddba1b1, 0xd05d33ae, 0x69a3944c, 0x2e388e20,
            0x8e66e280, 0x01d81835, 0x96ad2351, 0x328b7a0c, 0x0e16f789, 0x07afa249, 0xcceec782, 0x0f7dfd1a,
            0x85d038c1, 0x1d6bec19, 0xe61d6ef9, 0xb5e7dfea, 0xeab70457, 0x0d72729b, 0x1878d377, 0xd9e4666e,
            0x7ade8fdc, 0x90da992d, 0x5c874c09, 0x7367da1c, 0x9e7f7c02, 0x78d1005d, 0x15b9b34a, 0xb6835af8,
            0x1c00e68a, 0x1913d9e4, 0xac4714a8, 0x1a775cf6, 0x3c2e9f23, 0x79ba0ace, 0xb94db544, 0x3e2110a2,
            0xc896f27f, 0x4527874b, 0x3f4a1a31, 0x720cd08f, 0xdbebe9ef, 0xdd9c5393, 0xe2655b04, 0xd4250653,
            0xfdb22a3a, 0x8f0de813, 0xe06ad485, 0x4ffa5799, 0xba293056, 0xa389fb14, 0x7ca935a0, 0x7fcdb0b2,
            0xf40b7ffa, 0x5af0f675, 0x80c307af, 0x2781dbe0, 0xe101de16, 0x16dd3658, 0xad2c1e3b, 0x2b2bb14e,
            0x00b312a6, 0x4ae968f7, 0x97c629c2, 0x1e0f690b, 0x04cb275b, 0x13ce0936, 0x3084f58d, 0x5dec469a
        },
        {
            0x7340c353, 0x6bdc9656, 0xfa3ce050, 0x17bd6eb1, 0x055f4279, 0xd8509021, 0x185cf3a6, 0xa908e2e0,
            0x7049c94f, 0x83c2fc6d, 0x7e794975, 0xa5e075eb, 0x03c9acbf, 0x8f2a6b66, 0xec90356f, 0xc214d215,
            0xd0f6fedd, 0x1b55f9ba, 0x97b63e63, 0x9986be59, 0x44896c01, 0xa73862da, 0x15657980, 0x0866c85f,
            0x6a0d8b7b, 0x9a8fb445, 0x3296ed2b, 0x393989cb, 0xef993f73, 0x46517b30, 0xb7025923, 0xe6ee4ca2,
            0xa1ae8c1c, 0x54b357f8, 0x90f1cd88, 0x8213e140, 0xb8e3c434, 0xdec67ee7, 0x66e51c70, 0x112b8077,
            0xea06dba9, 0xf34b9381, 0x3a3083d7, 0x886d988d, 0x7198d462, 0x13f39746, 0x1f1b004d, 0xaa01e8fc,
            0xf8e4f761, 0x8df27c57, 0xf19384b0, 0x55624ad5, 0x4558712c, 0x36d814dc, 0x40c795f6, 0x3e7e7a20,
            0x6073f2b6, 0xa3769b2d, 0x740730b8, 0x57ba5de4, 0x7fa85458, 0x8efb764b, 0x14b464ad, 0x5f1c3318,
            0x2f955cf4, 0xee48225e, 0xbbeace28, 0xf6d4775b, 0x166c739c, 0xed412842, 0xc11dd809, 0xbd7c20ee,
            0xd660101b, 0x048e5f54, 0x21a5dcce, 0x811aeb5c, 0x0c2831a8, 0x512cb322, 0x0ef02699, 0x8c23617a,
            0xcdf54f02, 0x1a84e497, 0x89bc85a0, 0xe90fd1b5, 0x26e22f25, 0xd127e3f0, 0x598addde, 0xf5dd7d47,
            0xd22ee9ec, 0xad461b17, 0x94bf347f, 0x956e2952, 0x10fa9d5a, 0x566b40c9, 0x421f82c7, 0xda888710,
            0xe5e746be, 0x93f8c794, 0xa6e97ff7, 0xffa3048a, 0x9dc847ae, 0x0df92c85, 0xb045aac8, 0x65ec166c,
            0x411688db, 0xcab2bce9, 0x38e894e6, 0x35d11ec0, 0xa07f9131, 0x9c195a83, 0x80cbf671, 0x27333208,
            0x49b0e627, 0x2d4d4bc5, 0x8b649291, 0x6f926fa1, 0xb40b533f, 0x5225b93e, 0x84850f86, 0x1eca1d60,
            0x2903b232, 0xc0ccc524, 0xaf9e0c26, 0x2bdba503, 0xd7b10d36, 0x4c2f02fd, 0x61a2ef9b, 0xc4823cd3,
            0xdc1e69d6, 0x6734015d, 0x5b52caef, 0xd4b8072a, 0x53f4a413, 0x3faf670d, 0x9f10509f, 0x09b7d572,
            0x3be19efa, 0xb34ca0d4, 0x370909f1, 0xf935ea4c, 0x5ecd2e35, 0x1c120a51, 0x5a83d7c2, 0x2e4441d9,
            0xb932d919, 0xb29dbdf9, 0xac97063a, 0x7291de7e, 0x06564865, 0x00c0a6a3, 0xa8d9ffcd, 0x78efa7b3,
            0xbe752af2, 0xa43168c6, 0x0abedf6e, 0x0f213bb4, 0xddcf74fb, 0x0111bb8e, 0x3ca66d11, 0x28d2af1f,
            0x69048167, 0x7ca15e44, 0x0b6fc243, 0x9667234e, 0xb194b7e5, 0x50fdae0f, 0x4861fb0a, 0xcb63a1c4,
            0xf042999d, 0x770e3aa4, 0x0218b192, 0x9ec14db2, 0xe4365b93, 0xe078a264, 0xfd7b13bb, 0x6e43728c,
            0x878c059a, 0xd3fff4c1, 0xe1a9bf49, 0x865d18b7, 0xf7056a76, 0x8ab58fbc, 0x4780661d, 0x6c9b65bd,
            0x9229dab9, 0xabd0f5d1, 0x9120d0a5, 0xcf2d5833, 0x304efa1a, 0xd5691a07, 0xc55321fe, 0x3d77703c,
            0x62abe587, 0xfbedfd7d, 0x2a0ab82e, 0xfcaa0e96, 0x637af8aa, 0x340003ed, 0x75d62d95, 0xcc24522f,
            0x9857a374, 0x243a3814, 0xa2a78600, 0x7a37b082, 0xb6d3440e, 0x4ab9ec3b, 0x237dcbff, 0xf29a8eac,
            0xe2a0b555, 0x9b5ea968, 0x5c153904, 0x855412ab, 0xd9818d0c, 0xf40c606a, 0xba3bd305, 0xdf1763ca,
            0x5dc42429, 0xdb599a3d, 0x1dc3177c, 0xbcad3dc3, 0x68d59c4a, 0x585bc0f3, 0xe8decc98, 0xe73f518f,
            0x43ce9fea, 0x22acd6d2, 0x4ef715cc, 0xcefc451e, 0x4dfe1fd0, 0xebd7c684, 0x76df2789, 0xc86aabd8,
            0xbfa437df, 0xfe7219a7, 0x2074c1e3, 0xb5da4e12, 0xc3c5cf38, 0x198dee8b, 0x643d0b41, 0x2c9c56e8,
            0x4b68f116, 0x3347f006, 0x12228a6b, 0x7d704369, 0xc65a2be2, 0x6d4a7890, 0xe371a878, 0xc9bbb6f5,
            0x4f2608e1, 0x793eba9e, 0x25eb2539, 0x07875548, 0x7be6adaf, 0x319fe737, 0xae4f110b, 0xc78b36cf
        },
        {
            0x8c65fa58, 0x5aa9656a, 0x5243dafc, 0xc1b7825e, 0x3c6e7627, 0x1a5a6ce3, 0xc95d3dc8, 0x7956b1b7,
            0x49055330, 0xf6ec4b7a, 0xd5139fa7, 0xa2bb5f0a, 0xdbbe2d0e, 0x8d2adcc4, 0x24a43ccd, 0x40a0ca3a,
            0x314f07a8, 0x04d72b36, 0xfd8a37ca, 0x08b97c25, 0x51cf19da, 0x29854d42, 0x442422bf, 0x870386e8,
            0xf841f9d3, 0xd45cb93b, 0xd3549298, 0x4e0d7893, 0xa4fc5235, 0x4d81bbb5, 0x92e8bd8d, 0x6e7e6f68,
            0xa1379c2c, 0x9a02021b, 0x3fe2b501, 0xa8920526, 0xb29baa76, 0xd7d07a1d, 0x0a7a999f, 0x0053c3b3,
            0xf3278563, 0xac16eda3, 0x0d72b23c, 0xd97dc8b4, 0x5da14ec9, 0xb0584fcc, 0x0efe711a, 0xa9dd23ba,
            0x97237394, 0xaed50819, 0x8b6dd1fb, 0x12b0d375, 0x7dd25932, 0x2667d977, 0x8ea61fe2, 0x9b4d2487,
            0xb3d48cea, 0xc6bfa9fd, 0x76b42582, 0x2fc2407d, 0x2c4e835b, 0xb8b2f05a, 0xad59cb3f, 0x4a899016,
            0x4cce9d29, 0x42632f80, 0xcf1a30f7, 0x82c848f1, 0x075be810, 0xb9fdd6c6, 0x32c3c48e, 0x651813d8,
            0x25eb1a51, 0xe307701f, 0x37080a97, 0x28ca6bde, 0x697644cb, 0xc47c4c47, 0x5925a64c, 0x16343bf0,
            0xce55166b, 0x0fb15786, 0x5cee6855, 0x9e86ea9e, 0x1ede8466, 0xa63fb78f, 0x456b0423, 0x02902609,
            0x70f328bd, 0x15b8f8d6, 0x1b154a7f, 0x81448bd7, 0x6afa87ed, 0x05980daa, 0x6cbd8ad2, 0xb61f42f3,
            0x91647eab, 0xd0d851be, 0xa078bab0, 0x7819972b, 0x1f91a2fa, 0x8fe9397e, 0x586a80d0, 0xf268a3ff,
            0x5f62ab73, 0x36472c0b, 0x578814e5, 0x6f3149f4, 0xdf3ac58b, 0x94afb0b2, 0x0614ce8c, 0xe8610caf,
            0x0c3d94a0, 0xff49d270, 0xa7709113, 0xe2485683, 0xeaa2e915, 0x4bc6b68a, 0xaf9a2e85, 0x30002134,
            0x89ae3441, 0x9d0a29b8, 0x998ec13d, 0x619cfb5d, 0x60d3ddc1, 0xab1ec600, 0x7ada7291, 0x2e8d66e1,
            0x46e7c705, 0x14f7de4a, 0xf42faec0, 0xf560885c, 0xd832ee28, 0x77fb031e, 0xb750646f, 0xf7a36de6,
            0x41efeca6, 0x864ca074, 0x88e112dd, 0xbfbadbf9, 0xebedcf89, 0x6694d0fe, 0x95e0962e, 0xe40f5bbc,
            0x5404d7c3, 0xfcc51156, 0x338ce212, 0x011ce52f, 0xf1e460d9, 0x3ead939d, 0xe5407d20, 0x530cfc60,
            0x35cbef2d, 0x23ac176e, 0xba7115e0, 0x5be643f6, 0xd1977722, 0xe783989a, 0x7477c038, 0x7230cd07,
            0xb59381d5, 0x902b5837, 0x177b1d6c, 0x2a098e64, 0xc8121b54, 0x13fff5e9, 0x554bf15f, 0x9fc9cc02,
            0xf0ab4645, 0x7e5e9a14, 0x56c73279, 0xe1c495a5, 0xcdd9d54d, 0xe92e2a33, 0xa5b374a9, 0xedaac2b6,
            0x1d524740, 0x7538e6a4, 0x67dbf662, 0x3b665d84, 0xde75e317, 0xc37467e4, 0x39a5b83e, 0x85c06352,
            0xc7f08f61, 0x38ea9ea2, 0xcad1feee, 0xfa821c69, 0xcc96f3d1, 0x47a8e199, 0x03df0095, 0xfe06f4ec,
            0x6bb5a171, 0x22e331f2, 0x2728ffeb, 0x3484c9b1, 0x113c1053, 0x4f425e0f, 0xcb9ed872, 0x3d2150bb,
            0x8a22f767, 0x6210387b, 0xe08bb339, 0xfbcd3af5, 0xdcb606ad, 0xef69270c, 0xc23b4178, 0x216ff2d4,
            0x7c9d7fae, 0x6df2ac4e, 0x432c091c, 0xe6ccbe06, 0x83876e6d, 0x18998959, 0x7b95540d, 0xbb3e337c,
            0xc0f8a4c2, 0xdaf10b92, 0x98c1e7a1, 0x19d6afc5, 0x3a297b18, 0x800bad4b, 0x2b46a8f8, 0x09f65ab9,
            0xbc3618df, 0x9c450f24, 0x635f1ee7, 0xbef5fd65, 0x484a75ac, 0xa3f47996, 0x64573544, 0x848f45ce,
            0xc5336adb, 0x107336cf, 0xece5e42a, 0xb1176950, 0x2d01a5c7, 0xd69f5c81, 0x71bc0e21, 0x50803f46,
            0x7f11bc88, 0x737feb9b, 0x68396257, 0xf90edf4f, 0xb4dca749, 0xaa51e09c, 0x2020d448, 0x5e2d8def,
            0x93a79b11, 0xddf92031, 0x966c5508, 0x1c1d61dc, 0x0b35bf03, 0xd21bb404, 0xbd793e43, 0xee260190
        },
        {
            0xb986d7da, 0xaa8dadf3, 0x842adf86, 0xfb5156ad, 0xb27ee31f, 0xd8b48c3c, 0xa2d094e3, 0x6ac5797f,
            0xb05dc8ea, 0xd653290d, 0x0a7104b9, 0x4a85ae3b, 0x2ea86429, 0xea790771, 0x9d5fb74a, 0x696074aa,
            0x923e345b, 0xa8ae8606, 0x57697123, 0x1de3c944, 0x8acd7ab7, 0xde0e101d, 0xd0e9b52c, 0x93b8127b,
            0x44620b0a, 0x161bfd81, 0x80b36852, 0xe3a21841, 0x2d0d69fc, 0xf30c6fbd, 0x12824a55, 0xf613fe49,
            0x95028e5a, 0x9f7c9cbf, 0x022c3da9, 0x000f165c, 0xca39d035, 0xa1759936, 0xf9727d58, 0x2f2e4209,
            0x40fbbcde, 0x1adf7345, 0x554a5ad6, 0x0d4dbeb8, 0x2bb7f5dd, 0xe9dc0aa4, 0x70151c66, 0xcf2641c1,
            0x15bef054, 0x8e54cd63, 0x1c65ef64, 0x179ddba1, 0x5276e0d7, 0xa5ec2ee2, 0x9a630d4b, 0x81354e72,
            0x4f9a3fcf, 0x0ee8b36d, 0x4db9143a, 0xdc2d3be8, 0x748cabb2, 0xe0071594, 0x984026be, 0xd47002f8,
            0x51d3ed02, 0xf12f4448, 0x5f344833, 0x3b198221, 0x2a31d3fd, 0x9efaba9f, 0x06b58a7d, 0x8c77e696,
            0x32c29d11, 0x7d57b482, 0xe6bd89b5, 0x878fd253, 0xf28a499d, 0x18fc58b0, 0x3c253820, 0x750a8d92,
            0x83166587, 0x464120ff, 0xf795d869, 0x6fdae88b, 0x5badffe7, 0x204fc118, 0xe49ea240, 0x901d1fae,
            0xe73baf95, 0xd16f930c, 0xa7cf0517, 0x4b03881b, 0x6298406f, 0xd5f624d8, 0xab0b8bd3, 0x23eacccd,
            0xebff2151, 0xc3e2cf05, 0xcc834c14, 0x6787d19b, 0xae141a27, 0xf0a96268, 0x21c9e738, 0xa6492337,
            0xbf3c4bfb, 0xd34cb8f9, 0x34780130, 0xd2ca9ed9, 0xdb1181e9, 0xc4de7504, 0xc5585324, 0xb3f8c53f,
            0x37dd0ce5, 0xe2243e61, 0xd932aa1c, 0x10a161a0, 0x6c7fe55e, 0x53f0c6f7, 0x7f749f77, 0x0ccb9898,
            0xddab1dc8, 0x3344bb31, 0xb6e754cb, 0x3f8035f5, 0x42d8972b, 0xd7d50f2d, 0xf5b6f39c, 0xfc6decac,
            0x2c8b4fdc, 0x3da31e00, 0x8609f473, 0x5eb26e13, 0xc047c2d0, 0x6df9c37e, 0x3e0613d5, 0xc6fd5ef1,
            0x5808f232, 0xe18133b4, 0x9484a87a, 0x6b435f5f, 0xc1c1e4f0, 0xb4c47f3e, 0x89687762, 0xf8f45b78,
            0x435eb10b, 0x613d4dba, 0x7bed28a3, 0xdf88363d, 0x365b2ac5, 0xa928a026, 0x8fd2eb43, 0x72363793,
            0xb76172eb, 0xda97a7c9, 0xb800f1fa, 0x3a9fa401, 0xcbbff615, 0x08522f4c, 0xe5188460, 0x6601f7bb,
            0xa0f3bf16, 0x9721a5af, 0xadb117f2, 0x60bb6b9a, 0x8df1c0b6, 0xed45bd70, 0x226ceaed, 0x0733ac5d,
            0x96a7838f, 0x919b398e, 0xbba5fc2f, 0xfdebca8c, 0x7cd192a2, 0x73b011b3, 0xba23da0f, 0x4920a3ee,
            0x35fe2710, 0x13046c75, 0x5a2bd9c7, 0x85acf9a6, 0xc99cdde0, 0x1e46c491, 0xecc39b50, 0x9be52b6b,
            0x26f55d39, 0x54cc7cf6, 0xfe4ec759, 0xaf923c07, 0xa46a08c2, 0x6e5cceab, 0xac3731d2, 0x0bf72299,
            0x1fc0e2b1, 0xeee0b0a5, 0x829043a7, 0x30e1b6e4, 0x8b4b5c97, 0x99c6009e, 0x255050ec, 0xc77b78d1,
            0x1438d674, 0x03aa1b89, 0xb542591e, 0xa356b2c3, 0xcd056a34, 0x24d676cc, 0x6422dc4e, 0x65a4fa6e,
            0x2812f808, 0x78482576, 0x631e664f, 0x0189307c, 0x7ef2b957, 0x5055cb22, 0x0f6e954d, 0x56ef5703,
            0xcea067e1, 0x76af8047, 0x88ee5142, 0xb1dbeeca, 0x45e42d2a, 0x5c9145e6, 0x27737b19, 0x48a685ce,
            0xbd1f600e, 0x47c706df, 0x1b595565, 0x4c3f321a, 0x11274780, 0x09d4096c, 0xf430d5bc, 0x68e6528a,
            0x2994de28, 0xc81afbc0, 0xe85a2c84, 0xbeba6ddb, 0x71933a46, 0xffc8e179, 0xef669685, 0xbc99462e,
            0xc264e925, 0xfad7708d, 0x7a6b0e83, 0x417d9afe, 0x79ce0356, 0x598ed412, 0x4e1c19ef, 0x051087a8,
            0x9cd9916a, 0x7729a667, 0x316790c4, 0x393aa9d4, 0x5d1763c6, 0x0496a188, 0x38bc8ff4, 0x197a7e90
        },
        {
            0x6aacb3c4, 0x326ef9d6, 0x44311b90, 0x80216758, 0xf51cd079, 0x8a966d2e, 0x99102943, 0x21e8bdbb,
            0xec2d9e62, 0xaa7a24ff, 0x5013e169, 0xf2b86eed, 0x4c94775f, 0x2ee96fe0, 0xafccfcd2, 0xcb656927,
            0xced3b10a, 0x9ca6f16e, 0x307c9f6f, 0xc676ddc5, 0xe7eaa7ca, 0x228ae8dc, 0xca155af9, 0xed5dadbc,
            0xb34b6ae4, 0xc2b03636, 0xb9fc6092, 0x1a27dcc8, 0x0c174088, 0xc1d26351, 0xe25c7fe7, 0xffabda0f,
            0x3acb9519, 0x520187d0, 0xe488f2ad, 0xd7e2ff11, 0x57b75ffd, 0xc9770f9e, 0x9611fb18, 0xe69a9414,
            0x264c032f, 0xf3c85d33, 0x40f7f063, 0x39a9c07e, 0x6bdc801a, 0x5f123332, 0x601bb9b2, 0x8be65ef0,
            0x06a04afe, 0xe32c4c39, 0xee3ff8db, 0xb23b593a, 0x09a198a5, 0xbbee062b, 0xe8eb7591, 0x9eb497d7,
            0xa8684246, 0x2a2f8413, 0x7a48a2ce, 0x7dec1c5a, 0xbf28edd8, 0x4a40fa15, 0x59c6be78, 0x1cf35182,
            0x94039da1, 0x48529cac, 0xa3af7bee, 0x3e0d7eea, 0xacaea9b5, 0x3c1f1853, 0xf1da3b8a, 0x84e78cab,
            0x14563d4d, 0x1734682a, 0x0104f46a, 0xd32414e2, 0xfa1d0222, 0x56c76c23, 0xeb8920f6, 0x0ac3cdc2,
            0x2f995c3e, 0xc8073c40, 0xcdb1e46d, 0xd254273c, 0xa2df4830, 0xa769901d, 0xe04e195e, 0x4e8611e6,
            0xdd55f567, 0xf97f5745, 0x762b25f2, 0xba9e35f5, 0x4395a504, 0x7e8e493d, 0x4b30c9cb, 0xd136725b,
            0xccc1d7b3, 0x2cfb0959, 0xde37a000, 0xa1bd1d57, 0x283de2aa, 0x42e596da, 0xd480aa76, 0x93a72335,
            0xd9931e94, 0xe13e2a80, 0x1f9104e5, 0x0bb3fe1c, 0xb1590c5d, 0x792af7a9, 0x3bbba6c7, 0x9dd6c2b0,
            0x2d8b3a87, 0x36a81225, 0x8c42e064, 0x6379ecd5, 0xe5f8c173, 0x9fc4a409, 0x4922af72, 0x4541284e,
            0x5bd4d8c1, 0x775b162c, 0x58b68da6, 0xbe58de06, 0xa57bf6a4, 0x04b22c47, 0x89f43849, 0x616b8a6c,
            0x1282b007, 0x1835ba71, 0x310cacb1, 0x9a727c24, 0x5c706655, 0x718f9b66, 0x75497095, 0x37d821fb,
            0x7c9c2f84, 0xf0aa0854, 0x11e0e560, 0x92d710eb, 0xd8e32d4a, 0x86f5ea12, 0x273c30f1, 0x739dfddf,
            0xdaf14bf3, 0x64dd5241, 0x6d080d50, 0xfcc98f68, 0x194589af, 0x823301e1, 0x9573ae7f, 0x38d9f3a0,
            0xdf4793de, 0x331eca08, 0x81515486, 0x15260e93, 0xdb81782d, 0xb88c534c, 0x0074c7b4, 0x3f7d4d34,
            0xcfa382d4, 0xaebccf0c, 0x3d6f2b8d, 0xb6fdb2c9, 0x7ffe7ae3, 0x46237d29, 0x88840b97, 0x0e052631,
            0xf67e851e, 0x785ac477, 0x05c21f99, 0xf80f649b, 0x4de44481, 0xfedbe9d1, 0xc51488a2, 0xc464bb7c,
            0x5371b40e, 0xbd3a8b61, 0xbc4ab8bf, 0xb4efd470, 0x5aa4eb1f, 0xa40bc57a, 0xc706ee1b, 0x252e5648,
            0x5e6200ec, 0xe99b464f, 0x2b5fb7cd, 0x294dd174, 0x6e6a5837, 0xb59fe7ae, 0x6209df0b, 0xfb6d31fc,
            0x245e6596, 0x6f1a6be9, 0x20988e65, 0x68bed57d, 0x8f20b503, 0xd692cccf, 0xf46ce3a7, 0x7439434b,
            0x98601a9d, 0x72edce01, 0xdc25c6b9, 0x16445bf4, 0x54d50a9a, 0x8597bf75, 0xef4fcb05, 0xc0a2508f,
            0xa9187198, 0x031692d3, 0xab0a1721, 0xd5f099a8, 0x8e5086dd, 0x1d83625c, 0x0d677356, 0x5d00558b,
            0x1b57ef16, 0x7b389110, 0x4ff62238, 0x65ad619f, 0x34ba749c, 0xb0293f83, 0xadde9a6b, 0x91b5458c,
            0x35ca4742, 0x90c57652, 0x4187c3bd, 0x69cee6a3, 0xc3c005e8, 0xd0464185, 0x55a53944, 0x9b024ffa,
            0x6c783e8e, 0x47534ef7, 0x07d07920, 0x1ee1373b, 0xa619a3c3, 0x9761c8c6, 0x0f7515ef, 0x66cf34f8,
            0x13f283d9, 0xeaf91328, 0x08d1ab7b, 0x1090d6be, 0x5163d2b7, 0xa0cd2e89, 0x8d32d3ba, 0xb78d8117,
            0x67bf0726, 0x8343323f, 0xf70eb6c0, 0x23fadb02, 0xfdb9bcb6, 0x70ffa8b8, 0x8785d9cc, 0x0266a10d
        },
        {
            0x5b784424, 0xc2601396, 0xd80ad8fa, 0x4cdea93b, 0xabf9002f, 0x4229f17a, 0x06d3c7d1, 0x3bdf9869,
            0x0d6af752, 0x3daa8e99, 0x5ac4c561, 0x5d0d52d4, 0x32e1579d, 0x77a7e073, 0x21b55305, 0x2332ac72,
            0x9fcb9063, 0x0fed0825, 0x72e988b1, 0xbed81247, 0xd20f693c, 0xc9d92315, 0xcae25d27, 0x71d2f683,
            0x6bb83def, 0xd47a7fcc, 0x46db18fd, 0x54339d20, 0x228e2d37, 0xbf649302, 0x40ae0e0d, 0xa04030ac,
            0xff6c4c2e, 0x633a735e, 0x1b709b08, 0x4aabbfcb, 0x8b56034e, 0xa4b2d92b, 0x1e3ef3ca, 0xe2cf10f7,
            0x5cb1d391, 0xf31ceb18, 0x5f8aada3, 0x4990c1f9, 0xb7e6ddb3, 0x13f2d5b9, 0xb65a5cf6, 0x4d62287e,
            0x267cc4b0, 0x4395703f, 0x335dd6d8, 0x7c1ed0f0, 0x654f65ae, 0xb2a8b571, 0xfa2224ec, 0x2547ba82,
            0xaf0be9a8, 0x2dc5f433, 0xe1f46ec5, 0x99be8693, 0xebf1df03, 0x558f1c65, 0x7da251b5, 0xa1fcb1e9,
            0x41128f48, 0xb8ad04b7, 0xaeb768ed, 0x85a15b0f, 0xa50e586e, 0xb56122c4, 0x78ec3977, 0x4b173e8e,
            0x1acc1a4d, 0xac30979a, 0xd088964b, 0x1f82728f, 0xcfac35e5, 0xfb9ea5a9, 0x3528c028, 0x7950b832,
            0x9e771126, 0xd3b3e879, 0xdcf8317d, 0x2efe8a01, 0x9207b610, 0x5708e312, 0xef033684, 0x2f420b44,
            0x039daf13, 0xf9195ade, 0x6dcd2b1f, 0x10c9ab8b, 0x6a04bcaa, 0xeebfb7c1, 0xc0e7ece1, 0xe5068742,
            0x60010d6c, 0xdd44b038, 0x50c174a7, 0x869a253d, 0xec3848b6, 0x8268ccba, 0x9a85f8a1, 0x75201f04,
            0x2bb0e2c3, 0x706e77c6, 0xa635265c, 0x7f25aec2, 0xe7817835, 0x8fa4eac9, 0x38e4e65b, 0x4fe5d709,
            0x6c71aa5a, 0x2c797576, 0xe37391b2, 0x841dda4a, 0x011a5064, 0xf19b146f, 0xd6fd80bb, 0x3494416d,
            0x8726a478, 0x8aea820b, 0x80ef33cd, 0x53fa0a95, 0x58433a16, 0xb4dda381, 0x886d7d7c, 0xf7ee029f,
            0xf2a06a5d, 0x288b9cf1, 0xcb5edc62, 0x0cd67617, 0xda8d278d, 0xba2afbc0, 0xdfc34f4f, 0x6ef6552d,
            0xe048ef80, 0xf569fde8, 0x11752ace, 0x124e54fc, 0xc5a98423, 0x24fb3bc7, 0x8e186b8c, 0x02212e56,
            0x1587c349, 0x7a6bc600, 0xbc5fed30, 0xc692fa11, 0xf8a5db9b, 0x0b1fe1a2, 0x56b46257, 0x95ce21a5,
            0x6286f21b, 0x67c89ad9, 0x7e992f87, 0x59ffbb53, 0xb193cb43, 0x29371db4, 0x96f55f97, 0xe4ba0607,
            0x83d44dff, 0xd9b659bf, 0xc72e7b54, 0x913cc822, 0xa789a719, 0x0e518960, 0x3c160fdc, 0xcd2bca92,
            0xaa45816a, 0x31da29af, 0xb3143434, 0xde7fce0a, 0x00a6d121, 0x09981ed5, 0x045438a6, 0xa2c7cfdb,
            0xa97eff58, 0x19f7647f, 0xc3dc92d3, 0x749c9e41, 0x1cb90cbd, 0x89d1fc39, 0xc4150566, 0x52468bd0,
            0x08249f90, 0x17003c3e, 0x3e91f0ab, 0x476799b8, 0x3f2d71ee, 0xf65283da, 0xfdebb359, 0x05e8b9e3,
            0x37af3f5f, 0x2009d240, 0x184be53a, 0x3066a8ea, 0x143b420c, 0xa8c27e1d, 0x5e362ce6, 0xb91185f2,
            0xd134170e, 0xc865a250, 0xd74101fe, 0xbde36c75, 0x735509f4, 0x3a63192c, 0x61bd8c29, 0xe9762074,
            0xc15b6da4, 0x27c045f5, 0x482c40bc, 0x66741b9c, 0xdb31a6c8, 0x9d4c6f14, 0x64f3e4eb, 0x90804967,
            0x688343dd, 0x0aa360e7, 0x9472a0e0, 0x3958671e, 0xe63df970, 0xe8caa131, 0xfc57321c, 0x980207d6,
            0x4e59564c, 0xad8c16df, 0x8153b288, 0xbb967a85, 0xcc974bd7, 0x9b3979e4, 0x076f4694, 0xea4d5e46,
            0x445ce78a, 0x7bd74745, 0xd5c6fe89, 0x6f4ad468, 0xed84c9f3, 0x8c9f94fb, 0x1d058df8, 0x9749ded2,
            0x693fc298, 0x45e066cf, 0xce10b4a0, 0xb02f4a06, 0xf4d57cad, 0x3613be1a, 0x16bcbd7b, 0x8d2315be,
            0x2a0c6386, 0xfed0cd6b, 0x9cf0ee51, 0x517df5e2, 0xf027952a, 0xa37b4e9e, 0x93bb3755, 0x761b6136
        },
        {
            0xe2e016bc, 0x3edf6465, 0xf8ee8bfe, 0xb275c35a, 0x8f5d5609, 0x895bc0f8, 0x24d1f927, 0x182cd66c,
            0xa259d90b, 0x96304110, 0x9280e7a2, 0xc176b81f, 0x7fb311ca, 0x5c25bf69, 0xe9172bb7, 0x3bba78cf,
            0x64683690, 0x2667c964, 0xc7702eee, 0x536224d0, 0x4ebf957b, 0xc5c61ead, 0xeec4075e, 0xe5333a55,
            0xa73cc5a1, 0xdfc883ef, 0x41f80ec2, 0x9a1450f2, 0xe335aca4, 0xb3a07942, 0x8c3edc52, 0x00947b6d,
            0x176b4dd5, 0x429b8499, 0x2ef37e34, 0x4a0f33c9, 0xfd8b9754, 0x3c695426, 0x462b222b, 0x2c454e77,
            0x9bc1eaea, 0xf319b6f5, 0x292052dd, 0x2b96629e, 0xdcab09b4, 0xd2392815, 0x496cb992, 0xd6898ea7,
            0x9f714c58, 0x6d293bd8, 0x57d28262, 0x73970028, 0x2302d5ce, 0xcd52a9fd, 0x5e938f2a, 0xf51f2004,
            0xf2cc0ced, 0x52b79ec8, 0xb6c565e8, 0x1b4f5c37, 0x27b2737c, 0xd81baf06, 0x1408c78e, 0x0d65d097,
            0xe4e6804d, 0xc3c0885c, 0x22d76fd6, 0x79b5873b, 0x332ecf9f, 0xb0c3f319, 0xb1164901, 0x449d1268,
            0xc9e20f4f, 0x38d9f294, 0x28f5e8c5, 0x1d49cac6, 0x65bd8c88, 0x03f7f136, 0x857fd11a, 0xad1e42b2,
            0x32fb7587, 0x3198ffdc, 0x74442cc1, 0x9036d7e1, 0x3528596e, 0x34fde376, 0xcc8713e5, 0xa38c6313,
            0xb982fe51, 0x2f26c42c, 0xca818514, 0x4f6a2f63, 0x91e36df9, 0x2d90f46f, 0xea74a1ec, 0x5a232998,
            0x7e66abd2, 0xbce7e2fb, 0x2504433f, 0x7727a69a, 0x610d2a3a, 0xcb543f0c, 0x6e4ab183, 0x379e692d,
            0x76f21c82, 0x670bbccb, 0x78603d23, 0x84aa6b02, 0x93555dba, 0xe7850a16, 0xec72371d, 0xe1839ce7,
            0xc2153244, 0x9553cb4b, 0xa45f4ffa, 0x390c488c, 0xf07a3cae, 0xdaad9f45, 0x15dd7d96, 0x70f48a73,
            0xce3123a6, 0x5564b221, 0xaacd6e5b, 0x7ad60d60, 0x97e5fb08, 0x1ffffa85, 0x09d57625, 0x4c09a538,
            0x02224b2e, 0xb710dff0, 0x5df00571, 0x7242ba30, 0x0424dddf, 0x759196d9, 0x9dc77c1b, 0xaccbf8aa,
            0xdb78255d, 0xe05626ff, 0x63bb1a79, 0x6afa1731, 0x81cf77a8, 0x626ea061, 0xeda78d05, 0xd3ec920d,
            0x69999d6a, 0xcfe499be, 0xd43fbee4, 0x9977daa9, 0x0ab6fc7e, 0xb5a6efb3, 0x837947eb, 0x120e517f,
            0xae7dc8e9, 0x8e88ec11, 0x21b4e58d, 0x5f463532, 0x47fe9833, 0xa58af5e2, 0xa87b5e18, 0x66de06d3,
            0xd08f1856, 0x5001ae8b, 0x6cfc81c0, 0x4548a870, 0xde1d39f7, 0xa13a5350, 0xe8c291af, 0x8bedf0bb,
            0x0e065acc, 0xf93b31e6, 0x2a43d886, 0xb47355ab, 0xe650b00e, 0x434e3e81, 0xbae1740a, 0x98a260b1,
            0xfa58bbbd, 0x5940a3c3, 0x1e2a409d, 0xa9aee400, 0xc413a4b5, 0x861c5b41, 0x888e7ae0, 0x5607387a,
            0xbf8468a0, 0xfee81d0f, 0x402db4da, 0x1c9c70de, 0x54b10839, 0x87c9e159, 0x16bef7cd, 0x0cb06a8f,
            0xfb8d01a5, 0xdd7eb3ac, 0x7b03b778, 0x0141c175, 0xd5ea04fc, 0x304d45c4, 0xbd3258e3, 0x0b634666,
            0xd15aa24e, 0x05f167c7, 0x07475784, 0x0800cc3d, 0xc837b557, 0x801acdb0, 0x3dbcee3e, 0xeba11bf4,
            0x4ddc1f20, 0x7d052189, 0x6f9f0b9b, 0xafa872f1, 0xf67caa5f, 0xc0a30207, 0x9c12c603, 0xf1af86b6,
            0x9ea4f640, 0x364bd335, 0xb8574449, 0xf4ca9a1c, 0x7cd09b91, 0x51d41493, 0x8deb664a, 0x6b2fad29,
            0x10b8613c, 0x7121306b, 0x60d89022, 0xab18d443, 0xd75c34bf, 0x8a384aa3, 0x94867153, 0xff3da717,
            0xfc5e2d4c, 0xc6a594f6, 0x0692ed9c, 0xd9ce151e, 0xf7a91047, 0x5bf69380, 0x20615f95, 0xa6e97fb9,
            0x116ddb24, 0xef11bd46, 0x4bda89d1, 0xbb34ce12, 0x19f96c74, 0x48b9038a, 0x13dbeb67, 0xa0efe948,
            0x589519db, 0x3f0ade7d, 0x3a6fc2d7, 0xbe51d2b8, 0x1a9ae62f, 0x0fd3e0d4, 0x684c2772, 0x82acfdf3
        },
        {
            0x11b7b54e, 0xa42ddf7a, 0x23b85629, 0xfc241c5e, 0x486bddbe, 0x9226b1ac, 0x42d10070, 0x2cd3ad82,
            0x88387efe, 0xb9058287, 0xc3a7b058, 0x0113a7d2, 0x710b48c3, 0xe8848373, 0xba379d99, 0x81b0bc2e,
            0x2be53f2d, 0x4f5d4f11, 0x04c281b7, 0xe63ad30c, 0x302e5bab, 0xc5448923, 0x1dee51fb, 0xd435306b,
            0x208a4937, 0x61af5a5f, 0xbcd4a4e2, 0x3da214ca, 0xc095af46, 0xf82091ef, 0xf34fe7f5, 0x96223c1d,
            0x1c3bfa2f, 0xae9702b4, 0x7c8707a2, 0x56719f5d, 0x989c6c62, 0x3e900bd4, 0xc1400492, 0x9e7f5519,
            0x1f09e531, 0x39a6997b, 0x97f797c9, 0x674c6324, 0x8c3cf34f, 0x168127e1, 0xa8743bcf, 0x03f41318,
            0x0d4a4367, 0x723957dd, 0x47002615, 0x6827988f, 0x2669704c, 0x6ec4a1f4, 0x28d72033, 0xdc68596f,
            0x1285aa50, 0xf479755a, 0xe7ef78d8, 0xb489cde6, 0xf74b6a44, 0x215fe2e3, 0xe95128a7, 0x77e871b8,
            0x795621c7, 0x15b338ff, 0xfb128ef1, 0x3718c904, 0x2fe1b29c, 0x3f45a000, 0x1ad8c354, 0x8282a330,
            0x90c10566, 0xa31b4dd5, 0x9c98e1d3, 0xf1a8533f, 0x6f110a20, 0x8adfca34, 0xdf5a4671, 0x6348ee95,
            0x629d4541, 0x1b0d6880, 0x31fbf07f, 0xda8b6014, 0x10621e9a, 0x6699c8f0, 0x9bae737c, 0x86862e81,
            0xcbfad95c, 0x4432390b, 0x05172a63, 0x45e792df, 0x7bb1950d, 0x094eced6, 0x17548c35, 0x32c9ef61,
            0x4036b4ba, 0xff160340, 0xe508cc12, 0xe3ebf569, 0x46d58dc1, 0x13500184, 0x89edd52a, 0x78838a13,
            0x5ccb4293, 0x226dfdfd, 0xce2bff39, 0x750fc572, 0x57a43489, 0x9a7bd8a8, 0x53a0b938, 0x5d1ee947,
            0x8edb4785, 0xb3bf5f49, 0xca2f7288, 0x331c44b5, 0x4a8c6974, 0x8b0a61e0, 0xbbe2364d, 0xada51daa,
            0xd86cd4de, 0x5bfdd03c, 0xe0d9ea77, 0xb08d4057, 0x183f779e, 0xb158eb83, 0xf5acde8e, 0x5ff95d8d,
            0xd6d284a1, 0x54962b97, 0x0a7cd1c8, 0x8de9589b, 0x6ac02c45, 0x4304aba4, 0xc7a33de9, 0x93f31a78,
            0xb66e792c, 0x84619a4b, 0xa5f874ae, 0xec800ec2, 0xe10c41a3, 0xa71fc064, 0x0ba97a1c, 0xd2d60910,
            0xd5e09bbf, 0xa6ca6bb0, 0x85b4319f, 0xee67ba08, 0x49be766a, 0xd9b97f0a, 0xfec3a894, 0x0c9fe8b3,
            0x387332af, 0xd7072f75, 0xd031bdda, 0x70dee317, 0x0221b8cc, 0x255b6f52, 0xb7bbd2f8, 0x9949c7b6,
            0xaf42a960, 0x65abd7ee, 0x0e785c79, 0x7e60b368, 0x51470df2, 0x5e2cf659, 0x763dda6c, 0xe4dd67c6,
            0x647e7c3a, 0xbd010f36, 0xf9f53a3b, 0x73ecfc09, 0x69f2335b, 0xc676963d, 0xb26af49d, 0x3a948665,
            0x29028be7, 0xbfe6bbfc, 0xa02952cb, 0x806517fa, 0x1466932b, 0xfdf1b78a, 0x4b59c2a0, 0x835708e4,
            0x7a643ed9, 0x00c60c06, 0x089b6502, 0xe23e5ebd, 0x4dbafbdb, 0x248ec486, 0x7d52ac76, 0xde8feda5,
            0x0fadf7ad, 0xd303a2c4, 0x607af18b, 0x87538555, 0xa2cee601, 0xa9a1901b, 0x7fb518bc, 0x27bcdb98,
            0xab4624d1, 0xc49122f7, 0x95102303, 0x3b412db1, 0xefb211dc, 0xa1fcf91f, 0xcffe54ed, 0xed55a516,
            0xcccc4bf3, 0x591a64f6, 0x35ff7dce, 0x8f0eec51, 0x94c588d7, 0xcd19e027, 0x19eadc4a, 0x2e341948,
            0xb8d02953, 0xaa938f05, 0xfac72525, 0xdb5ecbc0, 0x07f09ea9, 0xc8c8c642, 0x36cd62d0, 0x5092a626,
            0x0625357d, 0x58cfcf22, 0xf07df8eb, 0xc91d6d96, 0x41e31f6e, 0x6df6beea, 0xd1e4160e, 0x4c6f500f,
            0x6b158791, 0x3c77bf1e, 0xddbdf2bb, 0xf69ec190, 0x4e88e4c5, 0xb55c6632, 0x74da6ea6, 0xc2721b8c,
            0x6c23153e, 0xbe331028, 0x9114aeb2, 0x5a287be8, 0x9faafecd, 0xea6337b9, 0x342ad61a, 0x55438043,
            0xebb69c6d, 0xac70b67e, 0x9d4d4a07, 0x2d060656, 0x527512ec, 0x1edc4ee5, 0x2a3094f9, 0xf29a4c21
        },
        {
            0x7be22a73, 0xdabf9a65, 0xffc103b6, 0x72243794, 0xef031966, 0xaf23bc36, 0xbca26454, 0x575aae47,
            0x78a1e8c1, 0x73a71509, 0x22c68814, 0xd3798782, 0x964c9bc8, 0x64b056ec, 0xbaf41ffc, 0x844e6137,
            0x6e3589b9, 0xf29185d6, 0xedc3f949, 0xb9b7dd4e, 0x870da385, 0x67f3945e, 0x7167f526, 0xcda8d980,
            0xa6e5a1d1, 0x31475076, 0xe405e4ae, 0xa130f8e4, 0x1f3f346d, 0x70e4d7bb, 0x29c075dc, 0xeb9582e1,
            0x21854aa6, 0xbe62847b, 0x56d98cda, 0xd1b967ad, 0xac607e84, 0x3a41adbe, 0x985fdf1a, 0x9cc9449d,
            0x75f16ea1, 0xcf6839af, 0x498bf045, 0x9a9f3f35, 0x0cbeec0f, 0x032e8a40, 0xd9fc58d7, 0x510cd5ef,
            0x868e8118, 0x2006683b, 0xdb3cb8f8, 0xb2b12086, 0x1439c9a5, 0xfad4baac, 0xf6071e51, 0x09ab5515,
            0xdd6ac350, 0x7db451db, 0xceeb1b32, 0x112c70bf, 0xf997781e, 0x63650fd9, 0xca7d80b5, 0x2d56ee5b,
            0x4b4b106a, 0x6d764b0b, 0x2e152ce9, 0x4ac832f7, 0x0578f1e8, 0x6026cd6b, 0x461b960a, 0x69e0d08c,
            0x08287788, 0x18ea6d58, 0x58cac808, 0x6aa3123e, 0x61a5eff6, 0xd87f7a4a, 0xd7ef1c05, 0x5e9cb3a0,
            0x8c0b5e4d, 0x126fb20d, 0x0b6bb53a, 0xe6c50481, 0x891ee757, 0x3ed73639, 0xb7a4999c, 0x44db7625,
            0x01ee6a6f, 0x5f1f913d, 0xaea09eab, 0x53cc35c0, 0x3387b059, 0x839b3802, 0x04fbd375, 0x948c7be7,
            0x889dc5ca, 0x26501393, 0xc17b7d7d, 0xf05165f9, 0xc8bd609a, 0x77318e8e, 0xcbfea228, 0xd2faa51f,
            0xd4acdeb7, 0x97cfb955, 0x7a6108ee, 0x62e62d44, 0x9d4a6600, 0xb627bb01, 0x2490f3bc, 0x4c9e495f,
            0x9199c2fd, 0x2345aa89, 0x85cd43aa, 0x1ebc16f0, 0x99dcfd87, 0x428d0d8d, 0xd52ffc2a, 0x36920943,
            0xfb579831, 0xa0b3da79, 0x10af5222, 0x82181a9f, 0x5c5c538f, 0x54196cf5, 0x8f489cff, 0xe95562ce,
            0xe2539f06, 0x950f597a, 0xa8f6e503, 0x1c7cf6df, 0x1ba9afea, 0x063b335a, 0x9b1c1da8, 0x37112bde,
            0xb332021b, 0x9f8a862f, 0x1a2a8d77, 0x2a83b76e, 0x4808d2d8, 0x39026f0c, 0x6670b6c3, 0xf312a74b,
            0xa3f018cb, 0x65337471, 0xa5a66363, 0xdfaa237f, 0x935922d2, 0x7f74b1f4, 0x38814d91, 0x3f5414a4,
            0x80d8fab0, 0x2b0095f3, 0xe0937f29, 0xc238bfcf, 0x76b2ac13, 0x3bc28f23, 0x9e09a4b2, 0x430e2f10,
            0x455854b8, 0xbb773d61, 0xc0f85fe0, 0x30c472eb, 0x0ae897a7, 0x508ff772, 0x6b2030a3, 0x524f175d,
            0xb071c0a9, 0x8a5d25e5, 0xc5ede6fa, 0x92da004f, 0x74724c3c, 0x404deda2, 0x13ec9090, 0x6fb6ab24,
            0x35d1cbf1, 0x27d3310e, 0xa42541fe, 0xbfe1a6e6, 0x4798b497, 0x41cecf3f, 0x006d48f2, 0xbd2146c9,
            0x320492c4, 0x2cd5ccc6, 0xf4c7fe7e, 0xde2901e2, 0x19694fc5, 0xc6ae2448, 0xade35c19, 0x5949ea95,
            0xf1d24764, 0x3d94f48b, 0xa766834c, 0xe586c633, 0xf8145a83, 0x3c17d616, 0xdce9e1cd, 0xfd01e399,
            0x5ddf7112, 0xaa36052c, 0x3452e96c, 0xd66c3e98, 0xcc2bfb1d, 0x559a4e68, 0x0e7e0c20, 0xe1105db4,
            0x1dffd442, 0xe746261c, 0x8ecbbe62, 0xc46ec467, 0x6cf56996, 0xabb527b1, 0xee803bfb, 0x901ae060,
            0x5b890aba, 0x7c377346, 0xec40dbd4, 0x8bde0778, 0x4d1d6bc2, 0xf544dce3, 0x16f9298a, 0x4e5ea970,
            0xb1f2e234, 0x15baeb38, 0x0d3dce92, 0x2513d121, 0x0ffd2ebd, 0xb4e75b2e, 0xd03a4530, 0x8d887cd0,
            0xc3bb9d52, 0x177a0b17, 0xfc82c104, 0xc93e4207, 0x815bd82d, 0xc72d06d5, 0x4fdd8bed, 0x7922ca5c,
            0xb56479b3, 0xb834ffd3, 0x07b811c7, 0xfe42212b, 0xea16a07c, 0xe3d0bd9b, 0x5a0a2827, 0x2f960e74,
            0x28435741, 0xa2733a56, 0xa975c79e, 0x7ef79369, 0x02ada8dd, 0xf7843ccc, 0x6863f211, 0xe8d64053
        },
        {
            0x5a300ca8, 0xe99cb2bd, 0x3c2cbfd2, 0x3063ad11, 0xa12f074c, 0x31ae9c07, 0x17046f66, 0x28da981e,
            0xd64245c5, 0xad60158f, 0x67161227, 0x6c263f2c, 0xa8e7c3b0, 0xf9207258, 0xc5cb5dc1, 0x8137faf3,
            0x791d29f6, 0xb5d92080, 0x8bcae6ee, 0xcefb70ca, 0x66db2331, 0xe0547641, 0x6423cac6, 0x2c907f37,
            0xe72b4989, 0xc9844f02, 0xf3dd6e45, 0x998ecffc, 0xfbd89baf, 0x20df6df4, 0xde47b02f, 0x1eccab9a,
            0x83cf1304, 0x6eded6db, 0x7faf2728, 0x3f196733, 0x4071d050, 0xbf243c9d, 0xcc03993d, 0x39ab69ed,
            0x00c7904b, 0x686cd805, 0xc2b46209, 0x048d7762, 0x3b53801a, 0x7a28f117, 0x19b39452, 0x23eab515,
            0x60692def, 0x1283b959, 0xa79d0992, 0x77aad2c2, 0x107b50ae, 0x8f8001c7, 0xf4a2518d, 0xa92af2a6,
            0x4ec62b64, 0xfa15aab9, 0x07b8af83, 0xeb645b4a, 0xa0e2365a, 0xb85b0355, 0xbddcd56a, 0x3de18ec4,
            0x428939a7, 0x973934c8, 0xc181bae8, 0x0c888288, 0x857d1dda, 0x510021a3, 0x1df9737b, 0x41bce146,
            0x46c3de8e, 0x5487f79c, 0x24958add, 0x2bef40ff, 0xf0e8b6a4, 0x090f54b7, 0x9b76260b, 0xb193c7a9,
            0xf65ab87a, 0x567f1e6b, 0xeee38d75, 0x57b22f7d, 0x434408b1, 0x92bee2f7, 0xbc11e47c, 0x8e4d30d1,
            0x0fbd5a69, 0x554ac68a, 0x7e62163e, 0x84b02ccc, 0x2e6896c0, 0x5bfd3dbe, 0x940cec29, 0xa21adfad,
            0x335675f0, 0x27a0523c, 0x8785f42d, 0x386658fb, 0x7be5c001, 0xb9963243, 0x96f405de, 0xf56f609b,
            0x266d632a, 0xdd7268ce, 0x75523b35, 0x7d57cedf, 0x2d5d4e21, 0x5905d449, 0x0d45b39e, 0x4b41fd5b,
            0x4c3ec293, 0xdbc06610, 0x7c9affc9, 0xa6503884, 0x1431b787, 0x6a9431f2, 0xf12587b2, 0x635cf50e,
            0x5d4f3360, 0x78d018e0, 0xf8ed434e, 0x9f3cc122, 0x470eef98, 0x65eefbd0, 0xb36b2e5e, 0x6f13e7cd,
            0x53f8c854, 0xda0d5706, 0x50cd10b5, 0xe85183ab, 0xd9388fe7, 0x36d1a3cf, 0x16c95e70, 0x1c34426d,
            0x918b3a16, 0xfe5f4d90, 0x11b661b8, 0x88ff3e0f, 0x3ed45625, 0x0bf7bd40, 0xcb7ca6f5, 0xeaa96a5c,
            0x134e884f, 0x9dc428d5, 0x05404674, 0xb05ef6bf, 0xabd21b51, 0xe41e9168, 0x73e035eb, 0x6deb0e3a,
            0x329b44e6, 0x1f019a8c, 0xdcbf59d8, 0xa3d7eebb, 0xd5779d24, 0x8a07d7f8, 0x6b5900e4, 0x8cb5d926,
            0x5e7aeb81, 0xbee90d8b, 0x0a3a8c56, 0xe1994757, 0x61a41cf9, 0xb721c977, 0x5c820276, 0x58c8e55f,
            0x35e47b2e, 0x9373d3e1, 0xfd6a9571, 0xb4141196, 0x5fb7da97, 0x08c265a1, 0x2fa5a7d6, 0x9ef1f034,
            0xd78f74d3, 0x749f0a23, 0xd0f04b1b, 0xcdcea82b, 0xd4baac32, 0x2a2271e9, 0x487425ba, 0x2558bbcb,
            0x70d5ed0a, 0xae55cd6e, 0x9c0919c3, 0x21125ce2, 0xec1b6482, 0x45f6066f, 0xacad2499, 0xf2105f53,
            0xedd65594, 0x3a9eb10c, 0x5235f942, 0x371c92d9, 0xc8497e14, 0xb2a61f48, 0xaf98fc78, 0x7667e3d4,
            0xc4066cd7, 0xd3c593fa, 0xf797896c, 0xd8f5bef1, 0x06759e95, 0xef2ebc63, 0xc379531f, 0xaa1f2a47,
            0x1a864cb3, 0x4f0b1a72, 0x4df3f385, 0x8648c53b, 0xfca7a467, 0x9843feea, 0x023f79bc, 0xdf8a8139,
            0x1b4b7da5, 0xbaa3eaa2, 0xe6e6789f, 0xc04c8bfe, 0x9abb171d, 0x8d78e830, 0x89320f19, 0x90460b00,
            0x03f248aa, 0x6291c418, 0xa565e065, 0x15fc8691, 0xcab197e3, 0xb6ecf861, 0x69a1e913, 0x22278403,
            0x7118dc1c, 0xcf3641dc, 0x80facbe5, 0x187ea544, 0xe5d3a07e, 0x95c1dd3f, 0xd13d7a0d, 0x34294a38,
            0xa4a8d173, 0x4a8ccc4d, 0xc733b436, 0x443b3779, 0x0e706b7f, 0xc6fe8520, 0xd208a2ec, 0xe2ac9fb6,
            0x82022212, 0xbb6edbb4, 0x722d04fd, 0xff927c86, 0xe361aea0, 0x49b914ac, 0x2917a908, 0x010aa15d
        },
        {
            0x3de2908c, 0x99d6cce5, 0x1e08ea92, 0x74870573, 0xd352c137, 0xf10aff39, 0x30b60155, 0x2cc3680e,
            0x1bcb55c0, 0xf4c9406b, 0x464c87ef, 0xeaeff50d, 0x7144ba21, 0x1c5b36af, 0xfdec2af0, 0x7b804897,
            0xbc1e9184, 0xa41a039d, 0x9e46af8a, 0xee9e0e4f, 0x88f73467, 0xa649dfa0, 0x41dce480, 0xfe0db2dd,
            0x2ae14f71, 0xe3ca9f96, 0xf69a9c56, 0x2900d75c, 0x47fec3ff, 0x52aec03f, 0xb14a005d, 0x7a320c87,
            0x14cc1824, 0x4b181636, 0xa23824e2, 0x441f5bd2, 0xc602c2f7, 0xa7fb9bb0, 0x045fa4b6, 0x3575be07,
            0xa38a60f2, 0x9141e26e, 0x1a7911d0, 0x8411e1ae, 0xccc63041, 0xab1d4e79, 0x7da26fe8, 0x0f291210,
            0xcae4173e, 0xd4c2a258, 0xf82f95a2, 0x002e5ff4, 0xce95ec7c, 0x07be3c9b, 0xf2eb6714, 0xa06bf8df,
            0x38212fde, 0x4d3a3149, 0x6414b9e1, 0xb6da6332, 0x019c1be4, 0x494bca0b, 0x8233c6d1, 0x2b530b61,
            0x8b16ac4a, 0xad3f6906, 0x39936bce, 0x576d7f6d, 0x72a5220c, 0x3fb14cb1, 0x060c788b, 0xd570e648,
            0x5e4815f6, 0xb2ab9870, 0x2e90b433, 0x89457077, 0x05ede0a6, 0x3694262a, 0x838182c1, 0xde0650ee,
            0xffbff6cd, 0x62369e9e, 0xdfb414fe, 0x531c842f, 0x5da98ddb, 0x169fc419, 0x10bde366, 0xc4511eca,
            0xeb5db11d, 0xcb56532e, 0x94825d3c, 0x9a3754c8, 0x7e43f7c5, 0x9ff4eb9a, 0xe7bb64d4, 0x6c83976a,
            0x1fbaae82, 0xaaaf0a69, 0x4aaa5226, 0xf3592304, 0x92a07a43, 0x12ee3f5b, 0x3726623a, 0x6f620f47,
            0xeccdd272, 0xfc5e6ee0, 0x45ad1fc2, 0xda77abac, 0x8ed51318, 0xb53bfb1f, 0x68f26c28, 0x548ce740,
            0x25e60295, 0xcd747451, 0x75354163, 0x61d706b3, 0x86423d93, 0xd6917e65, 0x96d18101, 0x69402838,
            0x182acded, 0x56df3b7d, 0xac8d2d16, 0xe60920c4, 0x81d25efc, 0x90f3a67e, 0x76d4d94e, 0xc7b086e7,
            0x227661fa, 0x4edba964, 0xbe4d4db9, 0x67f521cc, 0xa1d9bccf, 0x0aeaad42, 0xe45afcf9, 0xb0f8444d,
            0x4c887559, 0xc8b7cb03, 0x3e0308a1, 0x553ea350, 0x6384da8e, 0x4f69ed74, 0x9b8510d8, 0x7c102bf8,
            0xb319dc60, 0x24544685, 0x33579978, 0xfbce0d8f, 0x406ea090, 0xa5a8478d, 0x0e9b5600, 0xb9dd2ed6,
            0x2025bdc7, 0x32e5dd68, 0x8d348b35, 0x7317661c, 0x26079ab8, 0x2f22f023, 0x50fd1c02, 0xd2e08527,
            0xe90e6d20, 0xfa7c499f, 0x606542a3, 0x586a3289, 0x423d7cad, 0x7ff1b3d5, 0x2197f9d7, 0xaf6cb53b,
            0x0cc88a3d, 0x2d712c1e, 0x664765dc, 0x3c50d49c, 0x65a6fdf1, 0xef2c4a5f, 0xaedef12b, 0x5a39eeb4,
            0xe19943ab, 0x59d87699, 0x0d7ace2d, 0x0b58e952, 0x8aa4e85a, 0xbdacd594, 0xc192a198, 0x23c425ea,
            0x514f5812, 0x1de972bf, 0xd0b3591a, 0xdbc5efbc, 0xd8247791, 0xf728d846, 0xd9963381, 0xc27339b5,
            0xe8bc2930, 0xf57b047b, 0x110fa776, 0x9c1573b7, 0xe5e8b8e9, 0x157e5c34, 0x9da737a7, 0xc3c17da5,
            0x79d394aa, 0xc5e35ada, 0x6d31d37a, 0xa8fcd654, 0x34c7fa17, 0x9763c511, 0x08b9717f, 0x8f675708,
            0xcf27a86c, 0xb86f6ac6, 0xba3cb6fb, 0x6b13f405, 0x3a72f3e3, 0x172d8009, 0x5b8baaa4, 0x199889fd,
            0x27b5dea8, 0xf0b8bb29, 0x6ed04b57, 0xb489bf0f, 0x80601aec, 0x85a3a5be, 0x28b2934c, 0x48f98e1b,
            0xd1011d0a, 0xb7682722, 0x70f6fe31, 0xbfff09a9, 0xc020e588, 0x31044545, 0x6aa1b015, 0xa94e9244,
            0x986488f5, 0x03cfc7d9, 0x135c7b4b, 0x5c1bc9cb, 0xe278db86, 0xdde7c8c3, 0x8c86cf25, 0x9530192c,
            0xf99dd1b2, 0xdc558cd3, 0xd7233a75, 0x438f38bd, 0xed7f9662, 0x7861d0ba, 0x027d83c9, 0x87f07983,
            0x77669d5e, 0x93123e53, 0xbb8ef2eb, 0xe02b07bb, 0xc9058f13, 0x090b356f, 0x3bc0b7f3, 0x5ffa51e6
        },
        {
            0x7987c3d2, 0x034d1fea, 0xead0a3a1, 0xf151e403, 0xe83b7922, 0x243046e0, 0x296a6e44, 0x99151ada,
            0x58440dbc, 0x91198f34, 0x0a427aa9, 0x2d3f23a3, 0xb48f0cbd, 0x9afd30f4, 0xfbb6ab6e, 0x842aca1c,
            0x3fb10142, 0xc649456b, 0x7735c158, 0x479007f9, 0xbd8069fe, 0xa25463bb, 0x8b9b383b, 0x954cc2d3,
            0xb8d6d4b4, 0x18cc5848, 0x8a98c896, 0x228ed184, 0xa702def1, 0xa3579316, 0xb58cfc10, 0x27d86cce,
            0xb7672693, 0xa6012e5c, 0x380c668b, 0xdccbf264, 0xba3d0e37, 0x93f255b7, 0xd279f0ee, 0x26db9c63,
            0xec6e34c5, 0x64b81314, 0x2ed7098d, 0xfee01624, 0x9d40573d, 0xa0bfb938, 0x61eeae5e, 0x9c43a790,
            0xf504a9e4, 0xccae0a06, 0x87c2e032, 0xda756500, 0xddc802c9, 0x0b418a04, 0x5efa9ad8, 0xdb7695ad,
            0xa5e90472, 0x6db77657, 0x1a2782cb, 0x2fd4f920, 0x8c265ff2, 0xb664d63e, 0x4c74b839, 0xee85ee46,
            0x36be6401, 0x14958041, 0x901a7f99, 0x08a9a02a, 0xe78a8b05, 0x10c0cda6, 0xd99d4f2e, 0x5aafd73f,
            0x7088a691, 0xc9f8b74c, 0x944f327e, 0x65bbe3b9, 0x630574dd, 0x4e9f62ba, 0x37bd94ac, 0x9bfec059,
            0x49220573, 0x7b6c1951, 0xd0922a6d, 0x85293ab1, 0x2533b64d, 0xf7ef7367, 0x43c54a1e, 0x1d9ae502,
            0x3be44ca5, 0x4693f754, 0xb0da415a, 0x1f713f81, 0x20650b07, 0x8397add5, 0xe938898f, 0x82945d78,
            0x5d12b0f6, 0x97a71850, 0x514b68ff, 0x11c33d0b, 0xab5b06f8, 0xaa58f655, 0x7dd28e35, 0xd72f4da4,
            0xc5a16f45, 0xb2319bd9, 0x457bdd7a, 0x52a342d1, 0xe1341c61, 0x6e5f5c79, 0xca109d62, 0x1e72cf2c,
            0x551e2518, 0x05f3888e, 0xc74ab5c6, 0x6b09e133, 0x402d6030, 0x0dff1d60, 0xed6dc468, 0x32eb29e6,
            0xd5c49727, 0xdf23d84a, 0xbc839953, 0xf3ba3e80, 0x88731215, 0x9816ea77, 0xe6897ba8, 0x310303c8,
            0x4821f5de, 0x60ed5ef3, 0x0e17374e, 0xfd083c0a, 0x69e23bb0, 0x6653c997, 0x3eb2f1ef, 0xbf6bb37d,
            0x73608cbf, 0xaf0e4b1f, 0x4aca2f5d, 0x0cfcedcd, 0x1328e788, 0xfab55bc3, 0x2b81b4c7, 0x00a535c4,
            0xfc0bcca7, 0xa4eaf4df, 0x6cb486fa, 0x4f9c9217, 0xd191dac0, 0xe5615186, 0x7a6fe9fc, 0x6f5cacd4,
            0xb3326b74, 0x159670ec, 0x122b1725, 0x7884337f, 0x3ae7bc08, 0x8970e2b8, 0x92f1a51a, 0x56f60f36,
            0xade5919c, 0x061ba2a0, 0xd89ebf83, 0xc0f7d20f, 0xc8fb47e1, 0xa1bc4995, 0x3c592b6c, 0x50489852,
            0x390f9626, 0x19cfa8e5, 0xd62cbd09, 0x33e8d94b, 0xe462a12b, 0x5947fd11, 0x57f5ff9b, 0x5c11405b,
            0x86c1109f, 0x04f07823, 0xa8b32cd6, 0xce45d085, 0x96a4e8fd, 0x5bac2792, 0x09aa5087, 0x68e1cb1d,
            0xe037eccc, 0x6750393a, 0x817c7756, 0x1b247266, 0xf95d71ed, 0x8fce75dc, 0xc21c088c, 0x2166fbaa,
            0x412e909d, 0x807f87fb, 0x9fab8dbe, 0xc31ff821, 0xf6ec83ca, 0x177daa6f, 0x53a0b27c, 0xf4075949,
            0xf85e8140, 0xd4c7678a, 0x75de1bdb, 0xbb3efe9a, 0xa9b0dc7b, 0x238d2129, 0xde2028e7, 0xef861eeb,
            0xf05214ae, 0x28699ee9, 0xb9d52419, 0x1c9915af, 0x5ff96a75, 0x4bc9dff0, 0x3d5adbc1, 0xffe3e689,
            0xf2b9ce2d, 0xebd3530c, 0x6a0a119e, 0x167e5ac2, 0x024eef47, 0xcdadfaab, 0x541dd5b5, 0xbe6843d0,
            0xe3dfc6e2, 0x74ddeb76, 0x3455be82, 0x44782dd7, 0x763631f5, 0xace66131, 0xe2dc364f, 0x7f3954b6,
            0xcb136dcf, 0x42c6bab3, 0x2a82446a, 0x62068470, 0x718b563c, 0x0f14c7e3, 0x72637c12, 0xb1d9b1f7,
            0xc4a29fe8, 0xc1f422a2, 0x9ea87d13, 0x2c3cd30e, 0xd37a0043, 0xcf462028, 0x01a6c569, 0x0718520d,
            0x7cd17e98, 0x35564e2f, 0x3000f365, 0xae0dbbb2, 0x4d774894, 0x8d25af5f, 0x8ecd8571, 0x7e3aa41b
        },
        {
            0xc71c21d8, 0x1b2eae45, 0xfb9a2f74, 0x1c67f648, 0xf266ab57, 0xefef9946, 0xa1bb60c3, 0xd7f71590,
            0xa4817d5f, 0x70ebe907, 0xcc93e06a, 0x6b8f1cfd, 0xcee0a5fb, 0x5f510994, 0x02391e2e, 0x0a6105eb,
            0xca7e2781, 0x42d83b85, 0x52330fcd, 0xfd77e89f, 0xbadf9539, 0x5c86d3e3, 0xa3c82552, 0xf015eec6,
            0x9eeab418, 0x5bcf8bee, 0x004a5bbf, 0x1a8a31a3, 0x0c8cc200, 0x5ef59672, 0x06a79c54, 0x7ac0b753,
            0x9716303b, 0x5d224c05, 0xa525e2b9, 0xd5845001, 0x2acaa6b0, 0xde0b91b3, 0xf48b6cbc, 0xbc3252d2,
            0x9d3d6e6f, 0x858e41e2, 0x4fba3ddc, 0xb2878efc, 0x3f1b8f64, 0x2c27615b, 0x4e1ea23a, 0xc80d6210,
            0x159b726b, 0x374394a1, 0xbd96cd34, 0xf3c234b1, 0xee4b06a0, 0x61a442a9, 0x9bd0a984, 0xdb318c2f,
            0x3ebf1082, 0x96b2afdd, 0xb5ced6f1, 0x7b6428b5, 0x69fc596c, 0x09b6df9c, 0x2ff0bb2c, 0x83638609,
            0xc56f6449, 0xa847e4e0, 0x7e5e3529, 0x4dc9784d, 0x1e14b3d9, 0xd11ad27b, 0xbb7b0adf, 0xdddc4bc4,
            0x070303b2, 0xb9084f4e, 0xe5c4c712, 0xf1b17120, 0x18f97432, 0xcf443a1d, 0x6cc644f0, 0x82c719ef,
            0x7c2d70b8, 0xda9513c9, 0x0bc59a0d, 0x54dec826, 0x77a2b10a, 0x57091251, 0xbe411743, 0x28b9e321,
            0x437ca463, 0xbfe588a5, 0x4b24bfa6, 0x4c6de7ab, 0x9f4e2bfe, 0x410fe1f2, 0x91fbf7d0, 0x7298ac96,
            0xe15a4568, 0x1105f011, 0xab903e97, 0x8dd65a27, 0x1dc369ae, 0x74756b7d, 0x0f5b1877, 0xacd9669a,
            0x10a16ff7, 0x143fed8d, 0xd36997ea, 0xa756a728, 0x260c3f0f, 0x956575aa, 0xec384331, 0xc1f1e633,
            0xd0be4d9d, 0xc05579d5, 0xdfaf0e55, 0x47e22619, 0x99a3ec15, 0x23362293, 0x63d70738, 0xf6f8292d,
            0xe46058f4, 0x39f6488f, 0x2b6e3956, 0x8948d85d, 0x3d68caf5, 0xa26cbab4, 0x4646b9ff, 0x76062eec,
            0x9388b241, 0x842ade04, 0xed9cdcd7, 0x3852d769, 0xf75cb6cb, 0x80b45c7e, 0xb46a4917, 0x31ae534a,
            0xdc78d422, 0x36e70b47, 0xb8acd0a8, 0xc2263c44, 0x291d7cc7, 0xb323111a, 0x2d83febd, 0x86599b95,
            0xb7bd9360, 0x0eff8791, 0x3279893d, 0x649e5f35, 0x9a743662, 0x27a8a0e9, 0x6f119e87, 0x0812407a,
            0xff04ad0e, 0xa6f238ce, 0x6eb50161, 0x59bcce7f, 0xe8a6c14b, 0x247f7a9e, 0x25dbe578, 0x4957fa37,
            0xa9e37b06, 0xe6131d65, 0x0d285de6, 0x75d1f49b, 0x8c72c5c1, 0x21456702, 0xad7df97c, 0x6d62db16,
            0x2292bd75, 0x039d81c8, 0x3ccc5513, 0x2e5424ca, 0x627398de, 0x87fd0473, 0x12d22a66, 0xaeaa230b,
            0x714f76e1, 0xead584da, 0xe32900f9, 0x6858c68a, 0x6000dd4f, 0x4435fc6e, 0x653ac0d3, 0x5397902b,
            0xfea032e8, 0x17e837fa, 0x980773f3, 0x50404a5c, 0x1fb02c3f, 0x3530d130, 0x20e1f8e4, 0x922c2da7,
            0x40ab7e14, 0xf84df503, 0x905f6836, 0x04d4d9c5, 0x56ad8db7, 0x557a57c0, 0xb0f4cb6d, 0x300accac,
            0x3a2192f8, 0x45916388, 0x67498542, 0x48f365d1, 0xc382a3a2, 0x51e4d5ba, 0xaf0ebced, 0xa01fff25,
            0xc9a9fdf6, 0xd2cd080c, 0xd942c9be, 0xd420cfe7, 0xb150548b, 0xeb711b3c, 0xfa3eb092, 0x8b3b9dcc,
            0x58185199, 0x7d89ef5e, 0x8e018050, 0xfcd37779, 0x8fa51fb6, 0xe0feda8e, 0x78b3f2c2, 0xd6538a76,
            0x1376b580, 0xb6190c86, 0x5a6b1408, 0x195debd4, 0xf52ff35a, 0x66ed1aa4, 0x164ca81c, 0x8a9f022a,
            0x4a802040, 0x33dd16db, 0x8110c398, 0x6a2b831b, 0x9c99f189, 0xc4cbfbaf, 0xc6b8be3e, 0xcd377f8c,
            0x05704623, 0x3b850d1e, 0xcbdab867, 0x7ffaaacf, 0xe9025ead, 0x94c1ea4c, 0x88ec47bb, 0x01eec459,
            0x79176d24, 0xe7b78283, 0xe28d9f1f, 0x34944ed6, 0xaa34a171, 0xd8e65658, 0x733c3370, 0xf9e96ae5
        },
        {
            0x65c3f2a5, 0x0c2c81a3, 0xbd93dc21, 0xb5d79370, 0x66a45deb, 0xda61b0f1, 0xdd0c8e71, 0xaf7e09d1,
            0xe150f836, 0xc88c6501, 0xf683d20f, 0x371dc964, 0x331758aa, 0x43361e43, 0xe0649631, 0xd9061fbf,
            0x0468cef2, 0x56b6f533, 0x11e82582, 0xf5e47d41, 0xc4c2bb9e, 0xc3af851e, 0x81cfaa66, 0xa9275956,
            0x322336ad, 0xa56987c9, 0x60fd0d6c, 0x9c0b0e47, 0x09127e6a, 0x2697b3da, 0xa73a4680, 0x3900d6b2,
            0xe914b767, 0xec2a48ae, 0xee7989e7, 0x2db453c5, 0x42027044, 0x0305f072, 0xd71b0069, 0xc5f6d599,
            0xd83271b8, 0x1acbc59d, 0xd47caf27, 0x7e5e0603, 0x698d2c3a, 0xfff3f359, 0x9728ee58, 0x0e7f40ea,
            0x5fc6d465, 0x6bdeed73, 0x4165df0a, 0x7210d89c, 0x757de61c, 0xa330d74e, 0xd548c120, 0x070f61bc,
            0x27a3dddd, 0x3629a763, 0x24c47293, 0xa45de9ce, 0x78075684, 0x229d2214, 0x79333883, 0xd0763ee9,
            0x7a5497cd, 0x3a6779fc, 0x8d8174f9, 0x2c803dc2, 0x16851b02, 0xf89ecdd9, 0xbbca8ca6, 0xdb55def6,
            0xf9aaa3de, 0x9a525ec0, 0xb4e3fd77, 0x10dc4b85, 0x53880afa, 0x0826106d, 0xd31191a7, 0x4921905b,
            0x0f4b2eed, 0xdc38e076, 0xad2dc898, 0xe2375778, 0x717777d2, 0xd14250ee, 0x9d3f6040, 0xe63dc6b6,
            0xb2baadf0, 0xeb47762e, 0xfacd0c90, 0xcc86f4cf, 0x7449881b, 0x0b41bf23, 0x445b20c3, 0xae4a67d6,
            0x23a94c13, 0x8796fae1, 0x92161191, 0x2ad96d45, 0x9045d0d8, 0xb7845239, 0x761a4952, 0xfec79d5e,
            0x3e6de832, 0xb0e96cb9, 0x128f8acc, 0x944f4116, 0x86a294e6, 0xab74981f, 0xbef4736f, 0xc6917ad7,
            0xfbf96297, 0xf0da8288, 0xe820d960, 0x055ca0f5, 0xb1dd02be, 0x8cb51afe, 0x189804d4, 0x898be537,
            0x4e4caedb, 0x288aac0c, 0x19ac6ad3, 0x51dbcbb3, 0xb6b03c3e, 0x599f84e2, 0xa204b949, 0x13bbe4cb,
            0x8bd8247e, 0x93227f96, 0x1da6fb1d, 0xa0577800, 0xed1e26a9, 0x9171bedf, 0x9935f18e, 0x61c9636b,
            0x29bec20b, 0xcadfa448, 0x15e2b44c, 0xea731829, 0x4608e18a, 0x82a80528, 0x3c3e297b, 0x25f01c94,
            0x62aecc25, 0x7c0dc74a, 0x9f6ca109, 0xc9b80b06, 0x4051b10d, 0x57829b34, 0x6d87bdf4, 0xbafee2a1,
            0x7b60f9ca, 0xb38ec3f7, 0x3834b8b5, 0x679033ec, 0xd62f6e6e, 0xf4d01346, 0x6cb3d3f3, 0x2bed0342,
            0x20cee35d, 0x85c53ba8, 0xef4de7e0, 0x7f6a6804, 0x14d6da4b, 0x5d95152c, 0x6aea8374, 0xde6b213f,
            0x55d15a7d, 0xa8133751, 0x3d0a477c, 0x7324b69b, 0xf3bd2dc6, 0x9b6630c7, 0x7d39a94d, 0x0a75d124,
            0xac19a69f, 0x314499e3, 0x3f598635, 0xe46e07ff, 0x02319e75, 0x5af82bac, 0xe55a69f8, 0x50efa5b4,
            0x4a463f15, 0xbca7b226, 0x88bf8b30, 0x6ee012ba, 0x957b2f11, 0xf7b7bc08, 0xc1fc4457, 0xf1eeec8f,
            0x3b5317fb, 0x1ec15453, 0x5bcc45ab, 0x473c8f8d, 0x1c92951a, 0x4d2b0195, 0xa1631607, 0x6fd47cbd,
            0x347a662a, 0x063b0fbb, 0xc0c82a50, 0xdf5f4f38, 0x839c6b2f, 0x8ee6dbb7, 0xc7a514d0, 0x0156313b,
            0x98019f89, 0x0d18efa4, 0x84f155af, 0xbfc01d68, 0x80fbc461, 0x2ed3fc8b, 0xf28943c1, 0xb9994def,
            0xe303397f, 0xcdb29ac8, 0x54e5347a, 0xcfe15b81, 0xc29beb19, 0x704319d5, 0x9e58cf0e, 0xced53586,
            0x00625f3c, 0x8aec4a79, 0x1bffab9a, 0x21fa8d5a, 0x961c805f, 0x639aa222, 0x4c1f6f92, 0xcbebca4f,
            0xa60e2887, 0xd225ffa0, 0x68b9423d, 0xfc945c17, 0x1ff53a54, 0x4b725112, 0x17b17505, 0x64f79ca2,
            0x456f4ec4, 0x8fd2b5b0, 0x58abeae5, 0x5ef2ba62, 0x772e2755, 0x354e082d, 0x4815fe5c, 0xb8ad23e8,
            0xfda03210, 0x3070f7e4, 0x5ca17b2b, 0x4f78c0dc, 0x52bc64fd, 0x2fe7928c, 0xaa40f618, 0xe709a8b1
        }
    },
    {
        {
            0x143cdcde, 0x78211f83, 0x59f38bbc, 0xe31b58a9, 0x414f418e, 0x8832b555, 0xe88c02b7, 0x9300ed11,
            0xa6cdc7a3, 0x2390ec86, 0x76e371d6, 0xa398f3e8, 0xf9c68871, 0xcb3f8c62, 0x89dd3dc9, 0xe2f4d035,
            0x4f8d2fdb, 0x9161f7fb, 0x802b7d3d, 0x2a66ac72, 0x8491c1ea, 0xd1e25cba, 0x29e83e04, 0x05765618,
            0x0bb4384d, 0x2b8924ee, 0xad5a9dbd, 0x00236253, 0xfef2a6d0, 0xa9e0216a, 0x09d522a7, 0x8f069bf4,
            0xd739fa87, 0x9655d95a, 0xefb82c16, 0x6646738c, 0xbf9e850d, 0x9434c3b0, 0x9b192579, 0xf3be5af3,
            0x378f520b, 0x0d6f9e70, 0x38a2b4c2, 0xc6737041, 0xf6eb6eb8, 0x5ec7a51d, 0x165dc634, 0x6c3ea10e,
            0x696b9545, 0x9fa399ae, 0x92ef658d, 0xaa6eb31c, 0xacb51521, 0x86f0db00, 0xe7a1e47e, 0x7baf8df5,
            0x871f539c, 0xc2c9cc96, 0xb409df13, 0x51ea43d4, 0xd9fb94d2, 0x432e5b64, 0x5731e5e9, 0x45f5fd59,
            0xb668c5f9, 0x8a53afbf, 0x35ee48e1, 0x227f641a, 0x9dc28344, 0x06f8c46e, 0x7efab9be, 0xc0a8d67c,
            0xf704e624, 0x62fccf5b, 0x197020fd, 0xfba7929b, 0xd00dd426, 0x3401c07d, 0x7a400569, 0x254b4abb,
            0x4dec3531, 0xbc10177b, 0xbe710d91, 0x8d67811e, 0xec36be60, 0x07174cf2, 0x4c03bdad, 0x03adf025,
            0xb9452330, 0x2edc10a5, 0x1c2514b6, 0xcad004fe, 0xcf8530b5, 0x9e4c1132, 0x79ce971f, 0xf48a7452,
            0xeb0290c1, 0x0c8016ec, 0x3df78089, 0x5f282d81, 0xc79cf8dd, 0x40a0c912, 0xe42f7608, 0x1dca9c2a,
            0x3660da97, 0x7f153122, 0x6fb03378, 0x21f1f66c, 0xd26ccecc, 0x2f339839, 0xc1475ee0, 0xa80fa9f6,
            0x770cf94a, 0x4794e7b3, 0x9af6ade5, 0x3ac3ae28, 0xb0b363c4, 0x1fab86c0, 0x1e440e5c, 0xd6d6721b,
            0x8ee91368, 0xcc0ba2c3, 0x6b0a8faf, 0x1b113a17, 0x3c180815, 0xfd7c34a6, 0x30bb7caa, 0x17b24ea8,
            0x3b2c26b4, 0x42c1d3f8, 0xe9638a2b, 0x5ca6bff7, 0x2d5282d3, 0x74826b3c, 0x32da6640, 0xe17a4243,
            0x67a9fb10, 0x15d35442, 0xaf3b8757, 0xa2777b74, 0xdb9a8e38, 0x201e7ef0, 0x495689e6, 0x5550ff03,
            0xd4b768f1, 0x56de6d75, 0xf82900ed, 0xc95e9688, 0xdecfba73, 0x2cbd0a4f, 0xc4126aab, 0xb15ceb58,
            0x2807b698, 0xf565fcce, 0x7038d7eb, 0xf030c885, 0xbb2439da, 0x5a7d19ca, 0xdd412805, 0x609dd5b1,
            0xb8aaabac, 0x083aaa3b, 0x7d742bc8, 0xfc93bc3a, 0xdcaea099, 0x756de3a0, 0xce6ab829, 0x4ad81b90,
            0x73b6459d, 0xa1f9e902, 0x71d75f77, 0xcde42a5f, 0xaed40fcb, 0x189fa861, 0x024278b9, 0x5005cb48,
            0x6dd12992, 0x824a67d7, 0x631347c7, 0x65c8e1fa, 0xbacbb146, 0xd558e06d, 0xc326440a, 0x394d3c5e,
            0x7c9ba354, 0x54bf779f, 0xc5fde237, 0x9897b70f, 0x7259cd01, 0xeaed185d, 0xff1d2e4c, 0x3335eedc,
            0xedd936fc, 0xda7506a4, 0xd3834650, 0xb7874d65, 0x538b593e, 0xa4acdd49, 0x99783f93, 0xe5c0fe94,
            0xc8b11e14, 0x908e7f67, 0x4e62a747, 0x0ee10c06, 0x48b9017a, 0xab813b80, 0x6ae50733, 0x0f0e849a,
            0xb2d2792e, 0x0a5bb0d1, 0x95db4b2c, 0xf251d26f, 0xb5e6578f, 0x8c880982, 0xa54355d5, 0x3154f436,
            0xa016619e, 0xbdff9fe7, 0x10866009, 0xfa481a07, 0xe64e6ce2, 0x26c5d8cd, 0xee57a48a, 0x1afeb28b,
            0xf1df4019, 0x5d49376b, 0x0499de84, 0xa7224f3f, 0x68841dd9, 0x857e4976, 0x272a5051, 0x467b6f2f,
            0xb33df1b2, 0x1169e895, 0x5b929156, 0x581c0320, 0x61725d2d, 0x6e5fbbe4, 0x1308f27f, 0x24a4c227,
            0x81c4f5a1, 0x97ba51c6, 0x8bbc2723, 0x12e77ae3, 0x3e7912ff, 0x3f969a63, 0x9c2d0bd8, 0x01cceacf,
            0x5264d1a2, 0x4b37930c, 0x64276966, 0xdf2032ef, 0xd8141c4e, 0x83a5ef4b, 0x441a75c5, 0xe095cadf
        },
        {
            0x73f67d6e, 0xe328225e, 0xd139b8a3, 0x67e25bc1, 0xacd29870, 0x2818e1ef, 0x5050ba89, 0x872e8c4e,
            0x3569b4f8, 0x5935c931, 0x4eb08d92, 0x7ca1176f, 0xfac5ac9d, 0xefee2a53, 0xd634017b, 0x30cacf4d,
            0xaded3811, 0x90abc8ed, 0x55f3c13c, 0x37c77695, 0xbfcb0707, 0x1b36db73, 0xcfd98fb8, 0x02db55b0,
            0xa62689c4, 0x7a930ed6, 0xd5a56377, 0x97a67135, 0x3d336721, 0x2b8983e3, 0xa971e3c5, 0x5da912e5,
            0x434925fe, 0xfdc81545, 0x3ea2052d, 0xa84e43a4, 0x11c2cac7, 0x46ea5e4b, 0x136c08aa, 0xb53f16b3,
            0x9a5fd959, 0xd9636b7a, 0x274f8bee, 0xb6ae74bf, 0xbef4a766, 0x32640d20, 0xfbfa0cfc, 0x16cf731f,
            0xbd65c56a, 0x2ab62382, 0xb8c6bedf, 0x22ecf05b, 0xde6ed2a2, 0x698a91a1, 0xe51a3be7, 0x7bacaeb7,
            0x20423236, 0xe7b4f98a, 0x1d04c2ca, 0x60efe219, 0x39afbcf5, 0xc8d43660, 0x92050a80, 0x6b2453cc,
            0x41e7e793, 0x828df7fb, 0xeb72f187, 0xc9eb9601, 0x47d5fe2a, 0xd49ac316, 0x9c6dc0e0, 0x4a2c5646,
            0xc4123e6d, 0xabdf21a8, 0xdaf20976, 0xf73c04f1, 0xcd774dd5, 0x05d6ec68, 0x5e3870e9, 0x8e4bfff6,
            0x38901c94, 0xf3a0df25, 0x79026cda, 0x217d9257, 0x2f155837, 0x44449c26, 0xd85ccb1b, 0xaf43fa7c,
            0x9508b358, 0x8f745f97, 0xe186e033, 0x06478e64, 0xa385f271, 0x5b9b0b5c, 0x66ddfba0, 0x4d21ef9e,
            0x98f11b34, 0xe4259b86, 0x70671f62, 0x783dccbb, 0x49bd344a, 0x2c843a3b, 0x25e14983, 0xf10e1d48,
            0x2e2af856, 0x082f4404, 0x9699d154, 0x2927418e, 0xdbcda917, 0xfcf7b524, 0x24dee9e2, 0xd3977ace,
            0xa71929a5, 0x1461b172, 0x7e0fd502, 0x74fbc4b6, 0x654c99ac, 0x23d3503a, 0x933aaae1, 0xe8e3938b,
            0xd70ba11a, 0x4882942b, 0x1e95a0c6, 0x31f56f2c, 0xf954ce91, 0x8879e64f, 0x6fb88818, 0x61d04278,
            0x4c1e4fff, 0xcee62fd9, 0x83b2579a, 0x80233596, 0x03e4f5d1, 0xbb57dcd3, 0x17f0d37e, 0xec7f485f,
            0x1faa00a7, 0xc08ee5b9, 0xed40e83e, 0x8ad72422, 0x99cebb55, 0xff66d728, 0xeed18a32, 0x6d164a75,
            0x0d8c3fb1, 0xdf5172c3, 0xc1b145d8, 0xdcc010cf, 0xb232af6b, 0x637e8015, 0xc31f87b5, 0x1998191e,
            0xf86b6ef0, 0x3c0cc740, 0x9b607938, 0xf29f7f44, 0x3f9da54c, 0x04e94c09, 0xa2ba5210, 0xe217823f,
            0xc6bcfc00, 0xae7c5a1d, 0x94371339, 0x8dda9dfa, 0xa4884ba9, 0xf4ad66fd, 0xe68b59eb, 0x18a7b97f,
            0xb400b6d2, 0xfe597749, 0x6e872879, 0xc7835c61, 0x776aa6ba, 0x3a3edef9, 0xc52d9e0c, 0x1c3b62ab,
            0x0cb39fd0, 0x72c9dd0f, 0xbc5a650b, 0x007597dd, 0x575d0351, 0x9194688c, 0xf603a490, 0xb30d0f0a,
            0x1a097b12, 0xd00618c2, 0x811c95f7, 0xddffb0ae, 0xea4d51e6, 0x5aa4ab3d, 0x7d9eb70e, 0x4b13f627,
            0x6a1bf3ad, 0xca7af40d, 0x3b017e98, 0x07782e05, 0x8ce53d9b, 0x7f307563, 0x5f07d088, 0xaae081c9,
            0x34561499, 0x9ec3028d, 0x516f1ae8, 0x0bbe2608, 0xcc48edb4, 0x26702b8f, 0x4276859f, 0x4f8f2df3,
            0x5662a330, 0xc22027d4, 0x86112c2f, 0xd2a8daaf, 0xba687cb2, 0x8be88443, 0x40d847f2, 0xf592c69c,
            0xe9dc33ea, 0x6c29ea14, 0x52fe78e4, 0x9d526081, 0x54cc615d, 0x2dbb9a5a, 0x68b531c0, 0x647339cd,
            0x36f8d6f4, 0x0e1d5dbd, 0x75c464d7, 0x014a37bc, 0x335bad41, 0x10fd6aa6, 0x9ffca2ec, 0xa5b7ebc8,
            0xb1a3cd67, 0x62412074, 0xb09c6d06, 0x85804e23, 0xa014907d, 0xb791d4de, 0xf031bd29, 0x53c1d885,
            0x7158bf03, 0x1253a8cb, 0x0910e465, 0xa12b301c, 0x0a818669, 0xcb45546c, 0x8946462e, 0x155e1113,
            0x0f22fddc, 0xe0b94052, 0xb9f91ebe, 0x457b3c47, 0x580a6950, 0x84bfee42, 0x5c96b284, 0x765506db
        },
        {
            0xe107d0f2, 0x2a90cd75, 0xfa5dc87b, 0xfdba6b84, 0x72ebab6b, 0xa226ae65, 0xf01575a9, 0x266949c9,
            0xeca8cedf, 0x922f407e, 0x06249818, 0x9b9aa562, 0x7a08d4e6, 0x48aaf8a2, 0xf6a44cc7, 0xb82a2c7d,
            0x95c8e381, 0xcf1847c0, 0x9931673d, 0xeb4f6d20, 0x411f1dbe, 0x67e3f501, 0x5da2a6c8, 0x0d3abf5b,
            0x7def7719, 0x0add1ca4, 0x2c21f41b, 0x9acc3ff3, 0x3c65cbd1, 0x023e6329, 0x47ae24d0, 0x57ea1b1a,
            0x3486b45c, 0x600456fe, 0x3ece098e, 0x0368f9b8, 0xd7bf0787, 0x0095a176, 0x9c7d069d, 0x6dab48d3,
            0xfb0b52ea, 0xb97cb6ec, 0xddf7ba55, 0xf143ef38, 0xf40f8e98, 0xce4edd51, 0xee030c80, 0x7e122fd7,
            0xf8f60a24, 0x9379daef, 0xe8b235ee, 0xb19fc961, 0xad227217, 0xc8ffe43f, 0x14cb658d, 0x377bec92,
            0x309c4f6d, 0x0920446a, 0xff11a9db, 0xca542660, 0x20d870a7, 0x9ed6c4c2, 0x3f98931f, 0x7b5e4e77,
            0x91d218b0, 0xba81ee22, 0x8c393957, 0x127a5ce3, 0xa08d6c3a, 0xbe9b1513, 0xe6e0730d, 0xac74e886,
            0x1187042d, 0x273fd358, 0x4b57a06c, 0x826b7fb4, 0x4e1bc1cc, 0x90848221, 0x84da46da, 0x7116f3a5,
            0x53f0e02b, 0xc2b759ed, 0xe51d2bc3, 0x4de69902, 0xaac5d1e8, 0x3929aa71, 0xd058a478, 0xb3340b3e,
            0xb6786a9e, 0x8bde9aa8, 0x59b85df9, 0xcb02bcf1, 0xbbd774b3, 0x78a316b9, 0x62af94a1, 0x3d335140,
            0xd10e3ee9, 0x387f30e0, 0x500db8e5, 0x6cfdd242, 0xc7fb384d, 0x4a013afd, 0x23252869, 0xc9a97eae,
            0x43b4dfe1, 0x10d19ebc, 0x7f44b546, 0xcce51f0e, 0x63f90e30, 0x6f008a8c, 0x6b1a71bd, 0x283b0f2a,
            0x897558f7, 0x9d2b9c0c, 0xda1019aa, 0x2273b2f8, 0xaf89b048, 0x05d9c0d6, 0x541743d4, 0x24c28b96,
            0xf7f2d656, 0x6e56101d, 0xe0514a63, 0x42e24570, 0x73bd31fa, 0xf5591409, 0x1d7e8091, 0x32378d32,
            0x31cad5fc, 0xc3e1c37c, 0xea19f7b1, 0x5f096497, 0x8823c266, 0xe9e4af7f, 0x5e5ffe06, 0x8196277a,
            0x9f805e53, 0x1660a7d2, 0x07720289, 0x5a450537, 0x0f917d04, 0xa37034f4, 0xd2f36627, 0xbd664ddd,
            0x8d6fa3c6, 0xe7b6e99c, 0x1a99236e, 0xa76acfc5, 0xf9a090b5, 0xd8bbdbf5, 0xd3a5fcb6, 0x2d776e8a,
            0x52a67aba, 0xbc30d74c, 0xa1dbf6ab, 0x515b2274, 0x336117a3, 0xfe47334a, 0x01c33be7, 0x46f8be41,
            0x750c0894, 0x6a4ceb2c, 0x58eec768, 0xe3ac12ad, 0x8fc46199, 0x56bc818b, 0x25941107, 0xcdb3859f,
            0xa63c5554, 0x0b8b8635, 0xb72ef00f, 0xfcecf115, 0xdf5c780a, 0x19647ba0, 0x7cb9ed88, 0x3ad4f2bf,
            0x159dff1c, 0xb26291af, 0x49fc6233, 0xde0ae29b, 0x9867fdac, 0x976321de, 0x4049872f, 0x296d95bb,
            0x44537c1e, 0xdca120c4, 0xe2fa883c, 0x69b1b3e2, 0x86718485, 0xe44bb152, 0xa9388926, 0xbfcd8f82,
            0xdb46833b, 0x87271e14, 0x4f4d5b5d, 0x2bc657e4, 0x0c6c25ca, 0x0ec7e795, 0x1832e131, 0x1bcfb9ff,
            0x8e92fb08, 0xab934b79, 0x745a9205, 0x6548375e, 0x949e7910, 0x76f1505a, 0xd514c5d8, 0x2fdcacd5,
            0xef559611, 0x132cc672, 0xedfe544e, 0x9635bb4f, 0x80c0bdeb, 0x2e8a3644, 0x79f58c28, 0x17363d43,
            0x0876defb, 0x8a880039, 0xa86e13b7, 0x5541d945, 0x218eea36, 0xc550fa12, 0x833de525, 0xb4d3a8c1,
            0xc4066083, 0x70406934, 0x5b139fa6, 0xa497970b, 0xc14a0123, 0x35d02ecd, 0xc6ada2dc, 0x4cb00393,
            0x66b56f90, 0xd6e99d16, 0x048f5a47, 0xa5c10d9a, 0x641eadcf, 0x858cdc4b, 0x1c281a00, 0xaedf2ad9,
            0x1e83d85f, 0xf3e82d67, 0x77a7cacb, 0xc01c9bb2, 0x362d7603, 0x3b82682e, 0x68e72973, 0xf2beb7f6,
            0x5cf43c59, 0xd4425f49, 0x4505e68f, 0xd9ed4164, 0x1fd542ce, 0xb0c953f0, 0x6152cc6f, 0xb5853250
        },
        {
            0x2e370a5a, 0x0ea6a0bd, 0x4d45c7f6, 0x0909f5db, 0x42b180c4, 0x9a6121ea, 0x3efbc1e3, 0x5fa89ba7,
            0x2d2fa588, 0x8d02bf35, 0x4f64501e, 0x7b8ecbf4, 0xc94e8d18, 0xfc9d2ec8, 0x7f393140, 0x05e51d3b,
            0x2574b7dc, 0x1e6a6b04, 0x89b54581, 0xae8bba00, 0xeac7882d, 0x49f23d42, 0x78966426, 0xd98246a1,
            0x8b94d269, 0x473f424a, 0xf4c63c9c, 0xd0e06ccf, 0xcdf977ac, 0x3de36e31, 0x5b1f6113, 0x5e91a39d,
            0x70cd7672, 0x13bfbbde, 0x67aee8ad, 0x4427ed98, 0xd8bb7e9b, 0xcfd8e044, 0xbc66e651, 0xbf7e4983,
            0xaa3c40b4, 0x77622314, 0x48cb0578, 0xb504cc3f, 0x28a16706, 0x4090172c, 0xd457967b, 0x0f9f9887,
            0xa17ffd32, 0xa35e6ada, 0xfa0b4394, 0xda9ae973, 0x765b1b2e, 0x23e2da80, 0x4e5d6824, 0x62202a23,
            0xdba3d149, 0x57f389f3, 0xc877b522, 0xd2c1fb27, 0x1f53533e, 0x696397a5, 0x83cfc03d, 0xb1b3368b,
            0x87783a89, 0xe71258f7, 0x0c873755, 0xc6baca2a, 0xa26752e0, 0x1add91b0, 0xe29c9a79, 0xd3f8c31d,
            0x82f6f807, 0x41a92f16, 0xd74f39a9, 0x4bd3aaaa, 0x2bb9c8d4, 0x46067a70, 0x1c4bfcec, 0x1be4a98a,
            0x332e1139, 0xc02ca776, 0x3cda560b, 0x310f86d1, 0x53447347, 0xccc04f96, 0x7e00097a, 0x6ff5faf9,
            0x71f44e48, 0xf7de934e, 0x99798e38, 0xb43df405, 0x6697d097, 0x7ab7f3ce, 0x0830cde1, 0xbbc9b337,
            0xa046c508, 0xf82ad47c, 0x864102b3, 0x07c48ad3, 0xfda416f2, 0x19c53e62, 0x72ece19a, 0xdf142bfd,
            0xf071c628, 0x2f0e3260, 0xcb6f1af0, 0x9cf74cb6, 0xb9e824df, 0x006bdfb5, 0x527d4b7d, 0xc49b5dc2,
            0xa81dd75c, 0x79af5c1c, 0xfebcb920, 0xb2ab9959, 0xd56eae41, 0x923a33be, 0x685aaf9f, 0x901ba456,
            0x93030b84, 0x4388b8fe, 0x9dce748c, 0x97b4f130, 0x3799eb8d, 0x5cb03475, 0xa924ef66, 0x1410eeb8,
            0x56cab1c9, 0xd1d954f5, 0x959566d8, 0xb08a0eb1, 0x8559ad61, 0xb392a163, 0x9b5819d0, 0x6001bdcb,
            0x16317950, 0x5d890c4f, 0xec51e571, 0x10a7140c, 0xf913ec46, 0x747a8cc6, 0x505cdc95, 0xe0bd0d91,
            0xe40af725, 0xff85811a, 0xafb2823a, 0xdd35bc15, 0x266c180e, 0x9840b602, 0x888c7dbb, 0x9ed6db5e,
            0xca5622ca, 0x3fc2f9d9, 0x968dc90a, 0xd6760193, 0x6dd46d11, 0x658f7f45, 0x6eccc2c3, 0xbaf08b0d,
            0x1d72c4d6, 0x04dc2501, 0xa4f13fbc, 0x27552034, 0x0dbe0f6f, 0x1529d682, 0x6a7b3877, 0x2c169db2,
            0xb61c63ed, 0x22dbe2ba, 0xcee1d87e, 0xb7255bd7, 0xf6e7ab74, 0x024a485d, 0x39549485, 0x8f2328dd,
            0x9fefe364, 0xebfeb017, 0x6b42004d, 0x5165e4af, 0xe9df27ff, 0x55d21e1b, 0xbd5fde6b, 0xee707299,
            0x21c34d68, 0xc783f210, 0x73d5d9a0, 0x3036beeb, 0xa7e9906e, 0x0152e78f, 0xe3a5a243, 0x6ced552b,
            0x4aea9290, 0xe62b60cd, 0xab05788e, 0x64b6477f, 0xc33408a4, 0x8c3b870f, 0xa6d0a854, 0x8460955b,
            0x7c219e92, 0xe533cf1f, 0x1708416a, 0xc5a265f8, 0x8aadea53, 0xfb327bae, 0x3b75036d, 0x119e2c36,
            0x36a0d3b7, 0x386dacbf, 0x18fc0658, 0x7d18a6a8, 0x244d8fe6, 0xed68dd4b, 0x03737067, 0xf148fe12,
            0x0b286233, 0x5a265929, 0xad9315d2, 0x35b87c65, 0x32172903, 0xb8d11ce5, 0x451ed5a2, 0x29985f3c,
            0x0a115a09, 0xf36969fa, 0x3481445f, 0x8e1a10e7, 0x613885f1, 0x3a4c3b57, 0x7543b4fc, 0xdc0c842f,
            0x5807cec1, 0x54eb2621, 0xde2d13c7, 0xf5ff04a6, 0x94ac5ee2, 0x20fa7552, 0xe18435ab, 0xe8e61fc5,
            0xa5c80786, 0x63191219, 0xef494aa3, 0x80d76fef, 0x2a80f0ee, 0xc20d309e, 0x06fdb2e9, 0x128683e4,
            0x593ef6fb, 0xbe4771b9, 0xacaa2de8, 0x4c7cffcc, 0xc1159f4c, 0xf25051c0, 0x91229c6c, 0x81ee57d5
        },
        {
            0x33ae5c5c, 0xf6a21620, 0x5a86f9a6, 0xe6df1b07, 0xce5dd062, 0xeb1580e7, 0x8caa63ea, 0x50417a16,
            0x52e589cc, 0x5411bf51, 0xb00560ef, 0xde20dd45, 0xb5ac8b65, 0x7e3787ee, 0x88faa6ad, 0x8794ce97,
            0xe8485df0, 0x6d1757de, 0x9e739d17, 0x4b02da4c, 0xaf1605f2, 0x8ba77bba, 0x60ddcc3e, 0x63801129,
            0x2a490fdc, 0x0aa8b4d3, 0x6fb3a404, 0xc3974b82, 0xfa91a30d, 0x23d3517b, 0xf30bfdaa, 0xab46c0b5,
            0x5c72cf3b, 0x74f0045e, 0x2914d2cb, 0x8a5e5577, 0xca0d1525, 0x73fd1c0e, 0x5ed63ce1, 0xb99f3e48,
            0xdc842e9f, 0x62793fe4, 0xf05620bd, 0x0332ea74, 0x46c841ac, 0x67d0d46e, 0x51b854db, 0x4df6ecd1,
            0xeebc6b6d, 0x16e60cd9, 0x9f8ab3da, 0x02cbc4b9, 0xf5ffcb37, 0x446cb276, 0xede1b67a, 0x0ef87194,
            0xd51e7038, 0xaabfee78, 0x310aaf86, 0x4361aa26, 0xc49a53d2, 0xc133b858, 0x56b54c8b, 0x574c6246,
            0xfc659590, 0x4eab31c6, 0xc63ea008, 0xef4545a0, 0xa7757598, 0x7159efd4, 0x080c4709, 0xb2a19335,
            0x3607b7d6, 0x657427b4, 0x9887ab8a, 0x09f569c4, 0x24de492b, 0x793a9fbe, 0xa5d18642, 0x2bb02111,
            0x8ff7befd, 0x30f3814b, 0x47316f61, 0x866de05a, 0xc950c832, 0x59db24b1, 0xf9cc7e1a, 0x84c91380,
            0x267abaf1, 0x37fe991b, 0x2d44178c, 0xa0786dc8, 0xb70878bf, 0x6629faa3, 0x85303d4d, 0xb6f15672,
            0x45959cbb, 0xda701802, 0x134fe753, 0x28edfc06, 0x15bbd1ce, 0x41c559fc, 0x6e4a8ac9, 0x2177a2a1,
            0x3cc03466, 0x8160f80a, 0xbf6b08d5, 0xdd7d0052, 0x8d534d27, 0xd7ba83e2, 0x68bebc54, 0x9cd76ecd,
            0x49a62996, 0x78c3b173, 0x12b6c99e, 0x0c5c824e, 0x0da5ac83, 0xe1d20357, 0xf75b38ed, 0x911df52d,
            0x1dd8a1a4, 0x5d8be1f6, 0xbdcffb0f, 0x485f075b, 0x6be36143, 0xe28fde40, 0x7d6a5af9, 0xd643ad2f,
            0xa428a88f, 0x1f7c527e, 0xd8d4ebd8, 0xc5637d1f, 0x069b01fe, 0x9a235850, 0xc8a9e6ff, 0x429884eb,
            0x1b2c9739, 0xe72635ca, 0x4afbf481, 0x11eb1489, 0x2fe0e456, 0x3969dfec, 0xbc36d5c2, 0x0f015f59,
            0x90e4dbe0, 0x0b519a1e, 0x2783943c, 0x89038860, 0x7c937434, 0xd3ea46a5, 0x3d391aab, 0xfd9cbb5d,
            0x7fcea923, 0xe9b1733d, 0x3bcd2c36, 0x07622f33, 0x9240283a, 0x10123a44, 0x3890f121, 0x2cbd3941,
            0x6a1a4f8e, 0xf83550d7, 0xeaecae2a, 0x403c7731, 0x043ff224, 0xb358bdf8, 0xdfd9f388, 0xaeef2b3f,
            0x5f2f122c, 0x8099d6c7, 0x70a0c119, 0x1c218f69, 0xb455a5a8, 0x77add949, 0xcd000d75, 0x3a3402fb,
            0xe47be8dd, 0xac4bd8e5, 0xbb3bcd92, 0xcfa4feaf, 0x6cee7913, 0x58220a7c, 0x648d0979, 0xc26e654f,
            0x34a3440c, 0x7654f784, 0xa1814305, 0x7a6742a9, 0x1ad5b9f4, 0x355a6ac1, 0x531ca701, 0xb1fc4e22,
            0xd4e75ef5, 0x006f3763, 0xcbf43be8, 0xf1af0e70, 0xf406e5fa, 0x75092a93, 0x7b9e6c64, 0x1e857cb3,
            0xa9e2336f, 0xe376f08d, 0xbac2e35f, 0x94b41ea7, 0x222a7fb6, 0xccf923b8, 0x4f521f0b, 0xa68c5b55,
            0x198864e3, 0xe02b2d9a, 0xe582c610, 0xa81b1da2, 0xd14eb57f, 0x69479299, 0x3e64c7bc, 0x2e19ca9b,
            0xc7c78ec5, 0xa2dc9e12, 0x5b7fd76b, 0xfb688dc0, 0xff384887, 0x05c6dce9, 0x4c0fc21c, 0xa325b0df,
            0xc0ca9695, 0x997e8547, 0x1442ff03, 0x019619ae, 0x55e8919c, 0x252767e6, 0x954d306a, 0xd2136868,
            0x83c40bd0, 0xbe922618, 0x18714a2e, 0x6124e2f3, 0xf2f2d367, 0x720432c3, 0x97e9c3b0, 0xfec1664a,
            0x9610ed7d, 0x8e0e9030, 0xec1898b7, 0xadb2f628, 0xd92dc515, 0x9d2e4000, 0xdb8936cf, 0x3f9de971,
            0x208e8c6c, 0xb8661085, 0x32577291, 0x93b906f7, 0xd0b79bb2, 0x823d251d, 0x171f2214, 0x9bda769d
        },
        {
            0xb688df5c, 0x839bd74c, 0x30ef88db, 0x76bcbab8, 0x0cdac4a7, 0x40c17c32, 0x4ed96d7b, 0xabf2e22c,
            0x9c25eed3, 0x2efb7b31, 0xb01c400c, 0x790e6184, 0x453b2df8, 0x3515d911, 0x8abd9320, 0xbe045145,
            0x07388424, 0xbbfe008f, 0x549d052e, 0xcceea143, 0xfec3fc76, 0xd918122a, 0x3d995708, 0x68a84952,
            0x1a42b954, 0xc8be3afc, 0x0d700ed2, 0x939735ef, 0xe52d5e56, 0x169eacf2, 0x9b1bbbf6, 0x4b233cb1,
            0xef65d4a0, 0xcf806fd9, 0x2f51b144, 0x100a33a2, 0xafa27993, 0xb7221529, 0x4f73a70e, 0x618e0d3e,
            0xdbdc16c5, 0x7d5efa3b, 0xc35c7a7f, 0xbfae9b30, 0x87cb4cf3, 0xeda1d04f, 0xb5e611c6, 0x966d6425,
            0x65de9681, 0x5c118b37, 0x2149a00d, 0x9875756c, 0x47ff2917, 0xe7e95ab9, 0xd7000363, 0xd35098dc,
            0xde26470f, 0x5b2fde12, 0x62e0c3a4, 0xb44cdbb3, 0x702825e8, 0x3aa7022d, 0x06924e51, 0xc70ce1c0,
            0xc6a62bb5, 0x53a3500b, 0x2b012afb, 0xad667d7c, 0x4491e78d, 0x3b0dc858, 0xdce243e0, 0xa89c2cb6,
            0xa4403910, 0xb2d844e3, 0x6f961c77, 0xc2f6b00a, 0x6024c74b, 0x4a89f6c4, 0x1d7cec71, 0x2d95b5ab,
            0x80f519d6, 0x815fd3a3, 0xa6843dff, 0x322b8c34, 0xc5c8e52f, 0x314542ae, 0xeb354f1f, 0xce2aa5ac,
            0xec0b1a3a, 0x0a4e5bf7, 0xe3b9c106, 0x8f47c2ea, 0x82311d39, 0x0920956d, 0xd8b2d85f, 0xd1949c33,
            0x1364fd38, 0xfdad32ec, 0x3c339d7d, 0x2c3f7fde, 0x64745cf4, 0x6a6c4dbd, 0x238da4e2, 0x771670cd,
            0x78a4abf1, 0x25193bb2, 0xf64f726f, 0x27dd3f5d, 0xf48b7680, 0xe0d70f9c, 0x75d27422, 0x7f9afed4,
            0x7182ef9d, 0xd46ecdf9, 0xc1987e90, 0xdd488995, 0x9d8f24a6, 0x1cd62604, 0x6d521898, 0x3ef79992,
            0xa37e6c35, 0x04564abe, 0xeecf1ed5, 0xe64390cc, 0x7478be57, 0x22276e97, 0xe17dc5e9, 0x69028327,
            0xe9f14bf0, 0x5a851467, 0x7346eb72, 0x088a5f18, 0xa1ba68da, 0xb890ce15, 0x7a60af1e, 0xae08b3e6,
            0x671a926e, 0x59ebdafd, 0x420578dd, 0xfa9367c9, 0xf9fda953, 0x4db7a3e1, 0x7e3034a1, 0x97c7ae50,
            0x0006d101, 0x484df22b, 0x49e7385e, 0x2aabe08e, 0x516754e4, 0x43afb2a8, 0xbd6a9fdf, 0x15f06268,
            0x94a960ca, 0xbcc055aa, 0x84a58269, 0xd5c4078c, 0x286fe461, 0xe85b8185, 0xcbd0f466, 0x91533100,
            0x2677f528, 0x17346687, 0x1fb8e89e, 0x72ec2107, 0x5f7f45ad, 0x8c290c70, 0xd6aac916, 0x24b3f1c7,
            0xda76dcb0, 0x9ee1ea3c, 0xe4879423, 0x99dfbf19, 0xea9f856a, 0x1be87321, 0x57f3cbb4, 0x386306c2,
            0x850f481c, 0x33814641, 0xc914f089, 0x52099a7e, 0x923dff9a, 0x6cf8d2ed, 0xfc07f899, 0x01ac1b74,
            0x39c9ccb7, 0x66b0581b, 0xa010a2af, 0x02c2d5ee, 0x4655e362, 0xdf8c8d7a, 0x1886bdbb, 0x416bb647,
            0xf7e5b81a, 0xb93a0460, 0xc032b4e5, 0x6bc687c8, 0xd03e5646, 0xa936e6c3, 0x89d35dba, 0x9ab17183,
            0x887997cf, 0x3f5d53e7, 0x367b178b, 0x0e1ec048, 0xd2fa52a9, 0x9503aabf, 0x37d1ddfe, 0x20e36a78,
            0x7cf4304e, 0xcd446b36, 0xa5eaf365, 0xa72ef78a, 0xacccb709, 0x90f9fb75, 0x145aa81d, 0x5537cf5b,
            0x9f4b2049, 0x03681f9b, 0x58411088, 0x11a0f9d7, 0x8d83c605, 0xf8576326, 0x34bf1364, 0x7bca656b,
            0x8b175955, 0xf171274a, 0x192c77ce, 0xe2130b73, 0x1e1222eb, 0xf521bcf5, 0xf0dbed3f, 0x12ce374d,
            0x6e3cd602, 0xc4622f5a, 0x86618686, 0x4c1d6994, 0x565901c1, 0x5dbb4142, 0xca7a3e13, 0x50cd9e91,
            0xf3b523a5, 0x29c52e14, 0xb3728e96, 0xfb39adbc, 0x5ed58fd8, 0x634a09d1, 0xaa582859, 0x0be49182,
            0xff693603, 0x0fb40a3d, 0x8eed089f, 0xa2d4a640, 0xb1b68a79, 0xf21fe9d0, 0xba54cafa, 0x05fc80cb
        },
        {
            0x89865755, 0x04bac999, 0xd9b8601d, 0x5f95ebf8, 0xa9296c27, 0x4caa48b4, 0x8136c6cf, 0x9e32a0c5,
            0x526f12a8, 0x0fabdcb0, 0x215f9a21, 0x694f1b0c, 0x08810cdf, 0x282e37ad, 0xc23752cb, 0xc4dcbeb2,
            0xf8d66779, 0x025125e0, 0x15e5d270, 0x88476b43, 0x57257a62, 0xa512a961, 0xb62d0a2d, 0xe7d20173,
            0x01f0a153, 0x7bb18456, 0xe5b2b9d6, 0xac6304ed, 0x7a70b840, 0xef6290e9, 0xe0f8d11c, 0xae03bc48,
            0xa058c1ab, 0xce0c978d, 0xcc6c2f28, 0xc77d3a01, 0x233f2284, 0x8d0d0389, 0x42f13557, 0x7c9b5439,
            0xc196d678, 0xb44db288, 0x0dcb6415, 0x0ae1b47a, 0x64b5e25c, 0x500faa0d, 0xc057ea6e, 0x742bc5a3,
            0xba16cf6b, 0x071b4d2a, 0xb9b74bd8, 0x51ce961b, 0x209ea637, 0xd62221e8, 0x38b01052, 0x93c85995,
            0x603eb680, 0x4150b1e4, 0xbd3c1f04, 0xe8484086, 0x5484fed1, 0x467a618b, 0x1424ee66, 0xfd9c0fb3,
            0xf74c268c, 0x61ff8a96, 0xeea3acff, 0xd583a55b, 0x9069dd26, 0xed02284c, 0x8f6dbb2c, 0x372a51a7,
            0xf9175b6f, 0x5adf8332, 0xf68d1a9a, 0x3dfa7898, 0xa238790e, 0x3e5bfc2b, 0x94e289fa, 0xfb77e3ca,
            0xa199fdbd, 0x31c1bdde, 0xe29869b9, 0xd442994d, 0x3f9ac03d, 0xe35955af, 0x0b20886c, 0xf52c9e29,
            0x847cae05, 0x6e65cb63, 0xf4eda23f, 0xfe3d8b00, 0x9ab9f419, 0xab49d482, 0x2d645f67, 0x92096583,
            0x91a8e130, 0x5e54d7ee, 0x778a4110, 0x12cf021f, 0x300081c8, 0x0c0a5803, 0x00319d45, 0x7161ad69,
            0x2415f2eb, 0xe9897c90, 0x057bf58f, 0x4f0bcc07, 0x29ef0bbb, 0xcfcdab9b, 0x4b8098db, 0x354ae902,
            0x33a1057b, 0xdcf208d7, 0x8be6eff0, 0x5df5535d, 0xd3684922, 0xebe9c435, 0xbe9d9bb7, 0x9523b5ec,
            0xd0c9cd91, 0x671466ef, 0x4d6b74a2, 0x2a4e8f08, 0xda19e4ae, 0x56e44674, 0x1ef4c759, 0x039019f6,
            0xc8e77bf4, 0xdbd8d8b8, 0xfffcb716, 0x27b47658, 0xcb46ff47, 0x8ccc3f9f, 0xc6bc0617, 0x36eb6db1,
            0x39712c44, 0xd7e31dfe, 0x6dc44fd0, 0xafc2805e, 0xa4d39577, 0x25d4cefd, 0x2f04e7c2, 0x1f35fb4f,
            0x861c16a0, 0xf066f6e3, 0xa8e85031, 0x43300941, 0x7f3ad08a, 0x348bd514, 0xecc3145a, 0xc92647e2,
            0x991870aa, 0x5c346f4b, 0x83567e6a, 0xf3c77250, 0xe6133d65, 0x441ad92e, 0x7d5a682f, 0x639f3233,
            0x6aee9fbf, 0xaa88e894, 0x5545c2c7, 0xdd3334c1, 0x764b7d06, 0x1bbeaf93, 0x7efbec9c, 0x3260396d,
            0xbbd7f37d, 0xd108f187, 0xb58c8e9e, 0x181f2b20, 0x4ecaf011, 0xada238fb, 0x9b78c80f, 0x80f7fad9,
            0x8a27d3e6, 0x85bd9213, 0xc51d82a4, 0xfc5d33a5, 0x625e0e25, 0x730115cc, 0xb107da42, 0x6fa4f775,
            0x98d94cbc, 0xca87c351, 0x597e0781, 0x58bf3b97, 0xb7ec363b, 0xb36762e7, 0xb2a65ef1, 0x130e3e09,
            0xe139ed0a, 0xc3f66edd, 0xbcfd2312, 0xf2064e46, 0xf1a7caf5, 0x164456c3, 0x5b1ebf24, 0x781000e5,
            0x79d13cf3, 0xfab6dfdc, 0x48211c68, 0xdf538c64, 0x45dbe538, 0x9ff39cd3, 0xe47385c0, 0xa77211c4,
            0x1a7f9385, 0x66d55af9, 0x116e86ac, 0x1d5543ea, 0x094030c9, 0x9682315f, 0x2b8fb31e, 0xde92b072,
            0x6b2fa3a9, 0x26754a4e, 0x40918df2, 0x22fe1e92, 0x6574de4a, 0xa3f94518, 0x2ec5dbd4, 0x1c947ffc,
            0x8eac873a, 0xd2a97534, 0x9d932476, 0x19de1736, 0x75eaf9b5, 0x6c0573c6, 0x10afbaba, 0x06da713c,
            0x47bb5d9d, 0x3c3b448e, 0xd8795c0b, 0x72c029da, 0x87dd2ab6, 0x70a0917f, 0x2ca56371, 0xb87677ce,
            0x97430d49, 0x53ae2ebe, 0x3ad0a8f7, 0x9c521860, 0xea28f823, 0x688e271a, 0x49e0207e, 0xb0c6e654,
            0xa6b32dd2, 0xcdad133e, 0x0e6ae0a6, 0x3b1194e1, 0x8297427c, 0x4a41a4cd, 0x17856ad5, 0xbf5ca7a1
        },
        {
            0xe45083a9, 0x7cd552a8, 0xadca8992, 0xcb29c6aa, 0x2bb45f47, 0x90ebff6f, 0x51b6f01a, 0xde839c52,
            0x5644991c, 0xfaab847d, 0x99a045f2, 0xe64a6418, 0xcf02374e, 0x6f4e1e05, 0xd220a878, 0x4e8e889d,
            0xb12b69f7, 0x148fce0b, 0x3164a977, 0x73affe60, 0x26d4143e, 0xd03a4fc9, 0x70766682, 0x21267d38,
            0x441caae2, 0x86983d75, 0xeb2a2f61, 0xbf92ba6c, 0x745d9766, 0xbc4b228e, 0x2c463641, 0xf8b163cc,
            0xa758abed, 0x5b24d265, 0xe1b80d1e, 0xfe807599, 0x033f7342, 0x697f0850, 0xd8b28a07, 0x7f0cca4a,
            0x116740bc, 0x8541a597, 0x0bb7b68c, 0x1c070bc5, 0x382f13ea, 0x816a5473, 0x1a361d90, 0x19ef8572,
            0xc5901531, 0xdd5a04b0, 0xb9a3ac39, 0xaa38e094, 0x89e291bd, 0xf22341b3, 0xe593fcfa, 0xf1fad951,
            0xabfb9fc7, 0xbe51c53f, 0xba7a34db, 0xd1f9309a, 0x4d57107f, 0x24cef38f, 0xa9e17876, 0xc6498dd3,
            0x8fd387e8, 0xfb68fb2e, 0x8370b3c2, 0x45dfd5b1, 0x50758f49, 0xdc997be3, 0x337e4ec6, 0x80a92b20,
            0x526f68f8, 0x8c0a1f0a, 0x050e6517, 0x2d854912, 0xfc9a9228, 0x9e522cf4, 0x4aa57979, 0x0e5f383b,
            0x6034b2cd, 0x0d86a0d9, 0x7b273bae, 0xcd18d0ff, 0xb4c3e740, 0x82b3cc91, 0x233c9a89, 0xf3e03ee0,
            0x0f9c4768, 0x67c6dbcb, 0x5f0f2381, 0x9a79dd10, 0x22ffe5da, 0x175656e9, 0xbd885ddd, 0xdaa86db6,
            0xeec2a1d6, 0xa0aac2eb, 0x641f4329, 0xef01de85, 0x2e5cd1f0, 0xeae95032, 0x3dc79d5d, 0x32bd3195,
            0xa481330f, 0xa2b0255a, 0xbbb94b88, 0x1dc47496, 0x04cd1a44, 0x545e7ead, 0x41f42455, 0x68bc7703,
            0x764770d7, 0x6aa690b2, 0xd60b599c, 0x3fdd7aec, 0x5787e64f, 0xc933211b, 0xfd59ed7b, 0xf9721c9f,
            0xd411be2d, 0xe7891b4b, 0x53ac17ab, 0x3696c071, 0xf608b057, 0x61f7cd9e, 0x3e1e05bf, 0xe8f3b783,
            0x622e557c, 0x29aeb8f6, 0x8e10f8bb, 0x2f9faea3, 0x348c27c0, 0x8482dac4, 0x47c53200, 0x27176b6d,
            0x3a35f45b, 0xe3a2eaaf, 0x48bf9ec8, 0x137da70d, 0x39ec6cb9, 0xf7cbcf04, 0x92f118de, 0xc4536a62,
            0xf41257e6, 0x497ce19b, 0x94c00e8b, 0xc8f05e48, 0xa3735a09, 0xe07b724d, 0x9d8bb416, 0x30a7d624,
            0xb71a7fa2, 0x1fde9327, 0x4c946f2c, 0xac09f6c1, 0x086e2e6e, 0x06d7fdf5, 0xa5424c5c, 0x0a74c9df,
            0xcaeab9f9, 0xd7c826cf, 0x4f4df7ce, 0x422dbcb7, 0x875b4226, 0xb3318e46, 0x012594f3, 0x71b519d1,
            0x1e1dec74, 0x6c9786e7, 0xecd84667, 0xc0789b86, 0xc2627c37, 0x02fc0c11, 0x3755bf22, 0x354f5893,
            0x96dae93a, 0xdf40e301, 0x9332678d, 0x78fea34c, 0xff430aca, 0xb5009813, 0x6e8d6156, 0xf5d128b5,
            0x65dc3c7a, 0x169529ba, 0x182cfa21, 0x4b66062a, 0x6b65efe1, 0xa69bd4be, 0x9f9153a7, 0xb2f2f115,
            0xae131170, 0x759ee835, 0x071482a6, 0x950371d8, 0xb0e816a4, 0x8a3b095f, 0x98633aa1, 0x7d162dfb,
            0x5ecc5cd2, 0xdb6b12e5, 0x9bbaa243, 0x63ed2a2f, 0x3c04e20e, 0xed1b3934, 0x12bed85e, 0xb6d900f1,
            0x97199669, 0x8dc96059, 0x09ad513d, 0x00e6eba0, 0xa8220725, 0x46064d53, 0x40375b06, 0x726c8133,
            0x7ecfb519, 0x8bf8760c, 0xf039a602, 0xc1bbe4d5, 0x9128803c, 0xa169bdb8, 0x559d01fe, 0x6d54f9b4,
            0x286dc7a5, 0x154cb158, 0x43eec3e4, 0x0c45df8a, 0xb860d36a, 0xe26195fc, 0x250d8cdc, 0x58fd4a87,
            0x9c48cb45, 0x5ae7ad36, 0xc3a10364, 0x793ddc1f, 0xd971f554, 0xc78af280, 0xcec1481d, 0x2a772014,
            0x10a43fef, 0x3bf68b08, 0xe930c8d0, 0xd5d2c17e, 0x77840f84, 0x8821eeee, 0xccdbafac, 0x5d15c430,
            0xafd06e23, 0x1bf562c3, 0x593e35d4, 0x7ae444fd, 0xd3e3d72b, 0x6605a498, 0x20e5026b, 0x5cd6bb63
        },
        {
            0x069e57f2, 0x71b90bf4, 0x1abab4e0, 0xba816daa, 0x5848653d, 0xd20ac59f, 0x09b49a1e, 0xb87f4a06,
            0x593e55b0, 0x10b389ad, 0x30c3cd08, 0xd803f8d2, 0x9fd2d9ae, 0xdfde2fdf, 0xe8f585a8, 0x9653f3c2,
            0x26ee1357, 0xc5512b4d, 0x279823da, 0xd5d71292, 0x6e15ffc7, 0xa6a58eb8, 0xdd200873, 0x014380ff,
            0x7d1bd139, 0x23cde3f6, 0xe5216fe8, 0x6b360f66, 0x3c6117c5, 0x559c8f7d, 0xd182d2be, 0xb75587ea,
            0x70cf3b79, 0xc072dbec, 0x2f6f393b, 0xeca04584, 0x7712ec74, 0x5ab64291, 0x0460705e, 0x7c6de1b4,
            0xf9058cfa, 0x051640d3, 0xa2f04e94, 0xf4d166ba, 0x73472c58, 0x7ac60634, 0x3fe900e4, 0xadda8378,
            0xce2e268d, 0xaa075475, 0x5f95b230, 0x8a7710d0, 0x8b01205d, 0x0e694d13, 0x918e24cf, 0x62b7250a,
            0xffae6b7a, 0x5d6b959c, 0xfd504cd6, 0xa8f973d9, 0x1d6763ed, 0xfbfbab56, 0x446c862f, 0x6cebd86b,
            0xf62f4116, 0x93700363, 0xa3867e19, 0x4692a183, 0x641cc28a, 0x2045f4d7, 0x1c115360, 0xb276774b,
            0xb9097a8b, 0x0de15a32, 0xdafddf7e, 0x36682a88, 0x176e5ea0, 0xa00e6938, 0xb1fe606a, 0x3942e764,
            0x4e65bb62, 0x3bbcc0c8, 0xf084a696, 0x31b5fd85, 0x9725c34f, 0x920633ee, 0x9c5ace8f, 0x855ddd3c,
            0x48ce5ce2, 0x6d9de8e6, 0x2a4cc99a, 0x3e9f3069, 0xdb8beff3, 0x22bbd37b, 0x50bf7fdc, 0x8e22d0fc,
            0x66e2e526, 0x5ee382bd, 0x63c11587, 0xa7d3be35, 0x72311cd5, 0x749afb55, 0xc6d93c6c, 0x11c5b920,
            0xe174afc4, 0x323deaa4, 0xfa8d9bdb, 0x2133c45a, 0x34960d24, 0x334bda29, 0xe2fcb8e5, 0xae529459,
            0x81081d10, 0x47e4910e, 0x613f322b, 0x3acaf045, 0x6a403feb, 0x807e2d9d, 0xfed85bf7, 0xdc5638fe,
            0x82800a31, 0xd0f4e233, 0xf30cb1b7, 0x02cb97de, 0xb30047c6, 0xbd5cbaa7, 0xd37cf512, 0x07e8677f,
            0x7fe5f695, 0x90f81442, 0x49b86c6f, 0x16186e2d, 0x371e1a05, 0xe4575f65, 0x2d911e97, 0x35e03da9,
            0x4a307b4e, 0x8daac7dd, 0x99793e2e, 0xb5aba046, 0x5614985c, 0x87a3fa90, 0xbc2a8a2a, 0x89ff07f1,
            0x133b9e8c, 0x95dbe4e3, 0xbed4ad86, 0xee5e6228, 0xc3facccd, 0x8cdcf750, 0xe983b525, 0xcf581600,
            0xc7af0ce1, 0xf1f2961b, 0x0b4abdb2, 0xb4dd90cb, 0x29c4debb, 0xd975c85f, 0xeb7d9289, 0x980f0ea3,
            0x1eef74cc, 0x43b15122, 0x241034fb, 0x52415870, 0x4f138bef, 0x54eabff0, 0x604902a6, 0x75eccbd8,
            0x4dedac43, 0x0035b072, 0xfc267c5b, 0x7e93c618, 0x7bb036b9, 0x68be1847, 0xf5a75637, 0x9af1290f,
            0x1590790c, 0x8889377c, 0x0a3c8d3f, 0xf27a813a, 0xca7be6a1, 0x4b464bc3, 0x9ea4e923, 0xd4a1221f,
            0x1f994441, 0xc9f3f180, 0x8f54e071, 0x03bda753, 0xf873bc77, 0x25660476, 0xb623b767, 0x124dae01,
            0x656af207, 0x78382198, 0xedd67509, 0xd65f05b3, 0x9d2cfe02, 0x451ab6a2, 0x5c1da511, 0x51c94f51,
            0x533768fd, 0xdea81f52, 0xf759719b, 0x94add46e, 0xcda631ac, 0xacacb3f5, 0xbbf75d27, 0x2e1909b6,
            0x5762a8d1, 0xd729353e, 0x414f768e, 0xbfa29d0b, 0xcb0dd62c, 0xef2852a5, 0x3d172748, 0x9b871982,
            0x842bedb1, 0xaf24a4d4, 0x1844934c, 0x86d5ca1d, 0x0f1f7d9e, 0xe6a978c9, 0xc28cfc40, 0x5bc0721c,
            0xa98f4354, 0xc4271bc0, 0x1932a3c1, 0x3834d7e9, 0xa45ba914, 0x6f63cf4a, 0x42c761af, 0xea0ba204,
            0x6794d5ab, 0xe38a8868, 0xe7df4844, 0xc885c10d, 0x08c2aa93, 0x14e64981, 0x69c828ca, 0xccd00121,
            0x794e1115, 0x28b2ee36, 0x40394603, 0x2b3af917, 0x1bcc846d, 0xe0029f49, 0x4c9b9cce, 0x7664dcf9,
            0xc104eb61, 0xab7164f8, 0x83f63abc, 0x2ce72e1a, 0x0c976abf, 0xa52d9999, 0xb08850e7, 0xa17859b5
        },
        {
            0x2f23b917, 0xd0a95e1f, 0x38289d88, 0x9ed05c0a, 0x205d367e, 0xa444a0ec, 0xc04c05c3, 0x15b745f1,
            0x587a03e2, 0xee6799bc, 0x197d8e9e, 0xc296b640, 0xc9b2026c, 0x2c97fd11, 0x12593ab2, 0x2a1775d7,
            0x39466a0d, 0x6cfe87e8, 0x8d8143d0, 0xf5a6764c, 0x34e256e7, 0xfbb60ea0, 0x27b3493d, 0x7365535d,
            0x75e5db9b, 0xb905c7da, 0x2df90a94, 0xc3f841c5, 0x4e1fd0f8, 0x9d64180c, 0x8a6f3c93, 0x4b2b1c38,
            0x9fbeab8f, 0xdeb926f3, 0x23e97278, 0xeb53557c, 0x5efa8b24, 0xc6cc8d05, 0xca06466a, 0xe5432d90,
            0x05521e2d, 0x5aa0b061, 0xd59d92df, 0x228785fd, 0xe42dda15, 0x535eb7ce, 0x76519f9d, 0x0066d2ed,
            0x3ea8154e, 0x69ca4b28, 0x24070d3b, 0xd747215c, 0x176df672, 0x0cac1982, 0x993e2349, 0x0e76aa01,
            0x330c29a4, 0x60344c87, 0x949a1fa3, 0x7c1bdc34, 0xfd368666, 0x489f583e, 0xecbd2a3f, 0x9c0aef89,
            0xb0fbc075, 0x70d1175b, 0xc7a27a80, 0x400fa814, 0x49f1afbb, 0x80257f3a, 0x5184044d, 0x67da33c4,
            0x5f947ca1, 0x5d4ecf22, 0xe8e7117a, 0xd4f3655a, 0x3fc6e2cb, 0xaa54d800, 0xea3da2f9, 0x8cefb455,
            0xbbdf7459, 0x0f185d84, 0x1ffd0658, 0x83913b3c, 0x720ba4d8, 0xd839ae35, 0xadbaa743, 0xacd450c6,
            0x1813791b, 0x89db7895, 0xcf328aaa, 0xd95759b0, 0x5230404b, 0xf612324a, 0x3d1c5148, 0x748b2c1e,
            0x5c2038a7, 0x30b86da2, 0x68a4bcad, 0xd629d6d9, 0x1337cd37, 0x41615f91, 0x50eaf3c8, 0xbf854f1c,
            0xc578c903, 0xaf6014c0, 0x6d90706d, 0x6e24346b, 0x28cdc654, 0x5914f467, 0xf96cbd23, 0x42d51b97,
            0x2569fabe, 0x0dc2ee07, 0xe077e150, 0xb67b48b3, 0x66b4c441, 0x847f447f, 0x921a9765, 0x4dab94fe,
            0x773f6818, 0xdb8dea33, 0x7841e771, 0x6b10f8ab, 0xd1c7a99a, 0xdfd7d176, 0xe3c3a556, 0x0788adae,
            0x55de3f08, 0x31d69a27, 0xbc310b1a, 0x90c024e6, 0x54b0c88d, 0xae0ee345, 0xcb68b1ef, 0x8b01cb16,
            0x5bce47e4, 0x9640ac20, 0x0998d542, 0xa7f0e4ea, 0x4f71277d, 0xd273ed9c, 0x29a331d1, 0xa01e9ba9,
            0xa52a5769, 0x9be490ca, 0x6a7e0f2e, 0x63800881, 0x7bf5a377, 0xa1706c2c, 0x0b4266c1, 0xdae31db6,
            0x2b798252, 0x14d9b274, 0x9850d4cc, 0x0a2c9144, 0x3c72a6cd, 0x47e1d757, 0x8e3507d6, 0x57048c8b,
            0xffec35e5, 0xcc86ceac, 0x043ce9a8, 0x43bbec12, 0x91aed363, 0xb715bf36, 0x88b58f10, 0x71bfe0de,
            0xf77cc5cf, 0xf1fc4d09, 0x02bc616e, 0xf092ba8c, 0xa2c4282a, 0xa88e6b83, 0x65008047, 0xa69e136f,
            0x375612e1, 0xe7999e13, 0xcde83929, 0xc8dcf5e9, 0xdd0d62f5, 0x03d296eb, 0x1e93f1dd, 0xe6f76996,
            0xd31d1a19, 0xf326fe8a, 0xbd5ffc9f, 0x86a5f7fc, 0x4a45ebbd, 0xe2ad52d3, 0xc122f246, 0xb86b305f,
            0x4cc5637b, 0x566a7b0e, 0x82ffccb9, 0x08f622c7, 0xe989e6ff, 0xce5c7d2f, 0xb4a1fb30, 0x8511b3fa,
            0x87cb0079, 0xf8024aa6, 0xedd3ddba, 0x3638e564, 0x814b88bf, 0x44559351, 0x06e65a2b, 0xa9e09c06,
            0x7d752bb1, 0x2133c1fb, 0xb19537f0, 0x1ac9ca98, 0x646e77c2, 0x10838931, 0x972e5ba5, 0x2e4d4e92,
            0x7a9b54f2, 0xf248090f, 0xfad8f925, 0xbeebb899, 0x468f20d2, 0xbab183dc, 0x26ddbeb8, 0xe11916d5,
            0x8f5bf053, 0x62eeff04, 0x792f10f4, 0xfc5871e3, 0x7ec16fb7, 0x1c49425e, 0x95f4e826, 0x615abb02,
            0xab3a2f85, 0xa3aadfaf, 0x3b9cd98e, 0xb5cf0cb5, 0x6f4ac3ee, 0x1d27b5db, 0xc4163e86, 0x358ca162,
            0x11ed7eb4, 0xb22173f6, 0xdc639570, 0x453b64d4, 0xf4c881c9, 0x01082568, 0xb34f8473, 0xfe82c260,
            0xef096e39, 0x7faf9832, 0x937460e0, 0x3af22e0b, 0x3262de21, 0x1ba73d1d, 0x160301f7, 0x9a8a674f
        },
        {
            0x049d3027, 0xadff68a1, 0x1c0fdb28, 0xe58e0c7c, 0x31d718df, 0x4a0b56f0, 0x105f21e4, 0x070da106,
            0xf2dc8c9e, 0x0689dd34, 0x8e63bc89, 0x5cddaa20, 0xe79ae16f, 0x11db5dd6, 0x28c18fe2, 0x8744d56e,
            0x708115e5, 0x582e4539, 0xbc4aea49, 0x8027ab56, 0xd8673151, 0x8fe7c0bb, 0x531dc1cd, 0x2515091c,
            0xbdce967b, 0x64430426, 0x7f417e08, 0x98b54059, 0xb20efd96, 0x82334645, 0x2685983d, 0x60b0eb3f,
            0x5f4d3b01, 0x1b6ca510, 0xbb299471, 0x508d50ec, 0x1e1b363b, 0x6d646dc1, 0x65c77814, 0x699782d8,
            0xc612d854, 0xc0f5da5e, 0x919229be, 0x4f7cc5db, 0x9aa1ad4a, 0x124bccf7, 0x2e268de8, 0x97752bb4,
            0xdc94de48, 0x1f9f4a09, 0xf0c8618d, 0x2fa2f1da, 0x499bc7d1, 0xd2d0c997, 0x62a4062c, 0xdd10a27a,
            0xa1af926d, 0xafeb85b2, 0x9c46af40, 0x3ae49c2b, 0xf358f0ac, 0x465bac3c, 0xc171a66c, 0xb01a1085,
            0x19784803, 0xff080a60, 0x710569d7, 0x566a52e6, 0x481fbbe3, 0xa888fb8a, 0x77e26bdd, 0x006edf3e,
            0x7a36ed23, 0x8df32da8, 0x6134970d, 0xdf044f69, 0x9016558c, 0x79a67c02, 0xfa7f994b, 0x51092cde,
            0x03fe4e1f, 0xceb1cd81, 0x6f7080d2, 0x547ebff5, 0x731184c4, 0xf5bff2a6, 0xaa9c1699, 0x9e524253,
            0x1ae8d922, 0x08cdcaeb, 0xeebd8888, 0x7295f8f6, 0x7472fafc, 0xa3bb7f7e, 0xf62f6387, 0x2ad562f1,
            0x9202b89f, 0x7d55931b, 0x8b142fa2, 0x444f412f, 0xb8b90550, 0xa4d80146, 0xf86b7458, 0x39740d0a,
            0xa55c7d74, 0x766617ef, 0x1d8ba71a, 0xb7796ebd, 0x9fd63e61, 0x0dba59c0, 0x13cfb0c5, 0xd623268e,
            0x23f20b16, 0x7ec5023a, 0xe61e9d5d, 0xfe8c7652, 0x6a0713f9, 0xa23f034c, 0x2945f3d0, 0xb4e9ff9c,
            0xb38a81a4, 0x5299bdff, 0xcbc65eaa, 0x37301ad5, 0x2c3260fb, 0x75f686ce, 0x34a08bf4, 0x01eaa30c,
            0xd0c42484, 0x81a3d764, 0xb6fd128f, 0xf7ab1fb5, 0x14accefd, 0x36b466e7, 0x9561c6a7, 0x78220030,
            0x0c3e25f2, 0xb19e6cb7, 0xc796a466, 0xae6ff980, 0xe9def6b0, 0xc3654b7f, 0xe17de365, 0xd437cb9d,
            0xa7489067, 0x9dc2d372, 0xd7a75abc, 0xc2e1374d, 0x2701e40f, 0x94e5ba95, 0x8884be83, 0xcf35b1b3,
            0x5ec94733, 0x7bb29111, 0x18fc3431, 0x86c0a95c, 0x16b823ee, 0xfc989b41, 0x8900c2b1, 0xd5b3b7af,
            0x0b5d5bca, 0x8550387d, 0x0949b6d9, 0xd14058b6, 0xe3690e76, 0x55fac3c7, 0xf9ef086a, 0xbaade843,
            0x324789fe, 0x6657e935, 0x47dfd00e, 0x3b60e019, 0x83b73a77, 0xe2ed7244, 0xe40a704e, 0x3f930f00,
            0x4d6828c8, 0x305364ed, 0xac7b1493, 0x4ef8b9e9, 0xdbf7a070, 0x0e2ac8e1, 0xa6ccec55, 0xde80335b,
            0x63207a1e, 0xbe5e075a, 0xed2d19a9, 0xcca52092, 0x173c5fdc, 0x4138d204, 0xc4063547, 0xfd1ce773,
            0x4b8f2ac2, 0xc9d2b3b9, 0x57ee2ed4, 0xda73dc42, 0xc856cf8b, 0x5d59d612, 0xa90c87b8, 0xd9e34d63,
            0x9b25d178, 0x33c3f5cc, 0xcd215ca0, 0x84d4444f, 0x5bbed418, 0xbfda7b68, 0x9386c4ad, 0x8c77519a,
            0x59aa390b, 0x3524f7c6, 0xb56d83ae, 0xe0f99f57, 0x432c3f17, 0x4cec54fa, 0x8a905390, 0x1528b2cf,
            0xebca1ba3, 0xb93d7962, 0x45cb3d1d, 0x2b511ec3, 0x22767724, 0x96f15786, 0x6ef4fce0, 0x20629a37,
            0x027a322d, 0xd354b5a5, 0x6ce011f3, 0x42a84325, 0x40bcae36, 0xca422298, 0x7cd1ef29, 0x2491752e,
            0xc5824975, 0x3d87e213, 0x3c039e21, 0x0ad927f8, 0x6813feea, 0xf14c1dbf, 0x21e6e605, 0xfbfbe579,
            0xab186aab, 0x38f07138, 0x5a3aa82a, 0xea4e6791, 0x05194c15, 0xa02bee5f, 0x67d39507, 0x2db61cc9,
            0x99313c6b, 0x6b836fcb, 0xf43b8e94, 0x3e177332, 0xeca9659b, 0x0faeb4d3, 0xef39f4ba, 0xe85a8a82
        },
        {
            0x0acae437, 0xc7b9b4f4, 0x005d1f35, 0xdc9da565, 0x31c612e6, 0x5943e5c8, 0xba777682, 0x7cbc63a3,
            0x7d93dd43, 0x1b790ea4, 0x353ecd2d, 0x26d0efba, 0x7b36ca8c, 0x10c14b46, 0xa9995415, 0x48f00f5b,
            0x55710905, 0x248d27be, 0xcc01f116, 0xf70d07c7, 0x9cfa860d, 0xec291656, 0x7fce1547, 0x5c9484e3,
            0x53d41eca, 0x6a85201f, 0x1a56b044, 0xc9d6903d, 0x951f0beb, 0x2c4714b8, 0x7559ee45, 0x8209f6b7,
            0xa5abb8d8, 0x29907593, 0x73fcf98a, 0xae13fd3a, 0x06f808fa, 0x4c08d090, 0xa1536713, 0x38239f00,
            0x5b1e2dcc, 0xaf3c43da, 0x0be55ad7, 0x2f35625c, 0x9430b50b, 0x6e7dffd4, 0xbdfddfad, 0xfb3feb0a,
            0xa30eaf17, 0xe6beed54, 0xb537ecab, 0xaaeb22f1, 0x469f2b92, 0x3cdb40cb, 0x9742c3ef, 0xbfa017a9,
            0x032f69d1, 0xe4e32550, 0xdfefd381, 0x411582bd, 0x07d7b61a, 0xad618bde, 0xbcd2614d, 0x1924c6a0,
            0xb392fb64, 0xfa1055ea, 0x4d276e70, 0xabc49c11, 0x3a7e5704, 0x85835f98, 0x1eae6f8f, 0xa6d9ce3c,
            0x52fba02a, 0x67987232, 0xc11ca33b, 0x1439948d, 0xf962230e, 0x71a1318e, 0x32b46402, 0x6012db1d,
            0xb418524b, 0x8c66d27e, 0x45ed5d76, 0x390c21e0, 0xf84d9dee, 0x9dd538ed, 0xe246329f, 0xd2f281ac,
            0x6f524134, 0x23078e91, 0x84ace178, 0xd0af49a8, 0x5189d6ce, 0xac4e353e, 0x0c6ff3f8, 0xc8f92edd,
            0x83264857, 0x3e8688cf, 0x11eef5a6, 0x3df4fe2b, 0x09b892d3, 0x1f81d16f, 0x0d404d18, 0x7a19746c,
            0xd94ac44e, 0xddb21b85, 0xb0e08d80, 0x2d68aa58, 0x04a5c0fe, 0xce5c3912, 0xe5cc9bb0, 0xd180f748,
            0xb6459a4f, 0xa7f670dc, 0x2075f875, 0xc4cbc210, 0x9ea74e09, 0x50a6682e, 0x77042641, 0x2e1adcbc,
            0x545eb7e5, 0xf087aee8, 0xf2da66ec, 0xb2bd4584, 0xfcb54225, 0x5fe6f207, 0x5ec94ce7, 0x708e8f6e,
            0xf3f5d80c, 0xee74de52, 0xcaa4e6d9, 0xa4840638, 0x68d8e81b, 0xeba3bf79, 0xdec06d61, 0xfee88a21,
            0xf622b927, 0xf550cfc3, 0xd8657aae, 0x13b33da2, 0x174be269, 0x6c2037d0, 0x9a5f91c2, 0x364cbbc9,
            0x91e7d420, 0x0200d731, 0x4b8279bf, 0xcd2e4ff6, 0x4267f459, 0x1ddc196b, 0xc0331ddb, 0x6baa9eff,
            0xed06a8b6, 0x2ae20377, 0xe8d1c99d, 0xf47f7123, 0x339bdae2, 0xd3dd3f4c, 0x65c5ba36, 0x3fa9362f,
            0xcf7387f2, 0x613d65fd, 0x9b702f22, 0x16645c89, 0xc3416b3f, 0xb1cf3360, 0xe3698c7f, 0x215a4695,
            0x8d496c9e, 0x762b98a1, 0x27ff515a, 0xbb58c862, 0x30e9ac06, 0x43484ab9, 0xb82abe86, 0x4e551894,
            0x89b1b355, 0x28bfcb73, 0x90c86ac0, 0xd725e087, 0x47b09572, 0xd5782883, 0x9f88f0e9, 0x8bec7b51,
            0x3b51e9e4, 0xea8c0199, 0x44c2e396, 0xd4579663, 0x5a31932c, 0xdb170c4a, 0x69f756fb, 0xda38b2aa,
            0x0f1d851c, 0x25a2995e, 0xfd9afcc5, 0x4f7aa674, 0x37630529, 0x817b8053, 0xbe8fa949, 0x0e323bfc,
            0x403a3c5d, 0x586c5b28, 0xf1a81008, 0xa07cd9f3, 0x49dfb1bb, 0x64ea04d6, 0x341173cd, 0x8ac3c5b1,
            0xe79153b4, 0xc5e47cf0, 0xffc734c1, 0x966d7d0f, 0x624f1319, 0x72d3476a, 0x129c8342, 0x86f1297c,
            0x796b0288, 0x0172a1d5, 0x8f14a49a, 0x87de979c, 0xc6960a14, 0xcb8b5839, 0x22283071, 0x992de726,
            0x4aadc75f, 0xc26ed5df, 0x5dbb3a03, 0xe9fe777d, 0xef5b60b2, 0xe134447b, 0x747650a5, 0x180b7840,
            0x9295a2c4, 0x572cc101, 0xa8b6eaf5, 0x8e3b1a7a, 0x6d0f8930, 0xb9050066, 0x889e0db5, 0x7844bc68,
            0x2bcdbd97, 0x1cf3a78b, 0xe01bfa9b, 0x08972c33, 0x56037fe1, 0x058a7e1e, 0x66b7ccd2, 0x980259c6,
            0xb76a24af, 0xa22111f7, 0x6360adf9, 0x80543eb3, 0x93ba1c24, 0x7ee1aba7, 0xd60a5e67, 0x15162a6d
        },
        {
            0x6c399e24, 0x53b68f1b, 0x3ecf59e5, 0x04b7dab4, 0xfd6f7aa2, 0x786525c1, 0x1bab5fac, 0x6b9bb9a0,
            0x8afdbb2a, 0x7d92b7af, 0x7fc70245, 0x330fb2cb, 0xc1972c20, 0x4a2adfd0, 0x5d012388, 0x2e468239,
            0x4caa0a03, 0x2506bcc4, 0x4fdd4dbe, 0x1f7e3f95, 0xefb31494, 0x652c1533, 0xe8113310, 0x5763ef22,
            0xc882a737, 0xb3f27fc6, 0x8568e5ee, 0xcd753559, 0x2753092e, 0xa12e11f0, 0x139c26ec, 0xa37ba41a,
            0x9361ebe1, 0x2671fb79, 0xc717f9f3, 0xc5424c19, 0x924319b6, 0x0855c3cd, 0x8bdf497d, 0x21d3dcfd,
            0xbf1066bf, 0xd5cb97c5, 0x75a5ceef, 0xa68c3674, 0x1a89adfb, 0xe3510ded, 0xe5d1d83e, 0xcc57c70e,
            0x9696798f, 0xbe3294e8, 0xe273ffba, 0x665b528e, 0x88a80ec0, 0x5414a89f, 0x3078f576, 0xee91e6c3,
            0xbbc50686, 0x2d31c584, 0x640ee764, 0xd9298ebc, 0xc3c299ca, 0xf0af918c, 0x315a0721, 0x396d7e61,
            0xede6a17e, 0xc9a05560, 0xb8b2413b, 0x6f4ed999, 0x2a93e200, 0x12bed4bb, 0x7207e96b, 0x844a17b9,
            0x9016ac5c, 0x91345e0b, 0xcbf5e08a, 0xea4486fa, 0x487f6a3a, 0x449d7343, 0xda5ec901, 0x5b81f65b,
            0x1d2b8a7f, 0xc2e06b9d, 0x3db81e58, 0x5aa3040c, 0xcad712dd, 0x24244e93, 0x02370f67, 0x46c8c6a9,
            0x0ed5161e, 0x4effbfe9, 0xf898e8cc, 0x50c1c8a6, 0x7170aed6, 0x23866917, 0xd269b041, 0x52947d4c,
            0x384f8c36, 0x55365ac8, 0x19feea46, 0x97b48bd8, 0x9903274b, 0x322d409c, 0x36f820a5, 0xfe183d1f,
            0x8d5f9cae, 0x861fa253, 0x873d5004, 0xb1a7ca2c, 0x358f6718, 0xf18d63db, 0x0315fd30, 0x5c23d1df,
            0x77f07b05, 0xcf2080b3, 0x18dc1811, 0x45bf8114, 0x34ad954f, 0x9821d51c, 0x174946d5, 0x7cb045f8,
            0x7947d796, 0x0062ba8d, 0x3fedabb2, 0xd03c05ab, 0xddfcee85, 0x416ae12d, 0x5e766435, 0x9dd64772,
            0xaa6e2f0d, 0xc460be4e, 0xe104b807, 0x68ecfe1d, 0x28c657ea, 0x56411d75, 0x9b5692a1, 0xf3d8d631,
            0x898afc97, 0x6ab94bf7, 0xfbefaf71, 0x166bb482, 0x9f83f298, 0x9a7460f6, 0x6e6c2bce, 0x74873cb8,
            0x059528e3, 0x95e13e32, 0xd6bcd078, 0x06e26f5e, 0xf2fa2466, 0x0c80a3f4, 0xf70db608, 0x7a30902b,
            0x3b38cb8b, 0x2f64706e, 0x20f12eaa, 0x0a007627, 0xeb6674ad, 0xfc4d88f5, 0xa7aec423, 0x014048da,
            0x60db875d, 0xe7846dd4, 0x11c99306, 0xb605eda8, 0xaebb4f34, 0x9cf4b525, 0xde8ba938, 0x1e5ccdc2,
            0xadcc0889, 0x82cac26a, 0x07c09d09, 0x628e32b7, 0x10eb6151, 0x0b228470, 0x7ee5f012, 0x421da690,
            0xb2d08d91, 0x2bb11057, 0x58f6b1e6, 0xbc672102, 0x0977319a, 0x0da251a3, 0x94c3cc65, 0x4d88f854,
            0xb990b36c, 0xa5fb71c9, 0xa91968b0, 0xdcde1cd2, 0x3a1a39dc, 0xd34b4216, 0xaf99bd63, 0xb085387b,
            0x47ea34fe, 0x6779a0d9, 0x9ea100cf, 0x8c7d6ef9, 0x4048137a, 0xf9ba1a9b, 0x29e4a5bd, 0xecc45329,
            0xa83b9ae7, 0xdfa95b6f, 0x809f7780, 0x4b082d87, 0x69ce0c4a, 0x63acc0e0, 0xe4f32a69, 0xb7271fff,
            0xd80b7ceb, 0x5f549662, 0xf47af1b5, 0x51e33af1, 0xbd45d355, 0x0ff7e449, 0xfacd5d26, 0x8e28db13,
            0x3c9aec0f, 0x433f54c7, 0xe933c147, 0x1c097828, 0x143e0168, 0xa00ce3a7, 0xb4505842, 0xd79e222f,
            0x8f0a2944, 0x2c1337d3, 0x6d1b6c73, 0xa259564d, 0xb572aa15, 0x59d443b1, 0x495d986d, 0xe0264a50,
            0xc0b5de77, 0xce0272e4, 0x83e8303d, 0x22a49b40, 0xd4e96592, 0x7b12627c, 0x76d28952, 0xaceefade,
            0xf55803e2, 0xdb7c3b56, 0xc6350ba4, 0xbae7f4d1, 0xab4cdd5a, 0x151cf33f, 0x81bd85d7, 0x73251b3c,
            0xa4d9839e, 0xe6a69f83, 0xd11ef7fc, 0x37dad2f2, 0x70525c81, 0xff3acf48, 0xf62f445f, 0x61f9750a
        },
        {
            0xad15805a, 0xa167ac6f, 0xc4a7d8b8, 0x59e6a58f, 0xbc8deaf4, 0x2c5bef9d, 0xd3fd70a7, 0xe5c732df,
            0x6e39b39c, 0x2498df28, 0xf62c8640, 0xa2f12635, 0x60384198, 0xb0ffc6c1, 0x9209a6fc, 0xae830a00,
            0x2e2831ac, 0x50c0c151, 0xea2394b0, 0xa9a49cda, 0x892122d6, 0x40bdff94, 0x0cde5191, 0x36963fdc,
            0xfc9c68c4, 0xc1f39053, 0x7c375368, 0x624b9fa9, 0x1347c93b, 0xfa5eaa75, 0xe42266b4, 0x3227235c,
            0x9aca9649, 0x21cc97c3, 0xcc64e80d, 0xce17363c, 0x066ebf15, 0xb28c18f0, 0x432b75ce, 0x9c0854f8,
            0x5d57b90f, 0xd4dae67d, 0x6c4a6dad, 0xde6a08f9, 0xb63d0470, 0xa7a56ede, 0xdb3e4012, 0x1d463b3f,
            0xd94d9e23, 0xdadb1479, 0xb7d8501b, 0xa841c8b1, 0x2b7c7947, 0x4a0d1110, 0x995c1c13, 0x66fa8329,
            0x479a694e, 0xa6403ab5, 0xc5428cd3, 0x98b94878, 0xf82d7444, 0xbefe34c5, 0x4ccfd3a1, 0x691e2546,
            0x84b65a88, 0xc3804e62, 0x9e7b8ac9, 0x161381d0, 0x078beb7e, 0xe305f06e, 0x2029c3a8, 0xabd742eb,
            0x559489ba, 0x5a702fd5, 0x2fcd65c7, 0x5471ddd1, 0x3054fd6d, 0xaa321680, 0x4f5959fb, 0x257d8b43,
            0x8720d0d2, 0x1b84f98e, 0x3c26d158, 0xf10b109a, 0x86c584b9, 0x1ed0b165, 0x7687bdec, 0x4158abff,
            0x2dbebbf6, 0xd18eae96, 0xebc6c0db, 0x82749839, 0xd8a8ca48, 0x656c0973, 0xf9c8202f, 0xf45f5871,
            0x919f2ca6, 0x00ac7da4, 0xf5ba0c1a, 0xd6a9384c, 0x5b957bbe, 0x290fa776, 0xc73152e2, 0x6daf39c6,
            0x225a1d99, 0x80074608, 0xc016c438, 0xfeefb6f5, 0xf29d9ac0, 0xcb437ed7, 0xff0ae29e, 0xa082f804,
            0x0a1c9320, 0x6fdce7f7, 0x270e5572, 0x8fe3e067, 0xe651b885, 0x96b8ba7c, 0x57e7578b, 0x0d3b05fa,
            0x952e3026, 0x85530ee3, 0x3500b586, 0xacf0d431, 0xba4f2845, 0x79631b83, 0x3dc38533, 0x086f4d11,
            0xfd793caf, 0xb9d9a21f, 0x499b9b4a, 0x74f463dd, 0xb11a92aa, 0x37736bb7, 0x5803f1e4, 0xee928830,
            0x8391cc52, 0xa5d6b0ef, 0xe0937a34, 0x181273d4, 0x12a29d50, 0x71a02b36, 0x5125953a, 0x3ae413e9,
            0x098a197a, 0x9b2fc222, 0xe2e0a405, 0x5cb2ed64, 0xc8d5f48d, 0xbf1b60ae, 0xdf8f5c92, 0xf0ee44f1,
            0x5f24673e, 0x4be8457b, 0x9f9edea2, 0xcff26257, 0x73d3f507, 0x2a992d2c, 0x68fb712d, 0xfbbbfe1e,
            0x31b1a906, 0xdc19d6c8, 0x1134170a, 0xef77dc5b, 0x1ca36f54, 0x8b52fce7, 0x42ce21a5, 0xece15601,
            0x975dee17, 0x6a88af1c, 0x440ce314, 0x26eb0119, 0x7e448d59, 0x907a78cd, 0xa314725e, 0x7762e987,
            0x3b014782, 0x1a61ade5, 0x02dfa395, 0xb5ab8e2a, 0xbbaa7c2e, 0xd53fb216, 0x70457f5d, 0xd74c6c27,
            0x6b6dfb77, 0x7dd20703, 0x487ecf21, 0xcaa62abc, 0xddfc82a3, 0x7236a16c, 0x93ecf297, 0x63aecbc2,
            0x560203e0, 0xb44eda41, 0x3e550f69, 0x751137b6, 0x10d14361, 0x7fa1d932, 0x14605fe1, 0xa433e484,
            0x041d6124, 0x8e06b40c, 0x014929cf, 0xf378ceab, 0x4d2a87ca, 0x94cb644d, 0xe9b51eea, 0x8d903e56,
            0xc930a0e6, 0x64895d18, 0x17f6d5bb, 0xed04026a, 0x671fd742, 0xc6d40689, 0xcd81bc66, 0x61dd15f3,
            0x9ded0093, 0x28eaf31d, 0x033af7fe, 0xf7c9d22b, 0x45e9b77f, 0x19f727bf, 0xe7b4ecee, 0x0f48dbcb,
            0x3fb05b02, 0x3897cdd8, 0x05f8354f, 0x88c476bd, 0x78864fe8, 0x53564b0b, 0x5ec13355, 0xaf665e6b,
            0x7b10c5b2, 0x397299b3, 0x467f3d25, 0xb3694c9b, 0x0ead8fa0, 0xbd68be9f, 0xb83cf674, 0x8ab7a88c,
            0xe1762e5f, 0x0bf9c74b, 0xe8504a81, 0x23bf49f2, 0x15850b8a, 0xc2651a09, 0xd06bfafd, 0x4ebc0d90,
            0x8c756a3d, 0x52b31f60, 0x33c27737, 0x1f35e50e, 0x34e5e1ed, 0x7af591d9, 0xd21824cc, 0x81e21263
        },
        {
            0x5ce97595, 0x873b5a2a, 0x0b655f32, 0x8d381b7d, 0xa255d542, 0xd7942e69, 0xc54765e6, 0xa97033c3,
            0xe87bf451, 0xd191d75b, 0x91bcb71f, 0x19b614bd, 0x5eb82a1d, 0x5bca2b71, 0x3bfbc531, 0xc035648a,
            0xaa07cb9d, 0x559dcc9c, 0x6503569f, 0x98c80e16, 0x539835ae, 0x2408910d, 0xcc33dcef, 0xcf4424b1,
            0x9dba0f7a, 0x71d5e422, 0x0f31f988, 0xa4502c70, 0x093400ba, 0x29288ebe, 0xae536d27, 0xfefc1964,
            0x6c77ef96, 0xd9c3c984, 0xd8e56e52, 0x1cc415d1, 0x6306afad, 0xc113c35c, 0x836ffc90, 0x82495b46,
            0x57cc9314, 0xe62c13bc, 0x909a10c9, 0x6157f025, 0xf4ff5833, 0x0e175e5e, 0x9a99519e, 0x8e4fe323,
            0x6674aec1, 0xf18d595f, 0x844ca274, 0xf9df4780, 0x2f2d778c, 0x2b79d136, 0x220d683f, 0x861dfdfc,
            0x01661e65, 0x252e36db, 0xa8569415, 0xca3625dd, 0x1de2b207, 0x94ceb673, 0x1ac1ece3, 0x31f88466,
            0x2a5f76e0, 0xdee09760, 0x04141f09, 0x033741ed, 0x99eea9c0, 0xc7163a6e, 0xd0b7708d, 0x4d4dc644,
            0xa0048aca, 0x33a9dbee, 0x414b7e21, 0x5aec8ca7, 0xffdabeb2, 0xb68367ff, 0xa3737294, 0x232bcfe9,
            0x0532b8df, 0x77d01d10, 0x1293f23c, 0x431a21a9, 0x451fd89b, 0xe278b506, 0x56ea34c2, 0x16c75486,
            0x30de23b0, 0xab216c4b, 0xbba3784c, 0xcb10820b, 0x7cf5fb91, 0xd6b289bf, 0x896cbdc7, 0xbc8026a8,
            0x6905eefa, 0x35ac22dc, 0x801804ce, 0xc3429cd4, 0x4c6b6192, 0x406dd9f7, 0x3cd89bd5, 0x0763e757,
            0x36dbda82, 0xee7e0d63, 0x277f6953, 0x813ea318, 0x6a7216a4, 0x0040b9b3, 0xba85df9a, 0xb7a5c029,
            0xfaa8bfde, 0xbed17920, 0x388c3d6f, 0x280e2968, 0x1e954a59, 0x607157f3, 0xf0abfe89, 0x205c37b7,
            0x0c4601d6, 0x93ede897, 0x6d514840, 0xdb92960c, 0x51c96a26, 0xef58aab5, 0x8b3de24f, 0x599b74f9,
            0xe47d4c34, 0x92cb4f41, 0xc461c230, 0x0a43f8e4, 0x39aa9ab9, 0xdab431da, 0x7bd6a575, 0xb2d7c145,
            0xf5d9ffe5, 0xb9f227c4, 0x6220087b, 0x4b483f76, 0xd3c088d3, 0x0211e63b, 0xf2faa101, 0xb8d48012,
            0xaf75caf1, 0x37fd7d54, 0xd4e3d637, 0xc8677a55, 0x74a7e54e, 0x2d7c2804, 0xd5c571e1, 0xb3f16693,
            0x474e8713, 0xfb8e1808, 0x3faf638b, 0x72a21c7c, 0x8c1ebcab, 0xf788a06d, 0x58bdd32f, 0x75814298,
            0x6b54b172, 0xa727d42e, 0xe35e12d0, 0x6e26b01e, 0x0812a76c, 0xf6ae07bb, 0x466820c5, 0x10c2adb4,
            0xea2aabd9, 0xac0232af, 0xeb0c0c0f, 0x5dcfd243, 0x4e3a3e1a, 0x7dd35c47, 0x14960b0e, 0x2659ce85,
            0xb5f49fa1, 0xcd157b39, 0x9c9ca8ac, 0xa1222d1c, 0x2c5a8fd2, 0x9ecdf724, 0x5f9e8dcb, 0xf3dc06d7,
            0xe95d5387, 0x54bb6b4a, 0xbff7def6, 0xa5768ba6, 0x884a1a11, 0x7af002a3, 0x95e811a5, 0xb0869ecd,
            0x67520917, 0xed09f53d, 0x217a9061, 0x4f1c99cc, 0xfd8be13a, 0x7ea4a419, 0x44397f4d, 0x423c867f,
            0xfcad46ec, 0x7384bbaa, 0x1fb3ed8f, 0x4a6e98a0, 0x06454081, 0x15b0acd8, 0x97b94e2d, 0x328f7c38,
            0x17e1f350, 0x6823492c, 0xa60173f8, 0x969fe9fb, 0xe029ea8e, 0x856a05a2, 0x7987fafd, 0x3e89c45d,
            0x11e40a62, 0xc6309db8, 0x6425f149, 0x8a1b4599, 0x78a15d2b, 0x50efcdf0, 0x76f6bac6, 0xbda6817e,
            0xf8f9e056, 0x0d60a600, 0xdd976f3e, 0x70f343f4, 0x3add62e7, 0xec2f52eb, 0xc2643b02, 0x1be74b35,
            0xd2e62f05, 0xb1a0391b, 0xce628367, 0xe10f4d58, 0xdcb1c8e8, 0x491960fe, 0x8f6944f5, 0x6f0017c8,
            0x9feb50f2, 0x13b555ea, 0xb4d23877, 0x2e0bd05a, 0x348a850a, 0xdfc630b6, 0x3dfe3c03, 0xe70ab46a,
            0x1890b36b, 0x7f8203cf, 0xe55bebe2, 0x52be9278, 0x9bbff648, 0xad249579, 0x483fc728, 0xc941dd83
        },
        {
            0xeb67b05d, 0x196f1335, 0x6213eeeb, 0x9fd35e3a, 0x6ddbfd52, 0x3cc991b8, 0x23588a5a, 0xf2dc3c1d,
            0x427bfac9, 0x59358739, 0x1e54742a, 0xb162a91c, 0xda475c99, 0xc4c7b7c6, 0x295e0f4c, 0x60e61f5b,
            0xfef02ea9, 0xc018d1d4, 0x70bf1700, 0x95d5db2c, 0xf9cb49b6, 0x8668d27a, 0xbb642c0a, 0x108d972e,
            0x5deae12b, 0x5519958d, 0x16a7008c, 0x7784701f, 0xbfbb4a18, 0x36cf14ae, 0xe99241ed, 0x4b997ed2,
            0x901b4d83, 0x6e3ffc5f, 0xe65a5254, 0x5e0ee026, 0x46a49cdb, 0xad17b3f3, 0xfd142fa4, 0x67dd7844,
            0x2e656853, 0x1f458497, 0x9b0c3828, 0xf4f6abbf, 0x652889f4, 0x1452f13c, 0xcfd0c26d, 0x94c42b91,
            0xe5be5359, 0xec5cd742, 0x0827ebd3, 0x436a0a74, 0x13699623, 0xd77abe90, 0x2f7498ee, 0xc3fcd0d9,
            0x68156bfd, 0x3ae3061a, 0xd49ebf9d, 0x6ae09a4d, 0x25721df8, 0x00d49f75, 0x2463ed45, 0x321072bc,
            0x284ffff1, 0xe883b150, 0x17b6f031, 0xe070c5f6, 0x877922c7, 0x784c63a6, 0x858cd377, 0x040bf967,
            0x30e5830c, 0x3dd86105, 0x0bc3eade, 0x8b553073, 0x910abd3e, 0x496c8f62, 0x02216ec5, 0x22497ae7,
            0x1b9ae285, 0x724ae6b0, 0x487d7fdf, 0x119c6793, 0x01c56fc8, 0x7f7704b9, 0x93ff4c8e, 0x795d931b,
            0x21ad7bea, 0x2d81695e, 0xed4d27ff, 0xc1092169, 0xd58f4f20, 0x83a644d5, 0x5222f292, 0x8f8a5661,
            0x45409dd6, 0x6bf16af0, 0x1278669e, 0xc5d6477b, 0xcd2533dd, 0xd9a35d94, 0x8c6e576c, 0xd3a5d882,
            0x57ec643d, 0xb07359a1, 0xa9c8d5e1, 0x5333022f, 0xe2853446, 0xe161354b, 0xc2ed2064, 0xc723b6cb,
            0xa600c658, 0x9c375f37, 0xefb8d64f, 0xa13ba147, 0x8e9ba6dc, 0xb8802d07, 0xa02a51fa, 0xdc6dcb3b,
            0xeea926f2, 0xdb56ac24, 0xca1e54c2, 0xcec132d0, 0x6f2e0ce2, 0x20bc8b57, 0x735b160d, 0x74607112,
            0xea7640e0, 0x343ae51e, 0x47b56c66, 0x88b1317e, 0x3e3c6008, 0xe74ba2e9, 0x26961cf5, 0x97202a9c,
            0x66cc88f9, 0x7ab99216, 0x7c9305b4, 0x9d26af8a, 0x98e83925, 0xaa2cd4ec, 0xd8b2ad29, 0x7ba862ab,
            0x56fd9480, 0xb286a811, 0xf029cdad, 0x33018201, 0x8a44c0ce, 0x0e0d7c71, 0xb39758ac, 0x3f2d90b5,
            0xb991ddba, 0x2c9099e3, 0xf5e75b02, 0x06fe08d7, 0x63021e56, 0xfb3eb806, 0x2787ec48, 0x4ca219cd,
            0x31f473b1, 0xdf89ca36, 0x58247784, 0x92eebc33, 0x0cf88dc1, 0x849d23ca, 0x1a8b1238, 0x5bc07689,
            0xac06434e, 0xcc34c360, 0xd66b4e2d, 0xa2dfa04a, 0x0f1c8ccc, 0x804245d8, 0xf712aab2, 0xdd7c3b86,
            0x5cfb1196, 0x5ad18634, 0xd041d98f, 0xba75dcb7, 0x5f1f109b, 0x1db07527, 0x8d7fa7d1, 0xc8eba572,
            0xe4afa3e4, 0x9ec2ae87, 0xe394c4fb, 0x051a09da, 0x37dee413, 0xaef3b2fe, 0x09361b6e, 0x07eff86a,
            0x4f4618c0, 0xf8dab90b, 0x9631da21, 0x4a888e6f, 0x0ad21a63, 0x187ee388, 0xfa2f48bb, 0x3bf2f6a7,
            0xa8d9255c, 0xffe1de14, 0xab3d2451, 0x757181af, 0x64397949, 0x54086530, 0x99f9c998, 0x6cca0def,
            0xb659ce03, 0x408e0b79, 0x419ffbc4, 0x9a1dc895, 0x352b15a3, 0x1ca1859a, 0x44516d6b, 0xbc5f4b15,
            0xd1502932, 0x3816f7aa, 0xa5e4c755, 0x2babfefc, 0xafe24243, 0x15430181, 0xbd4ebba8, 0xde983a8b,
            0x7e66f404, 0xfc05df19, 0xd2b4283f, 0x82b7b468, 0x769580a2, 0xf3cdcca0, 0x69049b40, 0x4db3e970,
            0xa4f537e8, 0x50d70322, 0x39070717, 0xc9fa55cf, 0xb5bdcf0e, 0x2aba0e41, 0x8153b565, 0xf1383d10,
            0xcb0fa47f, 0x7d82f509, 0x03309e78, 0xbeaabaa5, 0x0de97d7c, 0x51c6f39f, 0xb4ac3fb3, 0xc6324676,
            0x71aee7bd, 0xa3ce50f7, 0xb7483ebe, 0xa71136e5, 0x61f7efe6, 0xf6035a0f, 0x4e57e87d, 0x89a0c1c3
        }
    }
};

const unsigned char aes_out_table[16][256] = {
    {
        0xc7, 0x30, 0xef, 0x18, 0xf3, 0x04, 0xdb, 0x2c, 0xaf, 0x58, 0x87, 0x70, 0x9b, 0x6c, 0xb3, 0x44,
        0xab, 0x5c, 0x83, 0x74, 0x9f, 0x68, 0xb7, 0x40, 0xc3, 0x34, 0xeb, 0x1c, 0xf7, 0x00, 0xdf, 0x28,
        0x73, 0x84, 0x5b, 0xac, 0x47, 0xb0, 0x6f, 0x98, 0x1b, 0xec, 0x33, 0xc4, 0x2f, 0xd8, 0x07, 0xf0,
        0x1f, 0xe8, 0x37, 0xc0, 0x2b, 0xdc, 0x03, 0xf4, 0x77, 0x80, 0x5f, 0xa8, 0x43, 0xb4, 0x6b, 0x9c,
        0x4c, 0xbb, 0x64, 0x93, 0x78, 0x8f, 0x50, 0xa7, 0x24, 0xd3, 0x0c, 0xfb, 0x10, 0xe7, 0x38, 0xcf,
        0x20, 0xd7, 0x08, 0xff, 0x14, 0xe3, 0x3c, 0xcb, 0x48, 0xbf, 0x60, 0x97, 0x7c, 0x8b, 0x54, 0xa3,
        0xf8, 0x0f, 0xd0, 0x27, 0xcc, 0x3b, 0xe4, 0x13, 0x90, 0x67, 0xb8, 0x4f, 0xa4, 0x53, 0x8c, 0x7b,
        0x94, 0x63, 0xbc, 0x4b, 0xa0, 0x57, 0x88, 0x7f, 0xfc, 0x0b, 0xd4, 0x23, 0xc8, 0x3f, 0xe0, 0x17,
        0x22, 0xd5, 0x0a, 0xfd, 0x16, 0xe1, 0x3e, 0xc9, 0x4a, 0xbd, 0x62, 0x95, 0x7e, 0x89, 0x56, 0xa1,
        0x4e, 0xb9, 0x66, 0x91, 0x7a, 0x8d, 0x52, 0xa5, 0x26, 0xd1, 0x0e, 0xf9, 0x12, 0xe5, 0x3a, 0xcd,
        0x96, 0x61, 0xbe, 0x49, 0xa2, 0x55, 0x8a, 0x7d, 0xfe, 0x09, 0xd6, 0x21, 0xca, 0x3d, 0xe2, 0x15,
        0xfa, 0x0d, 0xd2, 0x25, 0xce, 0x39, 0xe6, 0x11, 0x92, 0x65, 0xba, 0x4d, 0xa6, 0x51, 0x8e, 0x79,
        0xa9, 0x5e, 0x81, 0x76, 0x9d, 0x6a, 0xb5, 0x42, 0xc1, 0x36, 0xe9, 0x1e, 0xf5, 0x02, 0xdd, 0x2a,
        0xc5, 0x32, 0xed, 0x1a, 0xf1, 0x06, 0xd9, 0x2e, 0xad, 0x5a, 0x85, 0x72, 0x99, 0x6e, 0xb1, 0x46,
        0x1d, 0xea, 0x35, 0xc2, 0x29, 0xde, 0x01, 0xf6, 0x75, 0x82, 0x5d, 0xaa, 0x41, 0xb6, 0x69, 0x9e,
        0x71, 0x86, 0x59, 0xae, 0x45, 0xb2, 0x6d, 0x9a, 0x19, 0xee, 0x31, 0xc6, 0x2d, 0xda, 0x05, 0xf2
    },
    {
        0xa2, 0x87, 0x79, 0x5c, 0x59, 0x7c, 0x82, 0xa7, 0xed, 0xc8, 0x36, 0x13, 0x16, 0x33, 0xcd, 0xe8,
        0x71, 0x54, 0xaa, 0x8f, 0x8a, 0xaf, 0x51, 0x74, 0x3e, 0x1b, 0xe5, 0xc0, 0xc5, 0xe0, 0x1e, 0x3b,
        0x38, 0x1d, 0xe3, 0xc6, 0xc3, 0xe6, 0x18, 0x3d, 0x77, 0x52, 0xac, 0x89, 0x8c, 0xa9, 0x57, 0x72,
        0xeb, 0xce, 0x30, 0x15, 0x10, 0x35, 0xcb, 0xee, 0xa4, 0x81, 0x7f, 0x5a, 0x5f, 0x7a, 0x84, 0xa1,
        0x2d, 0x08, 0xf6, 0xd3, 0xd6, 0xf3, 0x0d, 0x28, 0x62, 0x47, 0xb9, 0x9c, 0x99, 0xbc, 0x42, 0x67,
        0xfe, 0xdb, 0x25, 0x00, 0x05, 0x20, 0xde, 0xfb, 0xb1, 0x94, 0x6a, 0x4f, 0x4a, 0x6f, 0x91, 0xb4,
        0xb7, 0x92, 0x6c, 0x49, 0x4c, 0x69, 0x97, 0xb2, 0xf8, 0xdd, 0x23, 0x06, 0x03, 0x26, 0xd8, 0xfd,
        0x64, 0x41, 0xbf, 0x9a, 0x9f, 0xba, 0x44, 0x61, 0x2b, 0x0e, 0xf0, 0xd5, 0xd0, 0xf5, 0x0b, 0x2e,
        0xae, 0x8b, 0x75, 0x50, 0x55, 0x70, 0x8e, 0xab, 0xe1, 0xc4, 0x3a, 0x1f, 0x1a, 0x3f, 0xc1, 0xe4,
        0x7d, 0x58, 0xa6, 0x83, 0x86, 0xa3, 0x5d, 0x78, 0x32, 0x17, 0xe9, 0xcc, 0xc9, 0xec, 0x12, 0x37,
        0x34, 0x11, 0xef, 0xca, 0xcf, 0xea, 0x14, 0x31, 0x7b, 0x5e, 0xa0, 0x85, 0x80, 0xa5, 0x5b, 0x7e,
        0xe7, 0xc2, 0x3c, 0x19, 0x1c, 0x39, 0xc7, 0xe2, 0xa8, 0x8d, 0x73, 0x56, 0x53, 0x76, 0x88, 0xad,
        0x21, 0x04, 0xfa, 0xdf, 0xda, 0xff, 0x01, 0x24, 0x6e, 0x4b, 0xb5, 0x90, 0x95, 0xb0, 0x4e, 0x6b,
        0xf2, 0xd7, 0x29, 0x0c, 0x09, 0x2c, 0xd2, 0xf7, 0xbd, 0x98, 0x66, 0x43, 0x46, 0x63, 0x9d, 0xb8,
        0xbb, 0x9e, 0x60, 0x45, 0x40, 0x65, 0x9b, 0xbe, 0xf4, 0xd1, 0x2f, 0x0a, 0x0f, 0x2a, 0xd4, 0xf1,
        0x68, 0x4d, 0xb3, 0x96, 0x93, 0xb6, 0x48, 0x6d, 0x27, 0x02, 0xfc, 0xd9, 0xdc, 0xf9, 0x07, 0x22
    },
    {
        0xed, 0x0f, 0xc9, 0x2b, 0xbd, 0x5f, 0x99, 0x7b, 0xdb, 0x39, 0xff, 0x1d, 0x8b, 0x69, 0xaf, 0x4d,
        0xe7, 0x05, 0xc3, 0x21, 0xb7, 0x55, 0x93, 0x71, 0xd1, 0x33, 0xf5, 0x17, 0x81, 0x63, 0xa5, 0x47,
        0xf6, 0x14, 0xd2, 0x30, 0xa6, 0x44, 0x82, 0x60, 0xc0, 0x22, 0xe4, 0x06, 0x90, 0x72, 0xb4, 0x56,
        0xfc, 0x1e, 0xd8, 0x3a, 0xac, 0x4e, 0x88, 0x6a, 0xca, 0x28, 0xee, 0x0c, 0x9a, 0x78, 0xbe, 0x5c,
        0x98, 0x7a, 0xbc, 0x5e, 0xc8, 0x2a, 0xec, 0x0e, 0xae, 0x4c, 0x8a, 0x68, 0xfe, 0x1c, 0xda, 0x38,
        0x92, 0x70, 0xb6, 0x54, 0xc2, 0x20, 0xe6, 0x04, 0xa4, 0x46, 0x80, 0x62, 0xf4, 0x16, 0xd0, 0x32,
        0x83, 0x61, 0xa7, 0x45, 0xd3, 0x31, 0xf7, 0x15, 0xb5, 0x57, 0x91, 0x73, 0xe5, 0x07, 0xc1, 0x23,
        0x89, 0x6b, 0xad, 0x4f, 0xd9, 0x3b, 0xfd, 0x1f, 0xbf, 0x5d, 0x9b, 0x79, 0xef, 0x0d, 0xcb, 0x29,
        0x7f, 0x9d, 0x5b, 0xb9, 0x2f, 0xcd, 0x0b, 0xe9, 0x49, 0xab, 0x6d, 0x8f, 0x19, 0xfb, 0x3d, 0xdf,
        0x75, 0x97, 0x51, 0xb3, 0x25, 0xc7, 0x01, 0xe3, 0x43, 0xa1, 0x67, 0x85, 0x13, 0xf1, 0x37, 0xd5,
        0x64, 0x86, 0x40, 0xa2, 0x34, 0xd6, 0x10, 0xf2, 0x52, 0xb0, 0x76, 0x94, 0x02, 0xe0, 0x26, 0xc4,
        0x6e, 0x8c, 0x4a, 0xa8, 0x3e, 0xdc, 0x1a, 0xf8, 0x58, 0xba, 0x7c, 0x9e, 0x08, 0xea, 0x2c, 0xce,
        0x0a, 0xe8, 0x2e, 0xcc, 0x5a, 0xb8, 0x7e, 0x9c, 0x3c, 0xde, 0x18, 0xfa, 0x6c, 0x8e, 0x48, 0xaa,
        0x00, 0xe2, 0x24, 0xc6, 0x50, 0xb2, 0x74, 0x96, 0x36, 0xd4, 0x12, 0xf0, 0x66, 0x84, 0x42, 0xa0,
        0x11, 0xf3, 0x35, 0xd7, 0x41, 0xa3, 0x65, 0x87, 0x27, 0xc5, 0x03, 0xe1, 0x77, 0x95, 0x53, 0xb1,
        0x1b, 0xf9, 0x3f, 0xdd, 0x4b, 0xa9, 0x6f, 0x8d, 0x2d, 0xcf, 0x09, 0xeb, 0x7d, 0x9f, 0x59, 0xbb
    },
    {
        0xda, 0xa4, 0xef, 0x91, 0x94, 0xea, 0xa1, 0xdf, 0xd7, 0xa9, 0xe2, 0x9c, 0x99, 0xe7, 0xac, 0xd2,
        0xc1, 0xbf, 0xf4, 0x8a, 0x8f, 0xf1, 0xba, 0xc4, 0xcc, 0xb2, 0xf9, 0x87, 0x82, 0xfc, 0xb7, 0xc9,
        0x01, 0x7f, 0x34, 0x4a, 0x4f, 0x31, 0x7a, 0x04, 0x0c, 0x72, 0x39, 0x47, 0x42, 0x3c, 0x77, 0x09,
        0x1a, 0x64, 0x2f, 0x51, 0x54, 0x2a, 0x61, 0x1f, 0x17, 0x69, 0x22, 0x5c, 0x59, 0x27, 0x6c, 0x12,
        0xdd, 0xa3, 0xe8, 0x96, 0x93, 0xed, 0xa6, 0xd8, 0xd0, 0xae, 0xe5, 0x9b, 0x9e, 0xe0, 0xab, 0xd5,
        0xc6, 0xb8, 0xf3, 0x8d, 0x88, 0xf6, 0xbd, 0xc3, 0xcb, 0xb5, 0xfe, 0x80, 0x85, 0xfb, 0xb0, 0xce,
        0x06, 0x78, 0x33, 0x4d, 0x48, 0x36, 0x7d, 0x03, 0x0b, 0x75, 0x3e, 0x40, 0x45, 0x3b, 0x70, 0x0e,
        0x1d, 0x63, 0x28, 0x56, 0x53, 0x2d, 0x66, 0x18, 0x10, 0x6e, 0x25, 0x5b, 0x5e, 0x20, 0x6b, 0x15,
        0x26, 0x58, 0x13, 0x6d, 0x68, 0x16, 0x5d, 0x23, 0x2b, 0x55, 0x1e, 0x60, 0x65, 0x1b, 0x50, 0x2e,
        0x3d, 0x43, 0x08, 0x76, 0x73, 0x0d, 0x46, 0x38, 0x30, 0x4e, 0x05, 0x7b, 0x7e, 0x00, 0x4b, 0x35,
        0xfd, 0x83, 0xc8, 0xb6, 0xb3, 0xcd, 0x86, 0xf8, 0xf0, 0x8e, 0xc5, 0xbb, 0xbe, 0xc0, 0x8b, 0xf5,
        0xe6, 0x98, 0xd3, 0xad, 0xa8, 0xd6, 0x9d, 0xe3, 0xeb, 0x95, 0xde, 0xa0, 0xa5, 0xdb, 0x90, 0xee,
        0x21, 0x5f, 0x14, 0x6a, 0x6f, 0x11, 0x5a, 0x24, 0x2c, 0x52, 0x19, 0x67, 0x62, 0x1c, 0x57, 0x29,
        0x3a, 0x44, 0x0f, 0x71, 0x74, 0x0a, 0x41, 0x3f, 0x37, 0x49, 0x02, 0x7c, 0x79, 0x07, 0x4c, 0x32,
        0xfa, 0x84, 0xcf, 0xb1, 0xb4, 0xca, 0x81, 0xff, 0xf7, 0x89, 0xc2, 0xbc, 0xb9, 0xc7, 0x8c, 0xf2,
        0xe1, 0x9f, 0xd4, 0xaa, 0xaf, 0xd1, 0x9a, 0xe4, 0xec, 0x92, 0xd9, 0xa7, 0xa2, 0xdc, 0x97, 0xe9
    },
    {
        0xb6, 0x6b, 0x12, 0xcf, 0xae, 0x73, 0x0a, 0xd7, 0x95, 0x48, 0x31, 0xec, 0x8d, 0x50, 0x29, 0xf4,
        0x5a, 0x87, 0xfe, 0x23, 0x42, 0x9f, 0xe6, 0x3b, 0x79, 0xa4, 0xdd, 0x00, 0x61, 0xbc, 0xc5, 0x18,
        0x0f, 0xd2, 0xab, 0x76, 0x17, 0xca, 0xb3, 0x6e, 0x2c, 0xf1, 0x88, 0x55, 0x34, 0xe9, 0x90, 0x4d,
        0xe3, 0x3e, 0x47, 0x9a, 0xfb, 0x26, 0x5f, 0x82, 0xc0, 0x1d, 0x64, 0xb9, 0xd8, 0x05, 0x7c, 0xa1,
        0xe7, 0x3a, 0x43, 0x9e, 0xff, 0x22, 0x5b, 0x86, 0xc4, 0x19, 0x60, 0xbd, 0xdc, 0x01, 0x78, 0xa5,
        0x0b, 0xd6, 0xaf, 0x72, 0x13, 0xce, 0xb7, 0x6a, 0x28, 0xf5, 0x8c, 0x51, 0x30, 0xed, 0x94, 0x49,
        0x5e, 0x83, 0xfa, 0x27, 0x46, 0x9b, 0xe2, 0x3f, 0x7d, 0xa0, 0xd9, 0x04, 0x65, 0xb8, 0xc1, 0x1c,
        0xb2, 0x6f, 0x16, 0xcb, 0xaa, 0x77, 0x0e, 0xd3, 0x91, 0x4c, 0x35, 0xe8, 0x89, 0x54, 0x2d, 0xf0,
        0xad, 0x70, 0x09, 0xd4, 0xb5, 0x68, 0x11, 0xcc, 0x8e, 0x53, 0x2a, 0xf7, 0x96, 0x4b, 0x32, 0xef,
        0x41, 0x9c, 0xe5, 0x38, 0x59, 0x84, 0xfd, 0x20, 0x62, 0xbf, 0xc6, 0x1b, 0x7a, 0xa7, 0xde, 0x03,
        0x14, 0xc9, 0xb0, 0x6d, 0x0c, 0xd1, 0xa8, 0x75, 0x37, 0xea, 0x93, 0x4e, 0x2f, 0xf2, 0x8b, 0x56,
        0xf8, 0x25, 0x5c, 0x81, 0xe0, 0x3d, 0x44, 0x99, 0xdb, 0x06, 0x7f, 0xa2, 0xc3, 0x1e, 0x67, 0xba,
        0xfc, 0x21, 0x58, 0x85, 0xe4, 0x39, 0x40, 0x9d, 0xdf, 0x02, 0x7b, 0xa6, 0xc7, 0x1a, 0x63, 0xbe,
        0x10, 0xcd, 0xb4, 0x69, 0x08, 0xd5, 0xac, 0x71, 0x33, 0xee, 0x97, 0x4a, 0x2b, 0xf6, 0x8f, 0x52,
        0x45, 0x98, 0xe1, 0x3c, 0x5d, 0x80, 0xf9, 0x24, 0x66, 0xbb, 0xc2, 0x1f, 0x7e, 0xa3, 0xda, 0x07,
        0xa9, 0x74, 0x0d, 0xd0, 0xb1, 0x6c, 0x15, 0xc8, 0x8a, 0x57, 0x2e, 0xf3, 0x92, 0x4f, 0x36, 0xeb
    },
    {
        0xc6, 0x72, 0xf5, 0x41, 0xce, 0x7a, 0xfd, 0x49, 0xcd, 0x79, 0xfe, 0x4a, 0xc5, 0x71, 0xf6, 0x42,
        0x7c, 0xc8, 0x4f, 0xfb, 0x74, 0xc0, 0x47, 0xf3, 0x77, 0xc3, 0x44, 0xf0, 0x7f, 0xcb, 0x4c, 0xf8,
        0x20, 0x94, 0x13, 0xa7, 0x28, 0x9c, 0x1b, 0xaf, 0x2b, 0x9f, 0x18, 0xac, 0x23, 0x97, 0x10, 0xa4,
        0x9a, 0x2e, 0xa9, 0x1d, 0x92, 0x26, 0xa1, 0x15, 0x91, 0x25, 0xa2, 0x16, 0x99, 0x2d, 0xaa, 0x1e,
        0x6c, 0xd8, 0x5f, 0xeb, 0x64, 0xd0, 0x57, 0xe3, 0x67, 0xd3, 0x54, 0xe0, 0x6f, 0xdb, 0x5c, 0xe8,
        0xd6, 0x62, 0xe5, 0x51, 0xde, 0x6a, 0xed, 0x59, 0xdd, 0x69, 0xee, 0x5a, 0xd5, 0x61, 0xe6, 0x52,
        0x8a, 0x3e, 0xb9, 0x0d, 0x82, 0x36, 0xb1, 0x05, 0x81, 0x35, 0xb2, 0x06, 0x89, 0x3d, 0xba, 0x0e,
        0x30, 0x84, 0x03, 0xb7, 0x38, 0x8c, 0x0b, 0xbf, 0x3b, 0x8f, 0x08, 0xbc, 0x33, 0x87, 0x00, 0xb4,
        0x19, 0xad, 0x2a, 0x9e, 0x11, 0xa5, 0x22, 0x96, 0x12, 0xa6, 0x21, 0x95, 0x1a, 0xae, 0x29, 0x9d,
        0xa3, 0x17, 0x90, 0x24, 0xab, 0x1f, 0x98, 0x2c, 0xa8, 0x1c, 0x9b, 0x2f, 0xa0, 0x14, 0x93, 0x27,
        0xff, 0x4b, 0xcc, 0x78, 0xf7, 0x43, 0xc4, 0x70, 0xf4, 0x40, 0xc7, 0x73, 0xfc, 0x48, 0xcf, 0x7b,
        0x45, 0xf1, 0x76, 0xc2, 0x4d, 0xf9, 0x7e, 0xca, 0x4e, 0xfa, 0x7d, 0xc9, 0x46, 0xf2, 0x75, 0xc1,
        0xb3, 0x07, 0x80, 0x34, 0xbb, 0x0f, 0x88, 0x3c, 0xb8, 0x0c, 0x8b, 0x3f, 0xb0, 0x04, 0x83, 0x37,
        0x09, 0xbd, 0x3a, 0x8e, 0x01, 0xb5, 0x32, 0x86, 0x02, 0xb6, 0x31, 0x85, 0x0a, 0xbe, 0x39, 0x8d,
        0x55, 0xe1, 0x66, 0xd2, 0x5d, 0xe9, 0x6e, 0xda, 0x5e, 0xea, 0x6d, 0xd9, 0x56, 0xe2, 0x65, 0xd1,
        0xef, 0x5b, 0xdc, 0x68, 0xe7, 0x53, 0xd4, 0x60, 0xe4, 0x50, 0xd7, 0x63, 0xec, 0x58, 0xdf, 0x6b
    },
    {
        0x13, 0x47, 0x94, 0xc0, 0x27, 0x73, 0xa0, 0xf4, 0xde, 0x8a, 0x59, 0x0d, 0xea, 0xbe, 0x6d, 0x39,
        0x08, 0x5c, 0x8f, 0xdb, 0x3c, 0x68, 0xbb, 0xef, 0xc5, 0x91, 0x42, 0x16, 0xf1, 0xa5, 0x76, 0x22,
        0x26, 0x72, 0xa1, 0xf5, 0x12, 0x46, 0x95, 0xc1, 0xeb, 0xbf, 0x6c, 0x38, 0xdf, 0x8b, 0x58, 0x0c,
        0x3d, 0x69, 0xba, 0xee, 0x09, 0x5d, 0x8e, 0xda, 0xf0, 0xa4, 0x77, 0x23, 0xc4, 0x90, 0x43, 0x17,
        0xd5, 0x81, 0x52, 0x06, 0xe1, 0xb5, 0x66, 0x32, 0x18, 0x4c, 0x9f, 0xcb, 0x2c, 0x78, 0xab, 0xff,
        0xce, 0x9a, 0x49, 0x1d, 0xfa, 0xae, 0x7d, 0x29, 0x03, 0x57, 0x84, 0xd0, 0x37, 0x63, 0xb0, 0xe4,
        0xe0, 0xb4, 0x67, 0x33, 0xd4, 0x80, 0x53, 0x07, 0x2d, 0x79, 0xaa, 0xfe, 0x19, 0x4d, 0x9e, 0xca,
        0xfb, 0xaf, 0x7c, 0x28, 0xcf, 0x9b, 0x48, 0x1c, 0x36, 0x62, 0xb1, 0xe5, 0x02, 0x56, 0x85, 0xd1,
        0xbd, 0xe9, 0x3a, 0x6e, 0x89, 0xdd, 0x0e, 0x5a, 0x70, 0x24, 0xf7, 0xa3, 0x44, 0x10, 0xc3, 0x97,
        0xa6, 0xf2, 0x21, 0x75, 0x92, 0xc6, 0x15, 0x41, 0x6b, 0x3f, 0xec, 0xb8, 0x5f, 0x0b, 0xd8, 0x8c,
        0x88, 0xdc, 0x0f, 0x5b, 0xbc, 0xe8, 0x3b, 0x6f, 0x45, 0x11, 0xc2, 0x96, 0x71, 0x25, 0xf6, 0xa2,
        0x93, 0xc7, 0x14, 0x40, 0xa7, 0xf3, 0x20, 0x74, 0x5e, 0x0a, 0xd9, 0x8d, 0x6a, 0x3e, 0xed, 0xb9,
        0x7b, 0x2f, 0xfc, 0xa8, 0x4f, 0x1b, 0xc8, 0x9c, 0xb6, 0xe2, 0x31, 0x65, 0x82, 0xd6, 0x05, 0x51,
        0x60, 0x34, 0xe7, 0xb3, 0x54, 0x00, 0xd3, 0x87, 0xad, 0xf9, 0x2a, 0x7e, 0x99, 0xcd, 0x1e, 0x4a,
        0x4e, 0x1a, 0xc9, 0x9d, 0x7a, 0x2e, 0xfd, 0xa9, 0x83, 0xd7, 0x04, 0x50, 0xb7, 0xe3, 0x30, 0x64,
        0x55, 0x01, 0xd2, 0x86, 0x61, 0x35, 0xe6, 0xb2, 0x98, 0xcc, 0x1f, 0x4b, 0xac, 0xf8, 0x2b, 0x7f
    },
    {
        0x29, 0x93, 0x39, 0x83, 0x40, 0xfa, 0x50, 0xea, 0x74, 0xce, 0x64, 0xde, 0x1d, 0xa7, 0x0d, 0xb7,
        0x34, 0x8e, 0x24, 0x9e, 0x5d, 0xe7, 0x4d, 0xf7, 0x69, 0xd3, 0x79, 0xc3, 0x00, 0xba, 0x10, 0xaa,
        0x47, 0xfd, 0x57, 0xed, 0x2e, 0x94, 0x3e, 0x84, 0x1a, 0xa0, 0x0a, 0xb0, 0x73, 0xc9, 0x63, 0xd9,
        0x5a, 0xe0, 0x4a, 0xf0, 0x33, 0x89, 0x23, 0x99, 0x07, 0xbd, 0x17, 0xad, 0x6e, 0xd4, 0x7e, 0xc4,
        0xe2, 0x58, 0xf2, 0x48, 0x8b, 0x31, 0x9b, 0x21, 0xbf, 0x05, 0xaf, 0x15, 0xd6, 0x6c, 0xc6, 0x7c,
        0xff, 0x45, 0xef, 0x55, 0x96, 0x2c, 0x86, 0x3c, 0xa2, 0x18, 0xb2, 0x08, 0xcb, 0x71, 0xdb, 0x61,
        0x8c, 0x36, 0x9c, 0x26, 0xe5, 0x5f, 0xf5, 0x4f, 0xd1, 0x6b, 0xc1, 0x7b, 0xb8, 0x02, 0xa8, 0x12,
        0x91, 0x2b, 0x81, 0x3b, 0xf8, 0x42, 0xe8, 0x52, 0xcc, 0x76, 0xdc, 0x66, 0xa5, 0x1f, 0xb5, 0x0f,
        0x27, 0x9d, 0x37, 0x8d, 0x4e, 0xf4, 0x5e, 0xe4, 0x7a, 0xc0, 0x6a, 0xd0, 0x13, 0xa9, 0x03, 0xb9,
        0x3a, 0x80, 0x2a, 0x90, 0x53, 0xe9, 0x43, 0xf9, 0x67, 0xdd, 0x77, 0xcd, 0x0e, 0xb4, 0x1e, 0xa4,
        0x49, 0xf3, 0x59, 0xe3, 0x20, 0x9a, 0x30, 0x8a, 0x14, 0xae, 0x04, 0xbe, 0x7d, 0xc7, 0x6d, 0xd7,
        0x54, 0xee, 0x44, 0xfe, 0x3d, 0x87, 0x2d, 0x97, 0x09, 0xb3, 0x19, 0xa3, 0x60, 0xda, 0x70, 0xca,
        0xec, 0x56, 0xfc, 0x46, 0x85, 0x3f, 0x95, 0x2f, 0xb1, 0x0b, 0xa1, 0x1b, 0xd8, 0x62, 0xc8, 0x72,
        0xf1, 0x4b, 0xe1, 0x5b, 0x98, 0x22, 0x88, 0x32, 0xac, 0x16, 0xbc, 0x06, 0xc5, 0x7f, 0xd5, 0x6f,
        0x82, 0x38, 0x92, 0x28, 0xeb, 0x51, 0xfb, 0x41, 0xdf, 0x65, 0xcf, 0x75, 0xb6, 0x0c, 0xa6, 0x1c,
        0x9f, 0x25, 0x8f, 0x35, 0xf6, 0x4c, 0xe6, 0x5c, 0xc2, 0x78, 0xd2, 0x68, 0xab, 0x11, 0xbb, 0x01
    },
    {
        0xa9, 0x35, 0xab, 0x37, 0xa8, 0x34, 0xaa, 0x36, 0x93, 0x0f, 0x91, 0x0d, 0x92, 0x0e, 0x90, 0x0c,
        0xa6, 0x3a, 0xa4, 0x38, 0xa7, 0x3b, 0xa5, 0x39, 0x9c, 0x00, 0x9e, 0x02, 0x9d, 0x01, 0x9f, 0x03,
        0x7f, 0xe3, 0x7d, 0xe1, 0x7e, 0xe2, 0x7c, 0xe0, 0x45, 0xd9, 0x47, 0xdb, 0x44, 0xd8, 0x46, 0xda,
        0x70, 0xec, 0x72, 0xee, 0x71, 0xed, 0x73, 0xef, 0x4a, 0xd6, 0x48, 0xd4, 0x4b, 0xd7, 0x49, 0xd5,
        0x08, 0x94, 0x0a, 0x96, 0x09, 0x95, 0x0b, 0x97, 0x32, 0xae, 0x30, 0xac, 0x33, 0xaf, 0x31, 0xad,
        0x07, 0x9b, 0x05, 0x99, 0x06, 0x9a, 0x04, 0x98, 0x3d, 0xa1, 0x3f, 0xa3, 0x3c, 0xa0, 0x3e, 0xa2,
        0xde, 0x42, 0xdc, 0x40, 0xdf, 0x43, 0xdd, 0x41, 0xe4, 0x78, 0xe6, 0x7a, 0xe5, 0x79, 0xe7, 0x7b,
        0xd1, 0x4d, 0xd3, 0x4f, 0xd0, 0x4c, 0xd2, 0x4e, 0xeb, 0x77, 0xe9, 0x75, 0xea, 0x76, 0xe8, 0x74,
        0x5e, 0xc2, 0x5c, 0xc0, 0x5f, 0xc3, 0x5d, 0xc1, 0x64, 0xf8, 0x66, 0xfa, 0x65, 0xf9, 0x67, 0xfb,
        0x51, 0xcd, 0x53, 0xcf, 0x50, 0xcc, 0x52, 0xce, 0x6b, 0xf7, 0x69, 0xf5, 0x6a, 0xf6, 0x68, 0xf4,
        0x88, 0x14, 0x8a, 0x16, 0x89, 0x15, 0x8b, 0x17, 0xb2, 0x2e, 0xb0, 0x2c, 0xb3, 0x2f, 0xb1, 0x2d,
        0x87, 0x1b, 0x85, 0x19, 0x86, 0x1a, 0x84, 0x18, 0xbd, 0x21, 0xbf, 0x23, 0xbc, 0x20, 0xbe, 0x22,
        0xff, 0x63, 0xfd, 0x61, 0xfe, 0x62, 0xfc, 0x60, 0xc5, 0x59, 0xc7, 0x5b, 0xc4, 0x58, 0xc6, 0x5a,
        0xf0, 0x6c, 0xf2, 0x6e, 0xf1, 0x6d, 0xf3, 0x6f, 0xca, 0x56, 0xc8, 0x54, 0xcb, 0x57, 0xc9, 0x55,
        0x29, 0xb5, 0x2b, 0xb7, 0x28, 0xb4, 0x2a, 0xb6, 0x13, 0x8f, 0x11, 0x8d, 0x12, 0x8e, 0x10, 0x8c,
        0x26, 0xba, 0x24, 0xb8, 0x27, 0xbb, 0x25, 0xb9, 0x1c, 0x80, 0x1e, 0x82, 0x1d, 0x81, 0x1f, 0x83
    },
    {
        0xaf, 0xe4, 0x8f, 0xc4, 0x0a, 0x41, 0x2a, 0x61, 0x3d, 0x76, 0x1d, 0x56, 0x98, 0xd3, 0xb8, 0xf3,
        0x1c, 0x57, 0x3c, 0x77, 0xb9, 0xf2, 0x99, 0xd2, 0x8e, 0xc5, 0xae, 0xe5, 0x2b, 0x60, 0x0b, 0x40,
        0xdb, 0x90, 0xfb, 0xb0, 0x7e, 0x35, 0x5e, 0x15, 0x49, 0x02, 0x69, 0x22, 0xec, 0xa7, 0xcc, 0x87,
        0x68, 0x23, 0x48, 0x03, 0xcd, 0x86, 0xed, 0xa6, 0xfa, 0xb1, 0xda, 0x91, 0x5f, 0x14, 0x7f, 0x34,
        0x05, 0x4e, 0x25, 0x6e, 0xa0, 0xeb, 0x80, 0xcb, 0x97, 0xdc, 0xb7, 0xfc, 0x32, 0x79, 0x12, 0x59,
        0xb6, 0xfd, 0x96, 0xdd, 0x13, 0x58, 0x33, 0x78, 0x24, 0x6f, 0x04, 0x4f, 0x81, 0xca, 0xa1, 0xea,
        0x71, 0x3a, 0x51, 0x1a, 0xd4, 0x9f, 0xf4, 0xbf, 0xe3, 0xa8, 0xc3, 0x88, 0x46, 0x0d, 0x66, 0x2d,
        0xc2, 0x89, 0xe2, 0xa9, 0x67, 0x2c, 0x47, 0x0c, 0x50, 0x1b, 0x70, 0x3b, 0xf5, 0xbe, 0xd5, 0x9e,
        0x20, 0x6b, 0x00, 0x4b, 0x85, 0xce, 0xa5, 0xee, 0xb2, 0xf9, 0x92, 0xd9, 0x17, 0x5c, 0x37, 0x7c,
        0x93, 0xd8, 0xb3, 0xf8, 0x36, 0x7d, 0x16, 0x5d, 0x01, 0x4a, 0x21, 0x6a, 0xa4, 0xef, 0x84, 0xcf,
        0x54, 0x1f, 0x74, 0x3f, 0xf1, 0xba, 0xd1, 0x9a, 0xc6, 0x8d, 0xe6, 0xad, 0x63, 0x28, 0x43, 0x08,
        0xe7, 0xac, 0xc7, 0x8c, 0x42, 0x09, 0x62, 0x29, 0x75, 0x3e, 0x55, 0x1e, 0xd0, 0x9b, 0xf0, 0xbb,
        0x8a, 0xc1, 0xaa, 0xe1, 0x2f, 0x64, 0x0f, 0x44, 0x18, 0x53, 0x38, 0x73, 0xbd, 0xf6, 0x9d, 0xd6,
        0x39, 0x72, 0x19, 0x52, 0x9c, 0xd7, 0xbc, 0xf7, 0xab, 0xe0, 0x8b, 0xc0, 0x0e, 0x45, 0x2e, 0x65,
        0xfe, 0xb5, 0xde, 0x95, 0x5b, 0x10, 0x7b, 0x30, 0x6c, 0x27, 0x4c, 0x07, 0xc9, 0x82, 0xe9, 0xa2,
        0x4d, 0x06, 0x6d, 0x26, 0xe8, 0xa3, 0xc8, 0x83, 0xdf, 0x94, 0xff, 0xb4, 0x7a, 0x31, 0x5a, 0x11
    },
    {
        0xc6, 0xc9, 0x36, 0x39, 0x22, 0x2d, 0xd2, 0xdd, 0xb8, 0xb7, 0x48, 0x47, 0x5c, 0x53, 0xac, 0xa3,
        0x5e, 0x51, 0xae, 0xa1, 0xba, 0xb5, 0x4a, 0x45, 0x20, 0x2f, 0xd0, 0xdf, 0xc4, 0xcb, 0x34, 0x3b,
        0x2a, 0x25, 0xda, 0xd5, 0xce, 0xc1, 0x3e, 0x31, 0x54, 0x5b, 0xa4, 0xab, 0xb0, 0xbf, 0x40, 0x4f,
        0xb2, 0xbd, 0x42, 0x4d, 0x56, 0x59, 0xa6, 0xa9, 0xcc, 0xc3, 0x3c, 0x33, 0x28, 0x27, 0xd8, 0xd7,
        0x99, 0x96, 0x69, 0x66, 0x7d, 0x72, 0x8d, 0x82, 0xe7, 0xe8, 0x17, 0x18, 0x03, 0x0c, 0xf3, 0xfc,
        0x01, 0x0e, 0xf1, 0xfe, 0xe5, 0xea, 0x15, 0x1a, 0x7f, 0x70, 0x8f, 0x80, 0x9b, 0x94, 0x6b, 0x64,
        0x75, 0x7a, 0x85, 0x8a, 0x91, 0x9e, 0x61, 0x6e, 0x0b, 0x04, 0xfb, 0xf4, 0xef, 0xe0, 0x1f, 0x10,
        0xed, 0xe2, 0x1d, 0x12, 0x09, 0x06, 0xf9, 0xf6, 0x93, 0x9c, 0x63, 0x6c, 0x77, 0x78, 0x87, 0x88,
        0x6f, 0x60, 0x9f, 0x90, 0x8b, 0x84, 0x7b, 0x74, 0x11, 0x1e, 0xe1, 0xee, 0xf5, 0xfa, 0x05, 0x0a,
        0xf7, 0xf8, 0x07, 0x08, 0x13, 0x1c, 0xe3, 0xec, 0x89, 0x86, 0x79, 0x76, 0x6d, 0x62, 0x9d, 0x92,
        0x83, 0x8c, 0x73, 0x7c, 0x67, 0x68, 0x97, 0x98, 0xfd, 0xf2, 0x0d, 0x02, 0x19, 0x16, 0xe9, 0xe6,
        0x1b, 0x14, 0xeb, 0xe4, 0xff, 0xf0, 0x0f, 0x00, 0x65, 0x6a, 0x95, 0x9a, 0x81, 0x8e, 0x71, 0x7e,
        0x30, 0x3f, 0xc0, 0xcf, 0xd4, 0xdb, 0x24, 0x2b, 0x4e, 0x41, 0xbe, 0xb1, 0xaa, 0xa5, 0x5a, 0x55,
        0xa8, 0xa7, 0x58, 0x57, 0x4c, 0x43, 0xbc, 0xb3, 0xd6, 0xd9, 0x26, 0x29, 0x32, 0x3d, 0xc2, 0xcd,
        0xdc, 0xd3, 0x2c, 0x23, 0x38, 0x37, 0xc8, 0xc7, 0xa2, 0xad, 0x52, 0x5d, 0x46, 0x49, 0xb6, 0xb9,
        0x44, 0x4b, 0xb4, 0xbb, 0xa0, 0xaf, 0x50, 0x5f, 0x3a, 0x35, 0xca, 0xc5, 0xde, 0xd1, 0x2e, 0x21
    },
    {
        0x93, 0x30, 0xf7, 0x54, 0xaa, 0x09, 0xce, 0x6d, 0x7c, 0xdf, 0x18, 0xbb, 0x45, 0xe6, 0x21, 0x82,
        0x12, 0xb1, 0x76, 0xd5, 0x2b, 0x88, 0x4f, 0xec, 0xfd, 0x5e, 0x99, 0x3a, 0xc4, 0x67, 0xa0, 0x03,
        0xb3, 0x10, 0xd7, 0x74, 0x8a, 0x29, 0xee, 0x4d, 0x5c, 0xff, 0x38, 0x9b, 0x65, 0xc6, 0x01, 0xa2,
        0x32, 0x91, 0x56, 0xf5, 0x0b, 0xa8, 0x6f, 0xcc, 0xdd, 0x7e, 0xb9, 0x1a, 0xe4, 0x47, 0x80, 0x23,
        0x07, 0xa4, 0x63, 0xc0, 0x3e, 0x9d, 0x5a, 0xf9, 0xe8, 0x4b, 0x8c, 0x2f, 0xd1, 0x72, 0xb5, 0x16,
        0x86, 0x25, 0xe2, 0x41, 0xbf, 0x1c, 0xdb, 0x78, 0x69, 0xca, 0x0d, 0xae, 0x50, 0xf3, 0x34, 0x97,
        0x27, 0x84, 0x43, 0xe0, 0x1e, 0xbd, 0x7a, 0xd9, 0xc8, 0x6b, 0xac, 0x0f, 0xf1, 0x52, 0x95, 0x36,
        0xa6, 0x05, 0xc2, 0x61, 0x9f, 0x3c, 0xfb, 0x58, 0x49, 0xea, 0x2d, 0x8e, 0x70, 0xd3, 0x14, 0xb7,
        0x92, 0x31, 0xf6, 0x55, 0xab, 0x08, 0xcf, 0x6c, 0x7d, 0xde, 0x19, 0xba, 0x44, 0xe7, 0x20, 0x83,
        0x13, 0xb0, 0x77, 0xd4, 0x2a, 0x89, 0x4e, 0xed, 0xfc, 0x5f, 0x98, 0x3b, 0xc5, 0x66, 0xa1, 0x02,
        0xb2, 0x11, 0xd6, 0x75, 0x8b, 0x28, 0xef, 0x4c, 0x5d, 0xfe, 0x39, 0x9a, 0x64, 0xc7, 0x00, 0xa3,
        0x33, 0x90, 0x57, 0xf4, 0x0a, 0xa9, 0x6e, 0xcd, 0xdc, 0x7f, 0xb8, 0x1b, 0xe5, 0x46, 0x81, 0x22,
        0x06, 0xa5, 0x62, 0xc1, 0x3f, 0x9c, 0x5b, 0xf8, 0xe9, 0x4a, 0x8d, 0x2e, 0xd0, 0x73, 0xb4, 0x17,
        0x87, 0x24, 0xe3, 0x40, 0xbe, 0x1d, 0xda, 0x79, 0x68, 0xcb, 0x0c, 0xaf, 0x51, 0xf2, 0x35, 0x96,
        0x26, 0x85, 0x42, 0xe1, 0x1f, 0xbc, 0x7b, 0xd8, 0xc9, 0x6a, 0xad, 0x0e, 0xf0, 0x53, 0x94, 0x37,
        0xa7, 0x04, 0xc3, 0x60, 0x9e, 0x3d, 0xfa, 0x59, 0x48, 0xeb, 0x2c, 0x8f, 0x71, 0xd2, 0x15, 0xb6
    },
    {
        0xd1, 0x1e, 0xfa, 0x35, 0x15, 0xda, 0x3e, 0xf1, 0x41, 0x8e, 0x6a, 0xa5, 0x85, 0x4a, 0xae, 0x61,
        0x7f, 0xb0, 0x54, 0x9b, 0xbb, 0x74, 0x90, 0x5f, 0xef, 0x20, 0xc4, 0x0b, 0x2b, 0xe4, 0x00, 0xcf,
        0x78, 0xb7, 0x53, 0x9c, 0xbc, 0x73, 0x97, 0x58, 0xe8, 0x27, 0xc3, 0x0c, 0x2c, 0xe3, 0x07, 0xc8,
        0xd6, 0x19, 0xfd, 0x32, 0x12, 0xdd, 0x39, 0xf6, 0x46, 0x89, 0x6d, 0xa2, 0x82, 0x4d, 0xa9, 0x66,
        0xe1, 0x2e, 0xca, 0x05, 0x25, 0xea, 0x0e, 0xc1, 0x71, 0xbe, 0x5a, 0x95, 0xb5, 0x7a, 0x9e, 0x51,
        0x4f, 0x80, 0x64, 0xab, 0x8b, 0x44, 0xa0, 0x6f, 0xdf, 0x10, 0xf4, 0x3b, 0x1b, 0xd4, 0x30, 0xff,
        0x48, 0x87, 0x63, 0xac, 0x8c, 0x43, 0xa7, 0x68, 0xd8, 0x17, 0xf3, 0x3c, 0x1c, 0xd3, 0x37, 0xf8,
        0xe6, 0x29, 0xcd, 0x02, 0x22, 0xed, 0x09, 0xc6, 0x76, 0xb9, 0x5d, 0x92, 0xb2, 0x7d, 0x99, 0x56,
        0x2d, 0xe2, 0x06, 0xc9, 0xe9, 0x26, 0xc2, 0x0d, 0xbd, 0x72, 0x96, 0x59, 0x79, 0xb6, 0x52, 0x9d,
        0x83, 0x4c, 0xa8, 0x67, 0x47, 0x88, 0x6c, 0xa3, 0x13, 0xdc, 0x38, 0xf7, 0xd7, 0x18, 0xfc, 0x33,
        0x84, 0x4b, 0xaf, 0x60, 0x40, 0x8f, 0x6b, 0xa4, 0x14, 0xdb, 0x3f, 0xf0, 0xd0, 0x1f, 0xfb, 0x34,
        0x2a, 0xe5, 0x01, 0xce, 0xee, 0x21, 0xc5, 0x0a, 0xba, 0x75, 0x91, 0x5e, 0x7e, 0xb1, 0x55, 0x9a,
        0x1d, 0xd2, 0x36, 0xf9, 0xd9, 0x16, 0xf2, 0x3d, 0x8d, 0x42, 0xa6, 0x69, 0x49, 0x86, 0x62, 0xad,
        0xb3, 0x7c, 0x98, 0x57, 0x77, 0xb8, 0x5c, 0x93, 0x23, 0xec, 0x08, 0xc7, 0xe7, 0x28, 0xcc, 0x03,
        0xb4, 0x7b, 0x9f, 0x50, 0x70, 0xbf, 0x5b, 0x94, 0x24, 0xeb, 0x0f, 0xc0, 0xe0, 0x2f, 0xcb, 0x04,
        0x1a, 0xd5, 0x31, 0xfe, 0xde, 0x11, 0xf5, 0x3a, 0x8a, 0x45, 0xa1, 0x6e, 0x4e, 0x81, 0x65, 0xaa
    },
    {
        0xd1, 0x05, 0x28, 0xfc, 0xcf, 0x1b, 0x36, 0xe2, 0x7b, 0xaf, 0x82, 0x56, 0x65, 0xb1, 0x9c, 0x48,
        0x71, 0xa5, 0x88, 0x5c, 0x6f, 0xbb, 0x96, 0x42, 0xdb, 0x0f, 0x22, 0xf6, 0xc5, 0x11, 0x3c, 0xe8,
        0xa2, 0x76, 0x5b, 0x8f, 0xbc, 0x68, 0x45, 0x91, 0x08, 0xdc, 0xf1, 0x25, 0x16, 0xc2, 0xef, 0x3b,
        0x02, 0xd6, 0xfb, 0x2f, 0x1c, 0xc8, 0xe5, 0x31, 0xa8, 0x7c, 0x51, 0x85, 0xb6, 0x62, 0x4f, 0x9b,
        0x89, 0x5d, 0x70, 0xa4, 0x97, 0x43, 0x6e, 0xba, 0x23, 0xf7, 0xda, 0x0e, 0x3d, 0xe9, 0xc4, 0x10,
        0x29, 0xfd, 0xd0, 0x04, 0x37, 0xe3, 0xce, 0x1a, 0x83, 0x57, 0x7a, 0xae, 0x9d, 0x49, 0x64, 0xb0,
        0xfa, 0x2e, 0x03, 0xd7, 0xe4, 0x30, 0x1d, 0xc9, 0x50, 0x84, 0xa9, 0x7d, 0x4e, 0x9a, 0xb7, 0x63,
        0x5a, 0x8e, 0xa3, 0x77, 0x44, 0x90, 0xbd, 0x69, 0xf0, 0x24, 0x09, 0xdd, 0xee, 0x3a, 0x17, 0xc3,
        0x92, 0x46, 0x6b, 0xbf, 0x8c, 0x58, 0x75, 0xa1, 0x38, 0xec, 0xc1, 0x15, 0x26, 0xf2, 0xdf, 0x0b,
        0x32, 0xe6, 0xcb, 0x1f, 0x2c, 0xf8, 0xd5, 0x01, 0x98, 0x4c, 0x61, 0xb5, 0x86, 0x52, 0x7f, 0xab,
        0xe1, 0x35, 0x18, 0xcc, 0xff, 0x2b, 0x06, 0xd2, 0x4b, 0x9f, 0xb2, 0x66, 0x55, 0x81, 0xac, 0x78,
        0x41, 0x95, 0xb8, 0x6c, 0x5f, 0x8b, 0xa6, 0x72, 0xeb, 0x3f, 0x12, 0xc6, 0xf5, 0x21, 0x0c, 0xd8,
        0xca, 0x1e, 0x33, 0xe7, 0xd4, 0x00, 0x2d, 0xf9, 0x60, 0xb4, 0x99, 0x4d, 0x7e, 0xaa, 0x87, 0x53,
        0x6a, 0xbe, 0x93, 0x47, 0x74, 0xa0, 0x8d, 0x59, 0xc0, 0x14, 0x39, 0xed, 0xde, 0x0a, 0x27, 0xf3,
        0xb9, 0x6d, 0x40, 0x94, 0xa7, 0x73, 0x5e, 0x8a, 0x13, 0xc7, 0xea, 0x3e, 0x0d, 0xd9, 0xf4, 0x20,
        0x19, 0xcd, 0xe0, 0x34, 0x07, 0xd3, 0xfe, 0x2a, 0xb3, 0x67, 0x4a, 0x9e, 0xad, 0x79, 0x54, 0x80
    },
    {
        0x3f, 0x02, 0x59, 0x64, 0xce, 0xf3, 0xa8, 0x95, 0x97, 0xaa, 0xf1, 0xcc, 0x66, 0x5b, 0x00, 0x3d,
        0x6f, 0x52, 0x09, 0x34, 0x9e, 0xa3, 0xf8, 0xc5, 0xc7, 0xfa, 0xa1, 0x9c, 0x36, 0x0b, 0x50, 0x6d,
        0x7c, 0x41, 0x1a, 0x27, 0x8d, 0xb0, 0xeb, 0xd6, 0xd4, 0xe9, 0xb2, 0x8f, 0x25, 0x18, 0x43, 0x7e,
        0x2c, 0x11, 0x4a, 0x77, 0xdd, 0xe0, 0xbb, 0x86, 0x84, 0xb9, 0xe2, 0xdf, 0x75, 0x48, 0x13, 0x2e,
        0xc9, 0xf4, 0xaf, 0x92, 0x38, 0x05, 0x5e, 0x63, 0x61, 0x5c, 0x07, 0x3a, 0x90, 0xad, 0xf6, 0xcb,
        0x99, 0xa4, 0xff, 0xc2, 0x68, 0x55, 0x0e, 0x33, 0x31, 0x0c, 0x57, 0x6a, 0xc0, 0xfd, 0xa6, 0x9b,
        0x8a, 0xb7, 0xec, 0xd1, 0x7b, 0x46, 0x1d, 0x20, 0x22, 0x1f, 0x44, 0x79, 0xd3, 0xee, 0xb5, 0x88,
        0xda, 0xe7, 0xbc, 0x81, 0x2b, 0x16, 0x4d, 0x70, 0x72, 0x4f, 0x14, 0x29, 0x83, 0xbe, 0xe5, 0xd8,
        0xf9, 0xc4, 0x9f, 0xa2, 0x08, 0x35, 0x6e, 0x53, 0x51, 0x6c, 0x37, 0x0a, 0xa0, 0x9d, 0xc6, 0xfb,
        0xa9, 0x94, 0xcf, 0xf2, 0x58, 0x65, 0x3e, 0x03, 0x01, 0x3c, 0x67, 0x5a, 0xf0, 0xcd, 0x96, 0xab,
        0xba, 0x87, 0xdc, 0xe1, 0x4b, 0x76, 0x2d, 0x10, 0x12, 0x2f, 0x74, 0x49, 0xe3, 0xde, 0x85, 0xb8,
        0xea, 0xd7, 0x8c, 0xb1, 0x1b, 0x26, 0x7d, 0x40, 0x42, 0x7f, 0x24, 0x19, 0xb3, 0x8e, 0xd5, 0xe8,
        0x0f, 0x32, 0x69, 0x54, 0xfe, 0xc3, 0x98, 0xa5, 0xa7, 0x9a, 0xc1, 0xfc, 0x56, 0x6b, 0x30, 0x0d,
        0x5f, 0x62, 0x39, 0x04, 0xae, 0x93, 0xc8, 0xf5, 0xf7, 0xca, 0x91, 0xac, 0x06, 0x3b, 0x60, 0x5d,
        0x4c, 0x71, 0x2a, 0x17, 0xbd, 0x80, 0xdb, 0xe6, 0xe4, 0xd9, 0x82, 0xbf, 0x15, 0x28, 0x73, 0x4e,
        0x1c, 0x21, 0x7a, 0x47, 0xed, 0xd0, 0x8b, 0xb6, 0xb4, 0x89, 0xd2, 0xef, 0x45, 0x78, 0x23, 0x1e
    },
    {
        0xb7, 0x07, 0xdc, 0x6c, 0x04, 0xb4, 0x6f, 0xdf, 0xe0, 0x50, 0x8b, 0x3b, 0x53, 0xe3, 0x38, 0x88,
        0xea, 0x5a, 0x81, 0x31, 0x59, 0xe9, 0x32, 0x82, 0xbd, 0x0d, 0xd6, 0x66, 0x0e, 0xbe, 0x65, 0xd5,
        0xb8, 0x08, 0xd3, 0x63, 0x0b, 0xbb, 0x60, 0xd0, 0xef, 0x5f, 0x84, 0x34, 0x5c, 0xec, 0x37, 0x87,
        0xe5, 0x55, 0x8e, 0x3e, 0x56, 0xe6, 0x3d, 0x8d, 0xb2, 0x02, 0xd9, 0x69, 0x01, 0xb1, 0x6a, 0xda,
        0xc7, 0x77, 0xac, 0x1c, 0x74, 0xc4, 0x1f, 0xaf, 0x90, 0x20, 0xfb, 0x4b, 0x23, 0x93, 0x48, 0xf8,
        0x9a, 0x2a, 0xf1, 0x41, 0x29, 0x99, 0x42, 0xf2, 0xcd, 0x7d, 0xa6, 0x16, 0x7e, 0xce, 0x15, 0xa5,
        0xc8, 0x78, 0xa3, 0x13, 0x7b, 0xcb, 0x10, 0xa0, 0x9f, 0x2f, 0xf4, 0x44, 0x2c, 0x9c, 0x47, 0xf7,
        0x95, 0x25, 0xfe, 0x4e, 0x26, 0x96, 0x4d, 0xfd, 0xc2, 0x72, 0xa9, 0x19, 0x71, 0xc1, 0x1a, 0xaa,
        0xed, 0x5d, 0x86, 0x36, 0x5e, 0xee, 0x35, 0x85, 0xba, 0x0a, 0xd1, 0x61, 0x09, 0xb9, 0x62, 0xd2,
        0xb0, 0x00, 0xdb, 0x6b, 0x03, 0xb3, 0x68, 0xd8, 0xe7, 0x57, 0x8c, 0x3c, 0x54, 0xe4, 0x3f, 0x8f,
        0xe2, 0x52, 0x89, 0x39, 0x51, 0xe1, 0x3a, 0x8a, 0xb5, 0x05, 0xde, 0x6e, 0x06, 0xb6, 0x6d, 0xdd,
        0xbf, 0x0f, 0xd4, 0x64, 0x0c, 0xbc, 0x67, 0xd7, 0xe8, 0x58, 0x83, 0x33, 0x5b, 0xeb, 0x30, 0x80,
        0x9d, 0x2d, 0xf6, 0x46, 0x2e, 0x9e, 0x45, 0xf5, 0xca, 0x7a, 0xa1, 0x11, 0x79, 0xc9, 0x12, 0xa2,
        0xc0, 0x70, 0xab, 0x1b, 0x73, 0xc3, 0x18, 0xa8, 0x97, 0x27, 0xfc, 0x4c, 0x24, 0x94, 0x4f, 0xff,
        0x92, 0x22, 0xf9, 0x49, 0x21, 0x91, 0x4a, 0xfa, 0xc5, 0x75, 0xae, 0x1e, 0x76, 0xc6, 0x1d, 0xad,
        0xcf, 0x7f, 0xa4, 0x14, 0x7c, 0xcc, 0x17, 0xa7, 0x98, 0x28, 0xf3, 0x43, 0x2b, 0x9b, 0x40, 0xf0
    }
};
