#include "types.h"

extern const unsigned char wb_aes_table_0[16][256] = {
    {
        0xda, 0x0e, 0xdc, 0x08, 0x91, 0x45, 0x97, 0x43, 0xec, 0x38, 0xea, 0x3e, 0xa7, 0x73, 0xa1, 0x75,
        0x90, 0x44, 0x96, 0x42, 0xdb, 0x0f, 0xdd, 0x09, 0xa6, 0x72, 0xa0, 0x74, 0xed, 0x39, 0xeb, 0x3f,
        0xee, 0x3a, 0xe8, 0x3c, 0xa5, 0x71, 0xa3, 0x77, 0xd8, 0x0c, 0xde, 0x0a, 0x93, 0x47, 0x95, 0x41,
        0xa4, 0x70, 0xa2, 0x76, 0xef, 0x3b, 0xe9, 0x3d, 0x92, 0x46, 0x94, 0x40, 0xd9, 0x0d, 0xdf, 0x0b,
        0xfe, 0x2a, 0xf8, 0x2c, 0xb5, 0x61, 0xb3, 0x67, 0xc8, 0x1c, 0xce, 0x1a, 0x83, 0x57, 0x85, 0x51,
        0xb4, 0x60, 0xb2, 0x66, 0xff, 0x2b, 0xf9, 0x2d, 0x82, 0x56, 0x84, 0x50, 0xc9, 0x1d, 0xcf, 0x1b,
        0xca, 0x1e, 0xcc, 0x18, 0x81, 0x55, 0x87, 0x53, 0xfc, 0x28, 0xfa, 0x2e, 0xb7, 0x63, 0xb1, 0x65,
        0x80, 0x54, 0x86, 0x52, 0xcb, 0x1f, 0xcd, 0x19, 0xb6, 0x62, 0xb0, 0x64, 0xfd, 0x29, 0xfb, 0x2f,
        0x4b, 0x9f, 0x4d, 0x99, 0x00, 0xd4, 0x06, 0xd2, 0x7d, 0xa9, 0x7b, 0xaf, 0x36, 0xe2, 0x30, 0xe4,
        0x01, 0xd5, 0x07, 0xd3, 0x4a, 0x9e, 0x4c, 0x98, 0x37, 0xe3, 0x31, 0xe5, 0x7c, 0xa8, 0x7a, 0xae,
        0x7f, 0xab, 0x79, 0xad, 0x34, 0xe0, 0x32, 0xe6, 0x49, 0x9d, 0x4f, 0x9b, 0x02, 0xd6, 0x04, 0xd0,
        0x35, 0xe1, 0x33, 0xe7, 0x7e, 0xaa, 0x78, 0xac, 0x03, 0xd7, 0x05, 0xd1, 0x48, 0x9c, 0x4e, 0x9a,
        0x6f, 0xbb, 0x69, 0xbd, 0x24, 0xf0, 0x22, 0xf6, 0x59, 0x8d, 0x5f, 0x8b, 0x12, 0xc6, 0x14, 0xc0,
        0x25, 0xf1, 0x23, 0xf7, 0x6e, 0xba, 0x68, 0xbc, 0x13, 0xc7, 0x15, 0xc1, 0x58, 0x8c, 0x5e, 0x8a,
        0x5b, 0x8f, 0x5d, 0x89, 0x10, 0xc4, 0x16, 0xc2, 0x6d, 0xb9, 0x6b, 0xbf, 0x26, 0xf2, 0x20, 0xf4,
        0x11, 0xc5, 0x17, 0xc3, 0x5a, 0x8e, 0x5c, 0x88, 0x27, 0xf3, 0x21, 0xf5, 0x6c, 0xb8, 0x6a, 0xbe,
    },
    {
        0x1f, 0x04, 0x4e, 0x55, 0x69, 0x72, 0x38, 0x23, 0xb5, 0xae, 0xe4, 0xff, 0xc3, 0xd8, 0x92, 0x89,
        0xec, 0xf7, 0xbd, 0xa6, 0x9a, 0x81, 0xcb, 0xd0, 0x46, 0x5d, 0x17, 0x0c, 0x30, 0x2b, 0x61, 0x7a,
        0x83, 0x98, 0xd2, 0xc9, 0xf5, 0xee, 0xa4, 0xbf, 0x29, 0x32, 0x78, 0x63, 0x5f, 0x44, 0x0e, 0x15,
        0x70, 0x6b, 0x21, 0x3a, 0x06, 0x1d, 0x57, 0x4c, 0xda, 0xc1, 0x8b, 0x90, 0xac, 0xb7, 0xfd, 0xe6,
        0xb4, 0xaf, 0xe5, 0xfe, 0xc2, 0xd9, 0x93, 0x88, 0x1e, 0x05, 0x4f, 0x54, 0x68, 0x73, 0x39, 0x22,
        0x47, 0x5c, 0x16, 0x0d, 0x31, 0x2a, 0x60, 0x7b, 0xed, 0xf6, 0xbc, 0xa7, 0x9b, 0x80, 0xca, 0xd1,
        0x28, 0x33, 0x79, 0x62, 0x5e, 0x45, 0x0f, 0x14, 0x82, 0x99, 0xd3, 0xc8, 0xf4, 0xef, 0xa5, 0xbe,
        0xdb, 0xc0, 0x8a, 0x91, 0xad, 0xb6, 0xfc, 0xe7, 0x71, 0x6a, 0x20, 0x3b, 0x07, 0x1c, 0x56, 0x4d,
        0x95, 0x8e, 0xc4, 0xdf, 0xe3, 0xf8, 0xb2, 0xa9, 0x3f, 0x24, 0x6e, 0x75, 0x49, 0x52, 0x18, 0x03,
        0x66, 0x7d, 0x37, 0x2c, 0x10, 0x0b, 0x41, 0x5a, 0xcc, 0xd7, 0x9d, 0x86, 0xba, 0xa1, 0xeb, 0xf0,
        0x09, 0x12, 0x58, 0x43, 0x7f, 0x64, 0x2e, 0x35, 0xa3, 0xb8, 0xf2, 0xe9, 0xd5, 0xce, 0x84, 0x9f,
        0xfa, 0xe1, 0xab, 0xb0, 0x8c, 0x97, 0xdd, 0xc6, 0x50, 0x4b, 0x01, 0x1a, 0x26, 0x3d, 0x77, 0x6c,
        0x3e, 0x25, 0x6f, 0x74, 0x48, 0x53, 0x19, 0x02, 0x94, 0x8f, 0xc5, 0xde, 0xe2, 0xf9, 0xb3, 0xa8,
        0xcd, 0xd6, 0x9c, 0x87, 0xbb, 0xa0, 0xea, 0xf1, 0x67, 0x7c, 0x36, 0x2d, 0x11, 0x0a, 0x40, 0x5b,
        0xa2, 0xb9, 0xf3, 0xe8, 0xd4, 0xcf, 0x85, 0x9e, 0x08, 0x13, 0x59, 0x42, 0x7e, 0x65, 0x2f, 0x34,
        0x51, 0x4a, 0x00, 0x1b, 0x27, 0x3c, 0x76, 0x6d, 0xfb, 0xe0, 0xaa, 0xb1, 0x8d, 0x96, 0xdc, 0xc7,
    },
    {
        0x48, 0x1e, 0x06, 0x50, 0x07, 0x51, 0x49, 0x1f, 0x82, 0xd4, 0xcc, 0x9a, 0xcd, 0x9b, 0x83, 0xd5,
        0xb3, 0xe5, 0xfd, 0xab, 0xfc, 0xaa, 0xb2, 0xe4, 0x79, 0x2f, 0x37, 0x61, 0x36, 0x60, 0x78, 0x2e,
        0x44, 0x12, 0x0a, 0x5c, 0x0b, 0x5d, 0x45, 0x13, 0x8e, 0xd8, 0xc0, 0x96, 0xc1, 0x97, 0x8f, 0xd9,
        0xbf, 0xe9, 0xf1, 0xa7, 0xf0, 0xa6, 0xbe, 0xe8, 0x75, 0x23, 0x3b, 0x6d, 0x3a, 0x6c, 0x74, 0x22,
        0xc5, 0x93, 0x8b, 0xdd, 0x8a, 0xdc, 0xc4, 0x92, 0x0f, 0x59, 0x41, 0x17, 0x40, 0x16, 0x0e, 0x58,
        0x3e, 0x68, 0x70, 0x26, 0x71, 0x27, 0x3f, 0x69, 0xf4, 0xa2, 0xba, 0xec, 0xbb, 0xed, 0xf5, 0xa3,
        0xc9, 0x9f, 0x87, 0xd1, 0x86, 0xd0, 0xc8, 0x9e, 0x03, 0x55, 0x4d, 0x1b, 0x4c, 0x1a, 0x02, 0x54,
        0x32, 0x64, 0x7c, 0x2a, 0x7d, 0x2b, 0x33, 0x65, 0xf8, 0xae, 0xb6, 0xe0, 0xb7, 0xe1, 0xf9, 0xaf,
        0x7a, 0x2c, 0x34, 0x62, 0x35, 0x63, 0x7b, 0x2d, 0xb0, 0xe6, 0xfe, 0xa8, 0xff, 0xa9, 0xb1, 0xe7,
        0x81, 0xd7, 0xcf, 0x99, 0xce, 0x98, 0x80, 0xd6, 0x4b, 0x1d, 0x05, 0x53, 0x04, 0x52, 0x4a, 0x1c,
        0x76, 0x20, 0x38, 0x6e, 0x39, 0x6f, 0x77, 0x21, 0xbc, 0xea, 0xf2, 0xa4, 0xf3, 0xa5, 0xbd, 0xeb,
        0x8d, 0xdb, 0xc3, 0x95, 0xc2, 0x94, 0x8c, 0xda, 0x47, 0x11, 0x09, 0x5f, 0x08, 0x5e, 0x46, 0x10,
        0xf7, 0xa1, 0xb9, 0xef, 0xb8, 0xee, 0xf6, 0xa0, 0x3d, 0x6b, 0x73, 0x25, 0x72, 0x24, 0x3c, 0x6a,
        0x0c, 0x5a, 0x42, 0x14, 0x43, 0x15, 0x0d, 0x5b, 0xc6, 0x90, 0x88, 0xde, 0x89, 0xdf, 0xc7, 0x91,
        0xfb, 0xad, 0xb5, 0xe3, 0xb4, 0xe2, 0xfa, 0xac, 0x31, 0x67, 0x7f, 0x29, 0x7e, 0x28, 0x30, 0x66,
        0x00, 0x56, 0x4e, 0x18, 0x4f, 0x19, 0x01, 0x57, 0xca, 0x9c, 0x84, 0xd2, 0x85, 0xd3, 0xcb, 0x9d,
    },
    {
        0xdb, 0xb5, 0x04, 0x6a, 0x79, 0x17, 0xa6, 0xc8, 0x7e, 0x10, 0xa1, 0xcf, 0xdc, 0xb2, 0x03, 0x6d,
        0xd5, 0xbb, 0x0a, 0x64, 0x77, 0x19, 0xa8, 0xc6, 0x70, 0x1e, 0xaf, 0xc1, 0xd2, 0xbc, 0x0d, 0x63,
        0x2c, 0x42, 0xf3, 0x9d, 0x8e, 0xe0, 0x51, 0x3f, 0x89, 0xe7, 0x56, 0x38, 0x2b, 0x45, 0xf4, 0x9a,
        0x22, 0x4c, 0xfd, 0x93, 0x80, 0xee, 0x5f, 0x31, 0x87, 0xe9, 0x58, 0x36, 0x25, 0x4b, 0xfa, 0x94,
        0x5e, 0x30, 0x81, 0xef, 0xfc, 0x92, 0x23, 0x4d, 0xfb, 0x95, 0x24, 0x4a, 0x59, 0x37, 0x86, 0xe8,
        0x50, 0x3e, 0x8f, 0xe1, 0xf2, 0x9c, 0x2d, 0x43, 0xf5, 0x9b, 0x2a, 0x44, 0x57, 0x39, 0x88, 0xe6,
        0xa9, 0xc7, 0x76, 0x18, 0x0b, 0x65, 0xd4, 0xba, 0x0c, 0x62, 0xd3, 0xbd, 0xae, 0xc0, 0x71, 0x1f,
        0xa7, 0xc9, 0x78, 0x16, 0x05, 0x6b, 0xda, 0xb4, 0x02, 0x6c, 0xdd, 0xb3, 0xa0, 0xce, 0x7f, 0x11,
        0xaa, 0xc4, 0x75, 0x1b, 0x08, 0x66, 0xd7, 0xb9, 0x0f, 0x61, 0xd0, 0xbe, 0xad, 0xc3, 0x72, 0x1c,
        0xa4, 0xca, 0x7b, 0x15, 0x06, 0x68, 0xd9, 0xb7, 0x01, 0x6f, 0xde, 0xb0, 0xa3, 0xcd, 0x7c, 0x12,
        0x5d, 0x33, 0x82, 0xec, 0xff, 0x91, 0x20, 0x4e, 0xf8, 0x96, 0x27, 0x49, 0x5a, 0x34, 0x85, 0xeb,
        0x53, 0x3d, 0x8c, 0xe2, 0xf1, 0x9f, 0x2e, 0x40, 0xf6, 0x98, 0x29, 0x47, 0x54, 0x3a, 0x8b, 0xe5,
        0x2f, 0x41, 0xf0, 0x9e, 0x8d, 0xe3, 0x52, 0x3c, 0x8a, 0xe4, 0x55, 0x3b, 0x28, 0x46, 0xf7, 0x99,
        0x21, 0x4f, 0xfe, 0x90, 0x83, 0xed, 0x5c, 0x32, 0x84, 0xea, 0x5b, 0x35, 0x26, 0x48, 0xf9, 0x97,
        0xd8, 0xb6, 0x07, 0x69, 0x7a, 0x14, 0xa5, 0xcb, 0x7d, 0x13, 0xa2, 0xcc, 0xdf, 0xb1, 0x00, 0x6e,
        0xd6, 0xb8, 0x09, 0x67, 0x74, 0x1a, 0xab, 0xc5, 0x73, 0x1d, 0xac, 0xc2, 0xd1, 0xbf, 0x0e, 0x60,
    },
    {
        0x39, 0xe1, 0x86, 0x5e, 0xc8, 0x10, 0x77, 0xaf, 0x0c, 0xd4, 0xb3, 0x6b, 0xfd, 0x25, 0x42, 0x9a,
        0xa7, 0x7f, 0x18, 0xc0, 0x56, 0x8e, 0xe9, 0x31, 0x92, 0x4a, 0x2d, 0xf5, 0x63, 0xbb, 0xdc, 0x04,
        0xed, 0x35, 0x52, 0x8a, 0x1c, 0xc4, 0xa3, 0x7b, 0xd8, 0x00, 0x67, 0xbf, 0x29, 0xf1, 0x96, 0x4e,
        0x73, 0xab, 0xcc, 0x14, 0x82, 0x5a, 0x3d, 0xe5, 0x46, 0x9e, 0xf9, 0x21, 0xb7, 0x6f, 0x08, 0xd0,
        0xf8, 0x20, 0x47, 0x9f, 0x09, 0xd1, 0xb6, 0x6e, 0xcd, 0x15, 0x72, 0xaa, 0x3c, 0xe4, 0x83, 0x5b,
        0x66, 0xbe, 0xd9, 0x01, 0x97, 0x4f, 0x28, 0xf0, 0x53, 0x8b, 0xec, 0x34, 0xa2, 0x7a, 0x1d, 0xc5,
        0x2c, 0xf4, 0x93, 0x4b, 0xdd, 0x05, 0x62, 0xba, 0x19, 0xc1, 0xa6, 0x7e, 0xe8, 0x30, 0x57, 0x8f,
        0xb2, 0x6a, 0x0d, 0xd5, 0x43, 0x9b, 0xfc, 0x24, 0x87, 0x5f, 0x38, 0xe0, 0x76, 0xae, 0xc9, 0x11,
        0x06, 0xde, 0xb9, 0x61, 0xf7, 0x2f, 0x48, 0x90, 0x33, 0xeb, 0x8c, 0x54, 0xc2, 0x1a, 0x7d, 0xa5,
        0x98, 0x40, 0x27, 0xff, 0x69, 0xb1, 0xd6, 0x0e, 0xad, 0x75, 0x12, 0xca, 0x5c, 0x84, 0xe3, 0x3b,
        0xd2, 0x0a, 0x6d, 0xb5, 0x23, 0xfb, 0x9c, 0x44, 0xe7, 0x3f, 0x58, 0x80, 0x16, 0xce, 0xa9, 0x71,
        0x4c, 0x94, 0xf3, 0x2b, 0xbd, 0x65, 0x02, 0xda, 0x79, 0xa1, 0xc6, 0x1e, 0x88, 0x50, 0x37, 0xef,
        0xc7, 0x1f, 0x78, 0xa0, 0x36, 0xee, 0x89, 0x51, 0xf2, 0x2a, 0x4d, 0x95, 0x03, 0xdb, 0xbc, 0x64,
        0x59, 0x81, 0xe6, 0x3e, 0xa8, 0x70, 0x17, 0xcf, 0x6c, 0xb4, 0xd3, 0x0b, 0x9d, 0x45, 0x22, 0xfa,
        0x13, 0xcb, 0xac, 0x74, 0xe2, 0x3a, 0x5d, 0x85, 0x26, 0xfe, 0x99, 0x41, 0xd7, 0x0f, 0x68, 0xb0,
        0x8d, 0x55, 0x32, 0xea, 0x7c, 0xa4, 0xc3, 0x1b, 0xb8, 0x60, 0x07, 0xdf, 0x49, 0x91, 0xf6, 0x2e,
    },
    {
        0xcd, 0xff, 0x43, 0x71, 0x2e, 0x1c, 0xa0, 0x92, 0x33, 0x01, 0xbd, 0x8f, 0xd0, 0xe2, 0x5e, 0x6c,
        0x8b, 0xb9, 0x05, 0x37, 0x68, 0x5a, 0xe6, 0xd4, 0x75, 0x47, 0xfb, 0xc9, 0x96, 0xa4, 0x18, 0x2a,
        0x9a, 0xa8, 0x14, 0x26, 0x79, 0x4b, 0xf7, 0xc5, 0x64, 0x56, 0xea, 0xd8, 0x87, 0xb5, 0x09, 0x3b,
        0xdc, 0xee, 0x52, 0x60, 0x3f, 0x0d, 0xb1, 0x83, 0x22, 0x10, 0xac, 0x9e, 0xc1, 0xf3, 0x4f, 0x7d,
        0xbc, 0x8e, 0x32, 0x00, 0x5f, 0x6d, 0xd1, 0xe3, 0x42, 0x70, 0xcc, 0xfe, 0xa1, 0x93, 0x2f, 0x1d,
        0xfa, 0xc8, 0x74, 0x46, 0x19, 0x2b, 0x97, 0xa5, 0x04, 0x36, 0x8a, 0xb8, 0xe7, 0xd5, 0x69, 0x5b,
        0xeb, 0xd9, 0x65, 0x57, 0x08, 0x3a, 0x86, 0xb4, 0x15, 0x27, 0x9b, 0xa9, 0xf6, 0xc4, 0x78, 0x4a,
        0xad, 0x9f, 0x23, 0x11, 0x4e, 0x7c, 0xc0, 0xf2, 0x53, 0x61, 0xdd, 0xef, 0xb0, 0x82, 0x3e, 0x0c,
        0xde, 0xec, 0x50, 0x62, 0x3d, 0x0f, 0xb3, 0x81, 0x20, 0x12, 0xae, 0x9c, 0xc3, 0xf1, 0x4d, 0x7f,
        0x98, 0xaa, 0x16, 0x24, 0x7b, 0x49, 0xf5, 0xc7, 0x66, 0x54, 0xe8, 0xda, 0x85, 0xb7, 0x0b, 0x39,
        0x89, 0xbb, 0x07, 0x35, 0x6a, 0x58, 0xe4, 0xd6, 0x77, 0x45, 0xf9, 0xcb, 0x94, 0xa6, 0x1a, 0x28,
        0xcf, 0xfd, 0x41, 0x73, 0x2c, 0x1e, 0xa2, 0x90, 0x31, 0x03, 0xbf, 0x8d, 0xd2, 0xe0, 0x5c, 0x6e,
        0xaf, 0x9d, 0x21, 0x13, 0x4c, 0x7e, 0xc2, 0xf0, 0x51, 0x63, 0xdf, 0xed, 0xb2, 0x80, 0x3c, 0x0e,
        0xe9, 0xdb, 0x67, 0x55, 0x0a, 0x38, 0x84, 0xb6, 0x17, 0x25, 0x99, 0xab, 0xf4, 0xc6, 0x7a, 0x48,
        0xf8, 0xca, 0x76, 0x44, 0x1b, 0x29, 0x95, 0xa7, 0x06, 0x34, 0x88, 0xba, 0xe5, 0xd7, 0x6b, 0x59,
        0xbe, 0x8c, 0x30, 0x02, 0x5d, 0x6f, 0xd3, 0xe1, 0x40, 0x72, 0xce, 0xfc, 0xa3, 0x91, 0x2d, 0x1f,
    },
    {
        0x2a, 0x96, 0x47, 0xfb, 0x8e, 0x32, 0xe3, 0x5f, 0x81, 0x3d, 0xec, 0x50, 0x25, 0x99, 0x48, 0xf4,
        0xb4, 0x08, 0xd9, 0x65, 0x10, 0xac, 0x7d, 0xc1, 0x1f, 0xa3, 0x72, 0xce, 0xbb, 0x07, 0xd6, 0x6a,
        0xae, 0x12, 0xc3, 0x7f, 0x0a, 0xb6, 0x67, 0xdb, 0x05, 0xb9, 0x68, 0xd4, 0xa1, 0x1d, 0xcc, 0x70,
        0x30, 0x8c, 0x5d, 0xe1, 0x94, 0x28, 0xf9, 0x45, 0x9b, 0x27, 0xf6, 0x4a, 0x3f, 0x83, 0x52, 0xee,
        0x3b, 0x87, 0x56, 0xea, 0x9f, 0x23, 0xf2, 0x4e, 0x90, 0x2c, 0xfd, 0x41, 0x34, 0x88, 0x59, 0xe5,
        0xa5, 0x19, 0xc8, 0x74, 0x01, 0xbd, 0x6c, 0xd0, 0x0e, 0xb2, 0x63, 0xdf, 0xaa, 0x16, 0xc7, 0x7b,
        0xbf, 0x03, 0xd2, 0x6e, 0x1b, 0xa7, 0x76, 0xca, 0x14, 0xa8, 0x79, 0xc5, 0xb0, 0x0c, 0xdd, 0x61,
        0x21, 0x9d, 0x4c, 0xf0, 0x85, 0x39, 0xe8, 0x54, 0x8a, 0x36, 0xe7, 0x5b, 0x2e, 0x92, 0x43, 0xff,
        0x4f, 0xf3, 0x22, 0x9e, 0xeb, 0x57, 0x86, 0x3a, 0xe4, 0x58, 0x89, 0x35, 0x40, 0xfc, 0x2d, 0x91,
        0xd1, 0x6d, 0xbc, 0x00, 0x75, 0xc9, 0x18, 0xa4, 0x7a, 0xc6, 0x17, 0xab, 0xde, 0x62, 0xb3, 0x0f,
        0xcb, 0x77, 0xa6, 0x1a, 0x6f, 0xd3, 0x02, 0xbe, 0x60, 0xdc, 0x0d, 0xb1, 0xc4, 0x78, 0xa9, 0x15,
        0x55, 0xe9, 0x38, 0x84, 0xf1, 0x4d, 0x9c, 0x20, 0xfe, 0x42, 0x93, 0x2f, 0x5a, 0xe6, 0x37, 0x8b,
        0x5e, 0xe2, 0x33, 0x8f, 0xfa, 0x46, 0x97, 0x2b, 0xf5, 0x49, 0x98, 0x24, 0x51, 0xed, 0x3c, 0x80,
        0xc0, 0x7c, 0xad, 0x11, 0x64, 0xd8, 0x09, 0xb5, 0x6b, 0xd7, 0x06, 0xba, 0xcf, 0x73, 0xa2, 0x1e,
        0xda, 0x66, 0xb7, 0x0b, 0x7e, 0xc2, 0x13, 0xaf, 0x71, 0xcd, 0x1c, 0xa0, 0xd5, 0x69, 0xb8, 0x04,
        0x44, 0xf8, 0x29, 0x95, 0xe0, 0x5c, 0x8d, 0x31, 0xef, 0x53, 0x82, 0x3e, 0x4b, 0xf7, 0x26, 0x9a,
    },
    {
        0xb9, 0x4d, 0x2e, 0xda, 0x12, 0xe6, 0x85, 0x71, 0x4a, 0xbe, 0xdd, 0x29, 0xe1, 0x15, 0x76, 0x82,
        0x92, 0x66, 0x05, 0xf1, 0x39, 0xcd, 0xae, 0x5a, 0x61, 0x95, 0xf6, 0x02, 0xca, 0x3e, 0x5d, 0xa9,
        0x3f, 0xcb, 0xa8, 0x5c, 0x94, 0x60, 0x03, 0xf7, 0xcc, 0x38, 0x5b, 0xaf, 0x67, 0x93, 0xf0, 0x04,
        0x14, 0xe0, 0x83, 0x77, 0xbf, 0x4b, 0x28, 0xdc, 0xe7, 0x13, 0x70, 0x84, 0x4c, 0xb8, 0xdb, 0x2f,
        0x58, 0xac, 0xcf, 0x3b, 0xf3, 0x07, 0x64, 0x90, 0xab, 0x5f, 0x3c, 0xc8, 0x00, 0xf4, 0x97, 0x63,
        0x73, 0x87, 0xe4, 0x10, 0xd8, 0x2c, 0x4f, 0xbb, 0x80, 0x74, 0x17, 0xe3, 0x2b, 0xdf, 0xbc, 0x48,
        0xde, 0x2a, 0x49, 0xbd, 0x75, 0x81, 0xe2, 0x16, 0x2d, 0xd9, 0xba, 0x4e, 0x86, 0x72, 0x11, 0xe5,
        0xf5, 0x01, 0x62, 0x96, 0x5e, 0xaa, 0xc9, 0x3d, 0x06, 0xf2, 0x91, 0x65, 0xad, 0x59, 0x3a, 0xce,
        0xc4, 0x30, 0x53, 0xa7, 0x6f, 0x9b, 0xf8, 0x0c, 0x37, 0xc3, 0xa0, 0x54, 0x9c, 0x68, 0x0b, 0xff,
        0xef, 0x1b, 0x78, 0x8c, 0x44, 0xb0, 0xd3, 0x27, 0x1c, 0xe8, 0x8b, 0x7f, 0xb7, 0x43, 0x20, 0xd4,
        0x42, 0xb6, 0xd5, 0x21, 0xe9, 0x1d, 0x7e, 0x8a, 0xb1, 0x45, 0x26, 0xd2, 0x1a, 0xee, 0x8d, 0x79,
        0x69, 0x9d, 0xfe, 0x0a, 0xc2, 0x36, 0x55, 0xa1, 0x9a, 0x6e, 0x0d, 0xf9, 0x31, 0xc5, 0xa6, 0x52,
        0x25, 0xd1, 0xb2, 0x46, 0x8e, 0x7a, 0x19, 0xed, 0xd6, 0x22, 0x41, 0xb5, 0x7d, 0x89, 0xea, 0x1e,
        0x0e, 0xfa, 0x99, 0x6d, 0xa5, 0x51, 0x32, 0xc6, 0xfd, 0x09, 0x6a, 0x9e, 0x56, 0xa2, 0xc1, 0x35,
        0xa3, 0x57, 0x34, 0xc0, 0x08, 0xfc, 0x9f, 0x6b, 0x50, 0xa4, 0xc7, 0x33, 0xfb, 0x0f, 0x6c, 0x98,
        0x88, 0x7c, 0x1f, 0xeb, 0x23, 0xd7, 0xb4, 0x40, 0x7b, 0x8f, 0xec, 0x18, 0xd0, 0x24, 0x47, 0xb3,
    },
    {
        0x2e, 0xbc, 0xc1, 0x53, 0x78, 0xea, 0x97, 0x05, 0xb1, 0x23, 0x5e, 0xcc, 0xe7, 0x75, 0x08, 0x9a,
        0xe0, 0x72, 0x0f, 0x9d, 0xb6, 0x24, 0x59, 0xcb, 0x7f, 0xed, 0x90, 0x02, 0x29, 0xbb, 0xc6, 0x54,
        0x61, 0xf3, 0x8e, 0x1c, 0x37, 0xa5, 0xd8, 0x4a, 0xfe, 0x6c, 0x11, 0x83, 0xa8, 0x3a, 0x47, 0xd5,
        0xaf, 0x3d, 0x40, 0xd2, 0xf9, 0x6b, 0x16, 0x84, 0x30, 0xa2, 0xdf, 0x4d, 0x66, 0xf4, 0x89, 0x1b,
        0x6a, 0xf8, 0x85, 0x17, 0x3c, 0xae, 0xd3, 0x41, 0xf5, 0x67, 0x1a, 0x88, 0xa3, 0x31, 0x4c, 0xde,
        0xa4, 0x36, 0x4b, 0xd9, 0xf2, 0x60, 0x1d, 0x8f, 0x3b, 0xa9, 0xd4, 0x46, 0x6d, 0xff, 0x82, 0x10,
        0x25, 0xb7, 0xca, 0x58, 0x73, 0xe1, 0x9c, 0x0e, 0xba, 0x28, 0x55, 0xc7, 0xec, 0x7e, 0x03, 0x91,
        0xeb, 0x79, 0x04, 0x96, 0xbd, 0x2f, 0x52, 0xc0, 0x74, 0xe6, 0x9b, 0x09, 0x22, 0xb0, 0xcd, 0x5f,
        0x0d, 0x9f, 0xe2, 0x70, 0x5b, 0xc9, 0xb4, 0x26, 0x92, 0x00, 0x7d, 0xef, 0xc4, 0x56, 0x2b, 0xb9,
        0xc3, 0x51, 0x2c, 0xbe, 0x95, 0x07, 0x7a, 0xe8, 0x5c, 0xce, 0xb3, 0x21, 0x0a, 0x98, 0xe5, 0x77,
        0x42, 0xd0, 0xad, 0x3f, 0x14, 0x86, 0xfb, 0x69, 0xdd, 0x4f, 0x32, 0xa0, 0x8b, 0x19, 0x64, 0xf6,
        0x8c, 0x1e, 0x63, 0xf1, 0xda, 0x48, 0x35, 0xa7, 0x13, 0x81, 0xfc, 0x6e, 0x45, 0xd7, 0xaa, 0x38,
        0x49, 0xdb, 0xa6, 0x34, 0x1f, 0x8d, 0xf0, 0x62, 0xd6, 0x44, 0x39, 0xab, 0x80, 0x12, 0x6f, 0xfd,
        0x87, 0x15, 0x68, 0xfa, 0xd1, 0x43, 0x3e, 0xac, 0x18, 0x8a, 0xf7, 0x65, 0x4e, 0xdc, 0xa1, 0x33,
        0x06, 0x94, 0xe9, 0x7b, 0x50, 0xc2, 0xbf, 0x2d, 0x99, 0x0b, 0x76, 0xe4, 0xcf, 0x5d, 0x20, 0xb2,
        0xc8, 0x5a, 0x27, 0xb5, 0x9e, 0x0c, 0x71, 0xe3, 0x57, 0xc5, 0xb8, 0x2a, 0x01, 0x93, 0xee, 0x7c,
    },
    {
        0x08, 0xa9, 0x8c, 0x2d, 0x38, 0x99, 0xbc, 0x1d, 0x49, 0xe8, 0xcd, 0x6c, 0x79, 0xd8, 0xfd, 0x5c,
        0x58, 0xf9, 0xdc, 0x7d, 0x68, 0xc9, 0xec, 0x4d, 0x19, 0xb8, 0x9d, 0x3c, 0x29, 0x88, 0xad, 0x0c,
        0xb7, 0x16, 0x33, 0x92, 0x87, 0x26, 0x03, 0xa2, 0xf6, 0x57, 0x72, 0xd3, 0xc6, 0x67, 0x42, 0xe3,
        0xe7, 0x46, 0x63, 0xc2, 0xd7, 0x76, 0x53, 0xf2, 0xa6, 0x07, 0x22, 0x83, 0x96, 0x37, 0x12, 0xb3,
        0x4f, 0xee, 0xcb, 0x6a, 0x7f, 0xde, 0xfb, 0x5a, 0x0e, 0xaf, 0x8a, 0x2b, 0x3e, 0x9f, 0xba, 0x1b,
        0x1f, 0xbe, 0x9b, 0x3a, 0x2f, 0x8e, 0xab, 0x0a, 0x5e, 0xff, 0xda, 0x7b, 0x6e, 0xcf, 0xea, 0x4b,
        0xf0, 0x51, 0x74, 0xd5, 0xc0, 0x61, 0x44, 0xe5, 0xb1, 0x10, 0x35, 0x94, 0x81, 0x20, 0x05, 0xa4,
        0xa0, 0x01, 0x24, 0x85, 0x90, 0x31, 0x14, 0xb5, 0xe1, 0x40, 0x65, 0xc4, 0xd1, 0x70, 0x55, 0xf4,
        0x75, 0xd4, 0xf1, 0x50, 0x45, 0xe4, 0xc1, 0x60, 0x34, 0x95, 0xb0, 0x11, 0x04, 0xa5, 0x80, 0x21,
        0x25, 0x84, 0xa1, 0x00, 0x15, 0xb4, 0x91, 0x30, 0x64, 0xc5, 0xe0, 0x41, 0x54, 0xf5, 0xd0, 0x71,
        0xca, 0x6b, 0x4e, 0xef, 0xfa, 0x5b, 0x7e, 0xdf, 0x8b, 0x2a, 0x0f, 0xae, 0xbb, 0x1a, 0x3f, 0x9e,
        0x9a, 0x3b, 0x1e, 0xbf, 0xaa, 0x0b, 0x2e, 0x8f, 0xdb, 0x7a, 0x5f, 0xfe, 0xeb, 0x4a, 0x6f, 0xce,
        0x32, 0x93, 0xb6, 0x17, 0x02, 0xa3, 0x86, 0x27, 0x73, 0xd2, 0xf7, 0x56, 0x43, 0xe2, 0xc7, 0x66,
        0x62, 0xc3, 0xe6, 0x47, 0x52, 0xf3, 0xd6, 0x77, 0x23, 0x82, 0xa7, 0x06, 0x13, 0xb2, 0x97, 0x36,
        0x8d, 0x2c, 0x09, 0xa8, 0xbd, 0x1c, 0x39, 0x98, 0xcc, 0x6d, 0x48, 0xe9, 0xfc, 0x5d, 0x78, 0xd9,
        0xdd, 0x7c, 0x59, 0xf8, 0xed, 0x4c, 0x69, 0xc8, 0x9c, 0x3d, 0x18, 0xb9, 0xac, 0x0d, 0x28, 0x89,
    },
    {
        0xe8, 0x16, 0x82, 0x7c, 0x85, 0x7b, 0xef, 0x11, 0x6f, 0x91, 0x05, 0xfb, 0x02, 0xfc, 0x68, 0x96,
        0x3d, 0xc3, 0x57, 0xa9, 0x50, 0xae, 0x3a, 0xc4, 0xba, 0x44, 0xd0, 0x2e, 0xd7, 0x29, 0xbd, 0x43,
        0x2b, 0xd5, 0x41, 0xbf, 0x46, 0xb8, 0x2c, 0xd2, 0xac, 0x52, 0xc6, 0x38, 0xc1, 0x3f, 0xab, 0x55,
        0xfe, 0x00, 0x94, 0x6a, 0x93, 0x6d, 0xf9, 0x07, 0x79, 0x87, 0x13, 0xed, 0x14, 0xea, 0x7e, 0x80,
        0x9a, 0x64, 0xf0, 0x0e, 0xf7, 0x09, 0x9d, 0x63, 0x1d, 0xe3, 0x77, 0x89, 0x70, 0x8e, 0x1a, 0xe4,
        0x4f, 0xb1, 0x25, 0xdb, 0x22, 0xdc, 0x48, 0xb6, 0xc8, 0x36, 0xa2, 0x5c, 0xa5, 0x5b, 0xcf, 0x31,
        0x59, 0xa7, 0x33, 0xcd, 0x34, 0xca, 0x5e, 0xa0, 0xde, 0x20, 0xb4, 0x4a, 0xb3, 0x4d, 0xd9, 0x27,
        0x8c, 0x72, 0xe6, 0x18, 0xe1, 0x1f, 0x8b, 0x75, 0x0b, 0xf5, 0x61, 0x9f, 0x66, 0x98, 0x0c, 0xf2,
        0x69, 0x97, 0x03, 0xfd, 0x04, 0xfa, 0x6e, 0x90, 0xee, 0x10, 0x84, 0x7a, 0x83, 0x7d, 0xe9, 0x17,
        0xbc, 0x42, 0xd6, 0x28, 0xd1, 0x2f, 0xbb, 0x45, 0x3b, 0xc5, 0x51, 0xaf, 0x56, 0xa8, 0x3c, 0xc2,
        0xaa, 0x54, 0xc0, 0x3e, 0xc7, 0x39, 0xad, 0x53, 0x2d, 0xd3, 0x47, 0xb9, 0x40, 0xbe, 0x2a, 0xd4,
        0x7f, 0x81, 0x15, 0xeb, 0x12, 0xec, 0x78, 0x86, 0xf8, 0x06, 0x92, 0x6c, 0x95, 0x6b, 0xff, 0x01,
        0x1b, 0xe5, 0x71, 0x8f, 0x76, 0x88, 0x1c, 0xe2, 0x9c, 0x62, 0xf6, 0x08, 0xf1, 0x0f, 0x9b, 0x65,
        0xce, 0x30, 0xa4, 0x5a, 0xa3, 0x5d, 0xc9, 0x37, 0x49, 0xb7, 0x23, 0xdd, 0x24, 0xda, 0x4e, 0xb0,
        0xd8, 0x26, 0xb2, 0x4c, 0xb5, 0x4b, 0xdf, 0x21, 0x5f, 0xa1, 0x35, 0xcb, 0x32, 0xcc, 0x58, 0xa6,
        0x0d, 0xf3, 0x67, 0x99, 0x60, 0x9e, 0x0a, 0xf4, 0x8a, 0x74, 0xe0, 0x1e, 0xe7, 0x19, 0x8d, 0x73,
    },
    {
        0x13, 0x01, 0x72, 0x60, 0xd0, 0xc2, 0xb1, 0xa3, 0x79, 0x6b, 0x18, 0x0a, 0xba, 0xa8, 0xdb, 0xc9,
        0x77, 0x65, 0x16, 0x04, 0xb4, 0xa6, 0xd5, 0xc7, 0x1d, 0x0f, 0x7c, 0x6e, 0xde, 0xcc, 0xbf, 0xad,
        0x62, 0x70, 0x03, 0x11, 0xa1, 0xb3, 0xc0, 0xd2, 0x08, 0x1a, 0x69, 0x7b, 0xcb, 0xd9, 0xaa, 0xb8,
        0x06, 0x14, 0x67, 0x75, 0xc5, 0xd7, 0xa4, 0xb6, 0x6c, 0x7e, 0x0d, 0x1f, 0xaf, 0xbd, 0xce, 0xdc,
        0xb7, 0xa5, 0xd6, 0xc4, 0x74, 0x66, 0x15, 0x07, 0xdd, 0xcf, 0xbc, 0xae, 0x1e, 0x0c, 0x7f, 0x6d,
        0xd3, 0xc1, 0xb2, 0xa0, 0x10, 0x02, 0x71, 0x63, 0xb9, 0xab, 0xd8, 0xca, 0x7a, 0x68, 0x1b, 0x09,
        0xc6, 0xd4, 0xa7, 0xb5, 0x05, 0x17, 0x64, 0x76, 0xac, 0xbe, 0xcd, 0xdf, 0x6f, 0x7d, 0x0e, 0x1c,
        0xa2, 0xb0, 0xc3, 0xd1, 0x61, 0x73, 0x00, 0x12, 0xc8, 0xda, 0xa9, 0xbb, 0x0b, 0x19, 0x6a, 0x78,
        0x97, 0x85, 0xf6, 0xe4, 0x54, 0x46, 0x35, 0x27, 0xfd, 0xef, 0x9c, 0x8e, 0x3e, 0x2c, 0x5f, 0x4d,
        0xf3, 0xe1, 0x92, 0x80, 0x30, 0x22, 0x51, 0x43, 0x99, 0x8b, 0xf8, 0xea, 0x5a, 0x48, 0x3b, 0x29,
        0xe6, 0xf4, 0x87, 0x95, 0x25, 0x37, 0x44, 0x56, 0x8c, 0x9e, 0xed, 0xff, 0x4f, 0x5d, 0x2e, 0x3c,
        0x82, 0x90, 0xe3, 0xf1, 0x41, 0x53, 0x20, 0x32, 0xe8, 0xfa, 0x89, 0x9b, 0x2b, 0x39, 0x4a, 0x58,
        0x33, 0x21, 0x52, 0x40, 0xf0, 0xe2, 0x91, 0x83, 0x59, 0x4b, 0x38, 0x2a, 0x9a, 0x88, 0xfb, 0xe9,
        0x57, 0x45, 0x36, 0x24, 0x94, 0x86, 0xf5, 0xe7, 0x3d, 0x2f, 0x5c, 0x4e, 0xfe, 0xec, 0x9f, 0x8d,
        0x42, 0x50, 0x23, 0x31, 0x81, 0x93, 0xe0, 0xf2, 0x28, 0x3a, 0x49, 0x5b, 0xeb, 0xf9, 0x8a, 0x98,
        0x26, 0x34, 0x47, 0x55, 0xe5, 0xf7, 0x84, 0x96, 0x4c, 0x5e, 0x2d, 0x3f, 0x8f, 0x9d, 0xee, 0xfc,
    },
    {
        0x18, 0x71, 0xc7, 0xae, 0x61, 0x08, 0xbe, 0xd7, 0x9b, 0xf2, 0x44, 0x2d, 0xe2, 0x8b, 0x3d, 0x54,
        0x7c, 0x15, 0xa3, 0xca, 0x05, 0x6c, 0xda, 0xb3, 0xff, 0x96, 0x20, 0x49, 0x86, 0xef, 0x59, 0x30,
        0x0c, 0x65, 0xd3, 0xba, 0x75, 0x1c, 0xaa, 0xc3, 0x8f, 0xe6, 0x50, 0x39, 0xf6, 0x9f, 0x29, 0x40,
        0x68, 0x01, 0xb7, 0xde, 0x11, 0x78, 0xce, 0xa7, 0xeb, 0x82, 0x34, 0x5d, 0x92, 0xfb, 0x4d, 0x24,
        0xc2, 0xab, 0x1d, 0x74, 0xbb, 0xd2, 0x64, 0x0d, 0x41, 0x28, 0x9e, 0xf7, 0x38, 0x51, 0xe7, 0x8e,
        0xa6, 0xcf, 0x79, 0x10, 0xdf, 0xb6, 0x00, 0x69, 0x25, 0x4c, 0xfa, 0x93, 0x5c, 0x35, 0x83, 0xea,
        0xd6, 0xbf, 0x09, 0x60, 0xaf, 0xc6, 0x70, 0x19, 0x55, 0x3c, 0x8a, 0xe3, 0x2c, 0x45, 0xf3, 0x9a,
        0xb2, 0xdb, 0x6d, 0x04, 0xcb, 0xa2, 0x14, 0x7d, 0x31, 0x58, 0xee, 0x87, 0x48, 0x21, 0x97, 0xfe,
        0x95, 0xfc, 0x4a, 0x23, 0xec, 0x85, 0x33, 0x5a, 0x16, 0x7f, 0xc9, 0xa0, 0x6f, 0x06, 0xb0, 0xd9,
        0xf1, 0x98, 0x2e, 0x47, 0x88, 0xe1, 0x57, 0x3e, 0x72, 0x1b, 0xad, 0xc4, 0x0b, 0x62, 0xd4, 0xbd,
        0x81, 0xe8, 0x5e, 0x37, 0xf8, 0x91, 0x27, 0x4e, 0x02, 0x6b, 0xdd, 0xb4, 0x7b, 0x12, 0xa4, 0xcd,
        0xe5, 0x8c, 0x3a, 0x53, 0x9c, 0xf5, 0x43, 0x2a, 0x66, 0x0f, 0xb9, 0xd0, 0x1f, 0x76, 0xc0, 0xa9,
        0x4f, 0x26, 0x90, 0xf9, 0x36, 0x5f, 0xe9, 0x80, 0xcc, 0xa5, 0x13, 0x7a, 0xb5, 0xdc, 0x6a, 0x03,
        0x2b, 0x42, 0xf4, 0x9d, 0x52, 0x3b, 0x8d, 0xe4, 0xa8, 0xc1, 0x77, 0x1e, 0xd1, 0xb8, 0x0e, 0x67,
        0x5b, 0x32, 0x84, 0xed, 0x22, 0x4b, 0xfd, 0x94, 0xd8, 0xb1, 0x07, 0x6e, 0xa1, 0xc8, 0x7e, 0x17,
        0x3f, 0x56, 0xe0, 0x89, 0x46, 0x2f, 0x99, 0xf0, 0xbc, 0xd5, 0x63, 0x0a, 0xc5, 0xac, 0x1a, 0x73,
    },
    {
        0x19, 0xc3, 0x5e, 0x84, 0x98, 0x42, 0xdf, 0x05, 0xa2, 0x78, 0xe5, 0x3f, 0x23, 0xf9, 0x64, 0xbe,
        0x4c, 0x96, 0x0b, 0xd1, 0xcd, 0x17, 0x8a, 0x50, 0xf7, 0x2d, 0xb0, 0x6a, 0x76, 0xac, 0x31, 0xeb,
        0xe3, 0x39, 0xa4, 0x7e, 0x62, 0xb8, 0x25, 0xff, 0x58, 0x82, 0x1f, 0xc5, 0xd9, 0x03, 0x9e, 0x44,
        0xb6, 0x6c, 0xf1, 0x2b, 0x37, 0xed, 0x70, 0xaa, 0x0d, 0xd7, 0x4a, 0x90, 0x8c, 0x56, 0xcb, 0x11,
        0x3e, 0xe4, 0x79, 0xa3, 0xbf, 0x65, 0xf8, 0x22, 0x85, 0x5f, 0xc2, 0x18, 0x04, 0xde, 0x43, 0x99,
        0x6b, 0xb1, 0x2c, 0xf6, 0xea, 0x30, 0xad, 0x77, 0xd0, 0x0a, 0x97, 0x4d, 0x51, 0x8b, 0x16, 0xcc,
        0xc4, 0x1e, 0x83, 0x59, 0x45, 0x9f, 0x02, 0xd8, 0x7f, 0xa5, 0x38, 0xe2, 0xfe, 0x24, 0xb9, 0x63,
        0x91, 0x4b, 0xd6, 0x0c, 0x10, 0xca, 0x57, 0x8d, 0x2a, 0xf0, 0x6d, 0xb7, 0xab, 0x71, 0xec, 0x36,
        0x6f, 0xb5, 0x28, 0xf2, 0xee, 0x34, 0xa9, 0x73, 0xd4, 0x0e, 0x93, 0x49, 0x55, 0x8f, 0x12, 0xc8,
        0x3a, 0xe0, 0x7d, 0xa7, 0xbb, 0x61, 0xfc, 0x26, 0x81, 0x5b, 0xc6, 0x1c, 0x00, 0xda, 0x47, 0x9d,
        0x95, 0x4f, 0xd2, 0x08, 0x14, 0xce, 0x53, 0x89, 0x2e, 0xf4, 0x69, 0xb3, 0xaf, 0x75, 0xe8, 0x32,
        0xc0, 0x1a, 0x87, 0x5d, 0x41, 0x9b, 0x06, 0xdc, 0x7b, 0xa1, 0x3c, 0xe6, 0xfa, 0x20, 0xbd, 0x67,
        0x48, 0x92, 0x0f, 0xd5, 0xc9, 0x13, 0x8e, 0x54, 0xf3, 0x29, 0xb4, 0x6e, 0x72, 0xa8, 0x35, 0xef,
        0x1d, 0xc7, 0x5a, 0x80, 0x9c, 0x46, 0xdb, 0x01, 0xa6, 0x7c, 0xe1, 0x3b, 0x27, 0xfd, 0x60, 0xba,
        0xb2, 0x68, 0xf5, 0x2f, 0x33, 0xe9, 0x74, 0xae, 0x09, 0xd3, 0x4e, 0x94, 0x88, 0x52, 0xcf, 0x15,
        0xe7, 0x3d, 0xa0, 0x7a, 0x66, 0xbc, 0x21, 0xfb, 0x5c, 0x86, 0x1b, 0xc1, 0xdd, 0x07, 0x9a, 0x40,
    },
    {
        0x7f, 0x77, 0xaa, 0xa2, 0xf0, 0xf8, 0x25, 0x2d, 0xea, 0xe2, 0x3f, 0x37, 0x65, 0x6d, 0xb0, 0xb8,
        0x78, 0x70, 0xad, 0xa5, 0xf7, 0xff, 0x22, 0x2a, 0xed, 0xe5, 0x38, 0x30, 0x62, 0x6a, 0xb7, 0xbf,
        0xd9, 0xd1, 0x0c, 0x04, 0x56, 0x5e, 0x83, 0x8b, 0x4c, 0x44, 0x99, 0x91, 0xc3, 0xcb, 0x16, 0x1e,
        0xde, 0xd6, 0x0b, 0x03, 0x51, 0x59, 0x84, 0x8c, 0x4b, 0x43, 0x9e, 0x96, 0xc4, 0xcc, 0x11, 0x19,
        0x9d, 0x95, 0x48, 0x40, 0x12, 0x1a, 0xc7, 0xcf, 0x08, 0x00, 0xdd, 0xd5, 0x87, 0x8f, 0x52, 0x5a,
        0x9a, 0x92, 0x4f, 0x47, 0x15, 0x1d, 0xc0, 0xc8, 0x0f, 0x07, 0xda, 0xd2, 0x80, 0x88, 0x55, 0x5d,
        0x3b, 0x33, 0xee, 0xe6, 0xb4, 0xbc, 0x61, 0x69, 0xae, 0xa6, 0x7b, 0x73, 0x21, 0x29, 0xf4, 0xfc,
        0x3c, 0x34, 0xe9, 0xe1, 0xb3, 0xbb, 0x66, 0x6e, 0xa9, 0xa1, 0x7c, 0x74, 0x26, 0x2e, 0xf3, 0xfb,
        0xc6, 0xce, 0x13, 0x1b, 0x49, 0x41, 0x9c, 0x94, 0x53, 0x5b, 0x86, 0x8e, 0xdc, 0xd4, 0x09, 0x01,
        0xc1, 0xc9, 0x14, 0x1c, 0x4e, 0x46, 0x9b, 0x93, 0x54, 0x5c, 0x81, 0x89, 0xdb, 0xd3, 0x0e, 0x06,
        0x60, 0x68, 0xb5, 0xbd, 0xef, 0xe7, 0x3a, 0x32, 0xf5, 0xfd, 0x20, 0x28, 0x7a, 0x72, 0xaf, 0xa7,
        0x67, 0x6f, 0xb2, 0xba, 0xe8, 0xe0, 0x3d, 0x35, 0xf2, 0xfa, 0x27, 0x2f, 0x7d, 0x75, 0xa8, 0xa0,
        0x24, 0x2c, 0xf1, 0xf9, 0xab, 0xa3, 0x7e, 0x76, 0xb1, 0xb9, 0x64, 0x6c, 0x3e, 0x36, 0xeb, 0xe3,
        0x23, 0x2b, 0xf6, 0xfe, 0xac, 0xa4, 0x79, 0x71, 0xb6, 0xbe, 0x63, 0x6b, 0x39, 0x31, 0xec, 0xe4,
        0x82, 0x8a, 0x57, 0x5f, 0x0d, 0x05, 0xd8, 0xd0, 0x17, 0x1f, 0xc2, 0xca, 0x98, 0x90, 0x4d, 0x45,
        0x85, 0x8d, 0x50, 0x58, 0x0a, 0x02, 0xdf, 0xd7, 0x10, 0x18, 0xc5, 0xcd, 0x9f, 0x97, 0x4a, 0x42,
    },
    {
        0x48, 0x4e, 0x14, 0x12, 0x55, 0x53, 0x09, 0x0f, 0xfe, 0xf8, 0xa2, 0xa4, 0xe3, 0xe5, 0xbf, 0xb9,
        0x0b, 0x0d, 0x57, 0x51, 0x16, 0x10, 0x4a, 0x4c, 0xbd, 0xbb, 0xe1, 0xe7, 0xa0, 0xa6, 0xfc, 0xfa,
        0xba, 0xbc, 0xe6, 0xe0, 0xa7, 0xa1, 0xfb, 0xfd, 0x0c, 0x0a, 0x50, 0x56, 0x11, 0x17, 0x4d, 0x4b,
        0xf9, 0xff, 0xa5, 0xa3, 0xe4, 0xe2, 0xb8, 0xbe, 0x4f, 0x49, 0x13, 0x15, 0x52, 0x54, 0x0e, 0x08,
        0xdb, 0xdd, 0x87, 0x81, 0xc6, 0xc0, 0x9a, 0x9c, 0x6d, 0x6b, 0x31, 0x37, 0x70, 0x76, 0x2c, 0x2a,
        0x98, 0x9e, 0xc4, 0xc2, 0x85, 0x83, 0xd9, 0xdf, 0x2e, 0x28, 0x72, 0x74, 0x33, 0x35, 0x6f, 0x69,
        0x29, 0x2f, 0x75, 0x73, 0x34, 0x32, 0x68, 0x6e, 0x9f, 0x99, 0xc3, 0xc5, 0x82, 0x84, 0xde, 0xd8,
        0x6a, 0x6c, 0x36, 0x30, 0x77, 0x71, 0x2b, 0x2d, 0xdc, 0xda, 0x80, 0x86, 0xc1, 0xc7, 0x9d, 0x9b,
        0x3b, 0x3d, 0x67, 0x61, 0x26, 0x20, 0x7a, 0x7c, 0x8d, 0x8b, 0xd1, 0xd7, 0x90, 0x96, 0xcc, 0xca,
        0x78, 0x7e, 0x24, 0x22, 0x65, 0x63, 0x39, 0x3f, 0xce, 0xc8, 0x92, 0x94, 0xd3, 0xd5, 0x8f, 0x89,
        0xc9, 0xcf, 0x95, 0x93, 0xd4, 0xd2, 0x88, 0x8e, 0x7f, 0x79, 0x23, 0x25, 0x62, 0x64, 0x3e, 0x38,
        0x8a, 0x8c, 0xd6, 0xd0, 0x97, 0x91, 0xcb, 0xcd, 0x3c, 0x3a, 0x60, 0x66, 0x21, 0x27, 0x7d, 0x7b,
        0xa8, 0xae, 0xf4, 0xf2, 0xb5, 0xb3, 0xe9, 0xef, 0x1e, 0x18, 0x42, 0x44, 0x03, 0x05, 0x5f, 0x59,
        0xeb, 0xed, 0xb7, 0xb1, 0xf6, 0xf0, 0xaa, 0xac, 0x5d, 0x5b, 0x01, 0x07, 0x40, 0x46, 0x1c, 0x1a,
        0x5a, 0x5c, 0x06, 0x00, 0x47, 0x41, 0x1b, 0x1d, 0xec, 0xea, 0xb0, 0xb6, 0xf1, 0xf7, 0xad, 0xab,
        0x19, 0x1f, 0x45, 0x43, 0x04, 0x02, 0x58, 0x5e, 0xaf, 0xa9, 0xf3, 0xf5, 0xb2, 0xb4, 0xee, 0xe8,
    },
};

extern const u32 wb_aes_table_1[16][256] = {
    {
        0x92b0884f, 0x5fc56e2a, 0xa53d439e, 0x0dac2744, 0xd14db27c, 0x9962cc29, 0xc5bca7b8, 0xc6c29790,
        0x7cb9b03f, 0x031b05bb, 0xc875b56f, 0x14942057, 0xb552b415, 0x29302b36, 0xfd7dca40, 0x31f3a8f3,
        0xc7391346, 0x4478ddc7, 0x5e3eeafc, 0xeaf2efac, 0xe6c079ad, 0x2067dbae, 0xdc84a0ab, 0x853fada3,
        0xc447236e, 0x9e821e4e, 0x278709c9, 0xdb6472cc, 0xb62c843d, 0x0ed2176c, 0x24f939e1, 0xd3c80682,
        0x51724cd5, 0x328d98db, 0xfb669cf1, 0x9be778d7, 0xa1a3a1d1, 0x66ff8704, 0xcaf00191, 0xac6ab306,
        0x2daec979, 0x611f5563, 0xf42a3ad8, 0xc98e31b9, 0xcd10d3f6, 0x962e6a00, 0xb89ba6c2, 0x5089c803,
        0xa326152f, 0x33761c0d, 0x6b3695d3, 0xed123dcb, 0xb349e2a4, 0x97d5eed6, 0xf7540af0, 0xe98cdf84,
        0x0bb771f5, 0xaa71e5b7, 0x04fbd7dc, 0xa0582507, 0x934b0c99, 0x484a4bc6, 0x0500530a, 0x6261654b,
        0x30082c25, 0x4e511d77, 0x7170a2e8, 0xab8a6161, 0xfa9d1827, 0x2bb59fc8, 0x4faa99a1, 0xd6ad601b,
        0x520c7cfd, 0x0f2993ba, 0xda9ff61a, 0x0c57a392, 0x2c554daf, 0xe73bfd7b, 0x805acb3a, 0x647a33fa,
        0xbc05448d, 0x86419d8b, 0x8eede9c5, 0x5825bc4d, 0x4acfff38, 0x5aa008b3, 0x55ecae9a, 0x8b888f5c,
        0xba1e123c, 0x6d2dc362, 0xd756e4cd, 0xef978935, 0x08c941dd, 0x411dbb5e, 0x78275270, 0x0a4cf523,
        0x90353cb1, 0x776bf459, 0x6acd1105, 0x6e53f34a, 0x46fd6939, 0xb037d28c, 0xde011455, 0x6581b72c,
        0xd5d35033, 0xdd7f247d, 0x8c685d3b, 0x7fc78017, 0xa2dd91f9, 0x6cd647b4, 0x6fa8779c, 0x79dcd6a6,
        0x18a6b656, 0xf818acd9, 0xc25c75df, 0xeb096b7a, 0x94abdefe, 0x019eb145, 0x84c42975, 0xece9b91d,
        0x87ba195d, 0x57691a64, 0x7690708f, 0x356d4abc, 0x91ceb867, 0x9a1cfc01, 0x6848a5fb, 0xe25e9be2,
        0x8f166d13, 0x267c8d1f, 0x11f146ce, 0x890d3ba2, 0xfff87ebe, 0x1a2302a8, 0x49b1cf10, 0x5d40dad4,
        0x156fa481, 0x3496ce6a, 0x69b3212d, 0x3c3aba24, 0xb9602214, 0x8d93d9ed, 0x00653593, 0x0785e7f4,
        0xbf7b74a5, 0x88f6bf74, 0xaeef07f8, 0x53f7f82b, 0x4d2f2d5f, 0xb7d700eb, 0x40e63f88, 0x8a730b8a,
        0x720e92c0, 0x59de389b, 0x1374f230, 0x36137a94, 0x7e3c04c1, 0x0932c50b, 0x42638b76, 0x395fdcbd,
        0xbe80f073, 0xc3a7f109, 0xf3cae8bf, 0x43980fa0, 0x02e0816d, 0x95505a28, 0xe0db2f1c, 0x100ac218,
        0xfe03fa68, 0xce6ee3de, 0x2ed0f951, 0x28cbafe0, 0x219c5f78, 0xe8775b52, 0x37e8fe42, 0xa8f45149,
        0x1c385419, 0xa64373b6, 0x4706edef, 0xf5d1be0e, 0x3bda6843, 0xf9e3280f, 0x9f799a98, 0x8324fb12,
        0x54172a4c, 0xd81a42e4, 0xcb0b8547, 0xb2b26672, 0xc0d9c121, 0x7d4234e9, 0x4cd4a989, 0x2319eb86,
        0xd428d4e5, 0x2502bd37, 0xe5be4985, 0xcf956708, 0xd9e1c632, 0x3a21ec95, 0x56929eb2, 0x1dc3d0cf,
        0xa4c6c748, 0xf0b4d897, 0xaf14832e, 0x5b5b8c65, 0x128f76e6, 0x45835911, 0xe120abca, 0xdffa9083,
        0xf14f5c41, 0x73f51616, 0xbdfec05b, 0x2f2b7d87, 0x708b263e, 0x7aa2e68e, 0x17ea107f, 0xee6c0de3,
        0x38a4586b, 0xfc864e96, 0x3ebf0eda, 0x3f448a0c, 0x4b347bee, 0x670403d2, 0xf6af8e26, 0x989948ff,
        0xb4a930c3, 0xf2316c69, 0x75ee40a7, 0x195d3280, 0x3dc13ef2, 0x1ebde0e7, 0x1f466431, 0x7b596258,
        0x22e26f50, 0xad9137d0, 0xcceb5720, 0x639ae19d, 0x60e4d1b5, 0x82df7fc4, 0x2a4e1b1e, 0xc12245f7,
        0xb1cc565a, 0x067e6322, 0x161194a9, 0xa7b8f760, 0xa90fd59f, 0x9c07aab0, 0xbbe596ea, 0x7415c471,
        0x81a14fec, 0xe445cd53, 0xd0b636aa, 0x9dfc2e66, 0x5cbb5e02, 0x1bd8867e, 0xe3a51f34, 0xd2338254,
    },
    {
        0xd9db9899, 0xc7e39357, 0x130a8393, 0xa1bb366d, 0x72728a34, 0x8385bdfb, 0x32e21960, 0x9463cc3c,
        0x539a10c7, 0x11984148, 0x6594fbf3, 0x4bc6642a, 0xd5b78cd6, 0x68bc3c02, 0xec0362c8, 0x0b56f77e,
        0x04ecf254, 0xbd11ff78, 0x37507726, 0x980fd873, 0x6c4a81fa, 0xa409582b, 0x156efcb0, 0x1df45507,
        0x1cb086b9, 0xf45f1625, 0x576cad3f, 0x84a51166, 0xa0ffe5d3, 0x0c765be3, 0x282caf56, 0x9cf9658b,
        0xd89f4b27, 0x67063928, 0x7416f517, 0xb4cf8571, 0xaf45e0f9, 0x7ae82383, 0xb58b56cf, 0xa8654c64,
        0x42181e23, 0x26d279c2, 0x5b00b970, 0xba3153e5, 0x9207b31f, 0x64d0284d, 0xf37fbab8, 0x4954a6f1,
        0x5ff60488, 0x0880e61b, 0xe499cb7f, 0x073ae331, 0x34866643, 0x85e1c2d8, 0xed47b176, 0xbf833da3,
        0x52dec379, 0x2d9ec110, 0xd4f35f68, 0xc251fd11, 0xa69b9af0, 0x6a2efed9, 0xc6a740e9, 0x5108d21c,
        0xff13aef7, 0xf1ed7863, 0xe74fda1a, 0x38ea720c, 0xc187ec74, 0x71a49b51, 0x3b3c6369, 0x9f2f74ee,
        0x3070dbbb, 0x47aa7065, 0xdd2d2561, 0x88c90529, 0x602695b5, 0x8053ac9e, 0xabb35d01, 0x250468a7,
        0xaaf78ebf, 0x63f084d0, 0x8b1f144c, 0xa7df494e, 0x9dbdb635, 0xd141312e, 0xc3152eaf, 0xdb495a42,
        0x5d64c653, 0x18463b41, 0xd297204b, 0x10dc92f6, 0x82c16e45, 0xee91a013, 0xd005e290, 0xb9e74280,
        0x0fa04a86, 0x03cc5ec9, 0xfd816c2c, 0xa26d2708, 0xe2fdb45c, 0x7bacf03d, 0x1e224462, 0xce3de95e,
        0xd3d3f3f5, 0x4810754f, 0x1f6697dc, 0x5eb2d736, 0xf7890740, 0xc0c33fca, 0xb3ef29ec, 0x05a821ea,
        0xcf793ae0, 0x95271f82, 0x4ce6c8b7, 0x17fc3e6b, 0xf6cdd4fe, 0x6ed84321, 0x9a9d1aa8, 0xac93f19c,
        0xe3b967e2, 0x6642ea96, 0xc91d45c3, 0xf23b6906, 0x898dd697, 0xe9b10c8e, 0x35c2b5fd, 0x6d0e5244,
        0x29687ce8, 0x8ead7a0a, 0x408adcf8, 0xcb8f8718, 0xfe577d49, 0xeb23ce55, 0xccaf2b85, 0x81177f20,
        0xea671deb, 0xd6619db3, 0x142a2f0e, 0x87730003, 0xfbe5130f, 0x23601784, 0x59927bab, 0x16b8edd5,
        0xf833026a, 0x02888d77, 0x8a5bc7f2, 0xe8f5df30, 0x1902e8ff, 0xb2abfa52, 0x2440bb19, 0xcacb54a6,
        0x4da21b09, 0x7f5a4dc5, 0xfaa1c0b1, 0x793e32e6, 0xbc552cc6, 0x3e8e0d2f, 0x2bfabe33, 0x41ce0f46,
        0x067e308f, 0x015e9c12, 0xc859967d, 0xf977d1d4, 0x96f10ee7, 0x2e48d075, 0x504c01a2, 0x2abe6d8d,
        0x001a4fac, 0x8c3fb8d1, 0xb17deb37, 0x6f9c909f, 0x3d581c4a, 0x435ccd9d, 0x7336598a, 0xdefb3404,
        0x4e740a6c, 0x77c0e472, 0x2cda12ae, 0xdc69f6df, 0x46eea3db, 0x4538b2be, 0x0a1224c0, 0x69f8efbc,
        0x91d1a27a, 0xae013347, 0xb7199414, 0x31340805, 0x2224c43a, 0xcdebf83b, 0xb8a3913e, 0x9bd9c916,
        0x0ee49938, 0x787ae158, 0x21f2d55f, 0x5c2015ed, 0x755226a9, 0x97b5dd59, 0x3614a498, 0x7c8c5ca0,
        0x4a82b794, 0x9e6ba750, 0x124e502d, 0x1b902a24, 0x8fe9a9b4, 0xfcc5bf92, 0xb0393889, 0xdfbfe7ba,
        0xbec7ee1d, 0x8d7b6b6f, 0x0d32885d, 0x768437cc, 0x70e048ef, 0x09c435a5, 0xc4358232, 0xe12ba539,
        0x1ad4f99a, 0xa9219fda, 0x3a78b0d7, 0x20b606e1, 0x8637d3bd, 0x54babc5a, 0x62b4576e, 0x994b0bcd,
        0xa329f4b6, 0x5a446ace, 0x6b6a2d67, 0xf51bc59b, 0x447c6100, 0x56287e81, 0x3fcade91, 0x2f0c03cb,
        0xf0a9abdd, 0x6162460b, 0xb65d47aa, 0x3c1ccff4, 0x4f30d9d2, 0xefd573ad, 0xe5dd18c1, 0x39aea1b2,
        0x55fe6fe4, 0xda0d89fc, 0x7dc88f1e, 0x33a6cade, 0x58d6a815, 0xc571518c, 0xa54d8b95, 0xadd72222,
        0x2796aa7c, 0x909571c4, 0xd7254e0d, 0x934360a1, 0x7e1e9e7b, 0xbb75805b, 0xe60b09a4, 0xe06f7687,
    },
    {
        0xd5cafbd1, 0x32d7d084, 0xe155c27e, 0x5352db09, 0x5c740cf0, 0x854d30bf, 0x77948c40, 0x3633f4a8,
        0xb97b4f24, 0x2713472e, 0x83bb7c12, 0x19375034, 0xe4c83b32, 0x4c2d6216, 0x6c0f1173, 0x138c7e81,
        0x03d51067, 0x890052a7, 0xa18b67f6, 0x6e1d79f2, 0x7209750c, 0x613bae0b, 0xef0ac8e7, 0x430bb5ef,
        0x7f3dca74, 0xd057029d, 0xd2456a1c, 0x970636d8, 0xadc605ee, 0x946d8339, 0x4d54bf76, 0x875f583e,
        0xf31ec419, 0xafd46d6f, 0xa604f63b, 0x25012faf, 0xfd41ce80, 0xdd63bde5, 0x9faf70ec, 0xb2b9bcf1,
        0x23f76302, 0xbb6927a5, 0x39152351, 0x157a322c, 0x6af95dde, 0x4ba2f3db, 0xf9a5eaac, 0x929bcf94,
        0x5f1fb911, 0xf8dc37cc, 0xe23e779f, 0x6f64a492, 0xc21c04fa, 0xc4ea4857, 0xd33cb77c, 0x0cf3c79e,
        0xec617d06, 0x2b5e2536, 0x6b8080be, 0x1dd37418, 0xff53a601, 0x161187cd, 0x95145e59, 0x2da8699b,
        0x1eb8c1f9, 0x967febb8, 0x119e1600, 0x55a497a4, 0x0731344b, 0xba10fac5, 0xcc430e63, 0x9ed6ad8c,
        0xcab542ce, 0xf2671979, 0x33ae0de4, 0x56cf2245, 0x21e50b83, 0x3e9ab29c, 0x6329c68a, 0xaa499423,
        0x48c9463a, 0x228ebe62, 0x374a29c8, 0x2fba011a, 0x44842422, 0x701b1d8d, 0x35584149, 0xfbb7822d,
        0x8434eddf, 0x6992e83f, 0xe9fc844a, 0x2a27f856, 0xface5f4d, 0x7bd9ee58, 0xbf8d0389, 0xa92221c2,
        0x34219c29, 0xc177b11b, 0xfe2a7b61, 0xcd3ad303, 0x1a5ce5d5, 0x3df1077d, 0x045a81aa, 0xe6da53b3,
        0x65df8a27, 0xacbfd88e, 0x1b2538b5, 0xb8029244, 0x2ec3dc7a, 0x8ff61e0a, 0xb44ff05c, 0xe7a38ed3,
        0xc5939537, 0xf49155d4, 0xf7fae035, 0x91f07a75, 0x4f46d7f7, 0x7aa03338, 0x93e212f4, 0xdc1a6085,
        0xd4b326b1, 0x9dbd186d, 0xde080804, 0x9820e121, 0xce5166e2, 0xe02c1f1e, 0xebeeeccb, 0xf6833d55,
        0xc00e6c7b, 0xe5b1e652, 0x7e441714, 0xc8a72a4f, 0x522b0669, 0x5d0dd190, 0xd7d89350, 0x31bc6565,
        0xcf28bb82, 0x0b7c5653, 0xdf71d564, 0xbef4dee9, 0x5a82405d, 0xf07571f8, 0x46964ca3, 0x7d2fa2f5,
        0xea9731ab, 0xa85bfca2, 0x8c9dabeb, 0xb1d20910, 0x82c2a172, 0xb0abd470, 0x17685aad, 0x99593c41,
        0x4060000e, 0x3b074bd0, 0xab304943, 0x3c88da1d, 0x5e666471, 0x7162c0ed, 0xbce6b668, 0xe347aaff,
        0xc6f820d6, 0x88798fc7, 0xf5e888b4, 0x386cfe31, 0x0f98727f, 0x59e9f5bc, 0x8626855e, 0x02accd07,
        0x9a3289a0, 0xc781fdb6, 0xa56f43da, 0x67cde2a6, 0x4272688f, 0x5bfb9d3d, 0x0d8a1afe, 0x0648e92b,
        0x12f5a3e1, 0x05235cca, 0xaeadb00f, 0xdaec2c28, 0xcbcc9fae, 0xb3c06191, 0x1fc11c99, 0xed18a066,
        0x8a6be746, 0x184e8d54, 0xa2e0d217, 0x54dd4ac4, 0xe885592a, 0x589028dc, 0x57b6ff25, 0xdb95f148,
        0x49b09b5a, 0x45fdf942, 0xd12edffd, 0x266a9a4e, 0x76ed5120, 0xa4169eba, 0x8b123a26, 0x30c5b805,
        0x2cd1b4fb, 0x7c567f95, 0x1caaa978, 0xfc3813e0, 0x9cc4c50d, 0x0a058b33, 0x7586e4c1, 0x209cd6e3,
        0x6d76cc13, 0x6042736b, 0xa0f2ba96, 0x4e3f0a97, 0x00bea586, 0x68eb355f, 0xd8fe44a9, 0xc365d99a,
        0x294c4db7, 0x7370a86c, 0x62501bea, 0xf10cac98, 0x2478f2cf, 0xbd9f6b08, 0xd6a14e30, 0x74ff39a1,
        0x64a65747, 0x9b4b54c0, 0x10e7cb60, 0x3a7e96b0, 0x80d0c9f3, 0x78b25bb9, 0x8e8fc36a, 0x01c778e6,
        0xb5362d3c, 0x096e3ed2, 0x5140b388, 0x50396ee8, 0x1403ef4c, 0x0817e3b2, 0x9089a715, 0x4119dd6e,
        0x0ee1af1f, 0x283590d7, 0xc9def72f, 0xa77d2b5b, 0xa3990f77, 0x79cb86d9, 0xee731587, 0x8de4768b,
        0x81a91493, 0x3fe36ffc, 0xb65d98dd, 0x4adb2ebb, 0x66b43fc6, 0xd98799c9, 0x47ef91c3, 0xb72445bd,
    },
    {
        0x13e80bbb, 0x6c07b1f7, 0x8cbe16a7, 0xfcd056de, 0x226a77af, 0xe1efba0b, 0x40ba2136, 0x6a8f4111,
        0x3f559b7a, 0x3220d896, 0xcd522aca, 0x71385d22, 0x833fec92, 0x5d85cde3, 0x66ea0567, 0x74541387,
        0xc7bf9e5a, 0x2a737ae6, 0xb4356060, 0x4f3bdb03, 0x81cb554b, 0x6ef3082e, 0xc6af99c0, 0xc3c3d765,
        0x95fdb34d, 0xdc088269, 0x62964c58, 0xfdc05144, 0x96190d0e, 0x49b32be5, 0x052a5464, 0xa90a8cb5,
        0x4a5795a6, 0x6fe30fb4, 0x25f280d3, 0xe0ffbd91, 0x01561d5b, 0x520437d6, 0xd2997fc6, 0xdfec3c2a,
        0xd4118f20, 0x8dae113d, 0x9091fde8, 0x5b0d3d05, 0xd50188ba, 0x50f08e0f, 0x1f8d4fcd, 0xc54b2783,
        0x84a71bee, 0x67fa02fd, 0x26163e90, 0xb7d1de23, 0x2cfb8a00, 0x77b0adc4, 0xf0b512a8, 0x4722d64a,
        0x80db52d1, 0x641ebcbe, 0x2997c4a5, 0x1470fcc7, 0xe8e6b0d8, 0x2e0f33d9, 0xe31b03d2, 0x03a2a482,
        0x88c25f98, 0xbaa49dcf, 0x0ed7e76e, 0xf63de24e, 0xa81a8b2f, 0x937543ab, 0x209ece76, 0xb6c1d9b9,
        0xef7e47a4, 0x3da122a3, 0xaaee32f6, 0x218ec9ec, 0xd6e536f9, 0xcfa69313, 0xac66c210, 0x56787ee9,
        0x44c66809, 0x687bf8c8, 0xf4c95b97, 0xff34e89d, 0xc0276926, 0xf72de5d4, 0xdefc3bb0, 0x424e98ef,
        0xe483f4ae, 0xb52567fa, 0x2706390a, 0x1684451e, 0x237a7035, 0x3e459ce0, 0xbbb49a55, 0x094f1012,
        0x3a39d5df, 0xd06dc61f, 0xe9f6b742, 0x0fc7e0f4, 0x1560fb5d, 0xb1592ec5, 0x0c235eb7, 0x17944284,
        0xb8502416, 0x02b2a318, 0x7ac5ee28, 0xa79b711a, 0xee6e403e, 0xfb48a1a2, 0x39dd6b9c, 0xceb69489,
        0xfa58a638, 0x7c4d1ece, 0xa0038666, 0xa47fcf59, 0x1bf106f2, 0xcacaddb6, 0x30d4614f, 0xbfc8d36a,
        0x7bd5e9b2, 0x6d17b66d, 0x365c91a9, 0xd7f53163, 0xb049295f, 0x0bbba9cb, 0x548cc730, 0x6062f581,
        0x5314304c, 0xf241ab71, 0x73cce4fb, 0xea120901, 0xabfe356c, 0x6172f21b, 0xc2d3d0ff, 0x58e98346,
        0x59f984dc, 0x76a0aa5e, 0x9e000047, 0xc1376ebc, 0xa2f73fbf, 0x57687973, 0xb940238c, 0xd389785c,
        0x650ebb24, 0x9b6c4ee2, 0xf1a51532, 0x63864bc2, 0xe6774d77, 0xfe24ef07, 0x1d79f614, 0x7921506b,
        0x7d5d1954, 0x374c9633, 0xbc2c6d29, 0x97090a94, 0xdd1885f3, 0x70285ab8, 0x5e6173a0, 0xf9bc187b,
        0x8a36e641, 0x5a1d3a9f, 0x89d25802, 0x4dcf62da, 0x9998f73b, 0x9f1007dd, 0x696bff52, 0xd964cccc,
        0xda80728f, 0x9cf4b99e, 0xeb020e9b, 0xa3e73825, 0x822feb08, 0x9888f0a1, 0x1c69f18e, 0x24e28749,
        0x4b47923c, 0xc83e646f, 0x9181fa72, 0x3b29d245, 0x0aabae51, 0x8653a237, 0xe20b0448, 0xb2bd9086,
        0xf5d95c0d, 0x07deedbd, 0x00461ac1, 0xc92e63f5, 0x1e9d4857, 0xa68b7680, 0xad76c58a, 0x085f1788,
        0x6b9f468b, 0x100cb5f8, 0x9a7c4978, 0x1815b8b1, 0xa56fc8c3, 0xcc422d50, 0x9de4be04, 0xa11381fc,
        0x38cd6c06, 0x2887c33f, 0xed8afe7d, 0x35b82fea, 0x8b26e1db, 0xf8ac1fe1, 0x559cc0aa, 0xdb907515,
        0x0d33592d, 0x435e9f75, 0x5f71743a, 0x1ae10168, 0xe593f334, 0x3330df0c, 0xf351aceb, 0xae927bc9,
        0xd874cb56, 0x8e4aaf7e, 0x8f5aa8e4, 0xd17dc185, 0x2b637d7c, 0x85b71c74, 0x7544141d, 0x51e08995,
        0xec9af9e7, 0x4cdf6540, 0x7eb9a717, 0x31c466d5, 0x12f80c21, 0x4632d1d0, 0x4e2bdc99, 0xc45b2019,
        0x043a53fe, 0x2deb8d9a, 0xe7674aed, 0x3cb12539, 0x7fa9a08d, 0x783157f1, 0x45d66f93, 0x92654431,
        0x94edb4d7, 0x48a32c7f, 0xaf827c53, 0x8743a5ad, 0x72dce361, 0x5c95ca79, 0x06ceea27, 0xb3ad971c,
        0xbed8d4f0, 0xbd3c6ab3, 0x34a82870, 0xcbdada2c, 0x2f1f3443, 0x41aa26ac, 0x1905bf2b, 0x111cb262,
    },
    {
        0x18f0680f, 0xc0ccbe2a, 0xe6d6fdf4, 0xd4e30dc9, 0x15b489ae, 0xb43b33ea, 0xdc9da16b, 0x564cb950,
        0x0cdfdbec, 0x26bfd0ba, 0x52485d7a, 0x6143046e, 0x37aa2e5a, 0x1b22d840, 0xcb60a2c7, 0xd731bd86,
        0xf6fdaa3d, 0x8e706f75, 0x11b06d84, 0x94c98d78, 0xe5044dbb, 0x1dca250c, 0xbea9862e, 0x74521ea4,
        0x4667ee99, 0xe2d219de, 0x87306afe, 0x6eebfca9, 0x860ec3d7, 0xe100a991, 0x5376f453, 0xccb6f6a2,
        0x6fd55580, 0x5f0cbcdb, 0xe97e0533, 0xfbb94b9c, 0xf0155771, 0xb1017ee9, 0x2d13cc57, 0xf3c7e73e,
        0xcf6446ed, 0x148a2087, 0x50a4441c, 0x23859db9, 0xa6fc7d45, 0x559e091f, 0xd9a7ec68, 0x00a59364,
        0xc1f21703, 0x0773c701, 0x6479496d, 0x4cf55b5d, 0xd5dda4e0, 0x8da2df3a, 0xf52f1a72, 0xde71b80d,
        0xb97fd24b, 0xd33559ac, 0x5a36f1d8, 0x09e596ef, 0x83348ed4, 0x7bfae663, 0xc4c85a00, 0x3546373c,
        0x7ffe0249, 0x73844ac1, 0x59e44197, 0x48f1bf77, 0x20572df6, 0x408f13d5, 0xda755c27, 0xeea85156,
        0x2c2d657e, 0x7ac44f4a, 0x7ec0ab60, 0x6d394ce6, 0xeaacb57c, 0x393c7fb4, 0x059fde67, 0x216984df,
        0x81d897b2, 0x32906359, 0xce5aefc4, 0xbaad6204, 0x04a1774e, 0x76be07c2, 0xa2f8996f, 0x6547e044,
        0xa52ecd0a, 0x4e19423b, 0x2ec17c18, 0xc98cbba1, 0x19cec126, 0x95f72451, 0xca5e0bee, 0xef96f87f,
        0x9e5b38bc, 0x90cd6952, 0x8b4a2276, 0x9625941e, 0xaa8635cd, 0x0a3726a0, 0x80e63e9b, 0x680301e5,
        0x49cf165e, 0x72bae3e8, 0x89a63b10, 0x3eea2bd1, 0x0377232b, 0x6c07e5cf, 0x22bb3490, 0x7056fa8e,
        0x5b0858f1, 0x58dae8be, 0x28298154, 0xe7e854dd, 0x3802d69d, 0x7d121b2f, 0x064d6e28, 0xd0e7e9e3,
        0xc6244366, 0x0f0d6ba3, 0x0e33c28a, 0xfc6f1ff9, 0x6695500b, 0x7828562c, 0x6bd1b1aa, 0xa7c2d46c,
        0x1e189543, 0x820a27fd, 0x41b1bafc, 0x6291b421, 0x7c2cb206, 0x3c0632b7, 0x175890c8, 0x7916ff05,
        0x54a0a036, 0x435da39a, 0xa0148009, 0xf95552fa, 0xdf4f1124, 0x475947b0, 0x108ec4ad, 0x36948773,
        0x02498a02, 0x5e3215f2, 0xf2f94e17, 0x998d6cd9, 0xed7ae119, 0x9cb721da, 0x519aed35, 0x2ac59832,
        0x3bd066d2, 0xc71aea4f, 0x88989239, 0x166639e1, 0x84e2dab1, 0xcd885f8b, 0x3fd482f8, 0xdda30842,
        0x57721079, 0xc5f6f329, 0xafbc78ce, 0xc220a74c, 0x1cf48c25, 0xa86a2cab, 0xae82d1e7, 0x63af1d08,
        0xc8b21288, 0xb5059ac3, 0x4a1da611, 0x307c7a3f, 0x34789e15, 0x92217034, 0xbb93cb2d, 0xa4106423,
        0x5cde0c94, 0xac6ec881, 0xd1d940ca, 0xb7e983a5, 0x9d8988f3, 0xf12bfe58, 0xb6d72a8c, 0x67abf922,
        0xeb921c55, 0x2fffd531, 0x6aef1883, 0xabb89ce4, 0xa9548582, 0xb3ed678f, 0x0b098f89, 0x756cb78d,
        0x256d60f5, 0xc31e0e65, 0x85dc7398, 0xe03e00b8, 0xf411b35b, 0x0de172c5, 0xfd51b6d0, 0xf86bfbd3,
        0x2917287d, 0xbc459f48, 0x693da8cc, 0xa12a2920, 0x9b6175bf, 0x2453c9dc, 0x4b230f38, 0xd20bf085,
        0x1a1c7169, 0x8c9c7613, 0x9a5fdc96, 0x2bfb311b, 0x971b3d37, 0x931fd91d, 0xa3c63046, 0x019b3a4d,
        0x42630ab3, 0xe840ac1a, 0xd60f14af, 0x98b3c5f0, 0x33aeca70, 0x135c74e2, 0xfe83069f, 0x1f263c6a,
        0x448bf7ff, 0x4f27eb12, 0x3142d316, 0x607dad47, 0xb2d3cea6, 0x4dcbf274, 0xe3ecb0f7, 0xec444830,
        0x91f3c07b, 0xb03fd7c0, 0xad5061a8, 0xfa87e2b5, 0x7780aeeb, 0xd8994541, 0x45b55ed6, 0x27817993,
        0xdb4bf50e, 0xe43ae492, 0x3d389b9e, 0x3aeecffb, 0x8a748b5f, 0x08db3fc6, 0x5de0a5bd, 0x9f659195,
        0x8f4ec65c, 0xb8417b62, 0xbf972f07, 0xbd7b3661, 0xffbdafb6, 0x1262ddcb, 0xf7c30314, 0x716853a7,
    },
    {
        0x5da84d2d, 0x3c5089d8, 0x0656101b, 0x0560a4b7, 0x2517a93d, 0x5ad2d734, 0xa5548e77, 0x909d24b8,
        0x4f6c7071, 0x368a1166, 0xe822c0a8, 0x618dcbf0, 0x52677e21, 0xe582c20f, 0xabc2387c, 0x2334b623,
        0x14922d47, 0x7ee9f40b, 0xc1b9e130, 0xf529cef8, 0xd66877de, 0x816fad48, 0xc3d6d09b, 0x8bb535f6,
        0x9d3d261f, 0xba30b18c, 0xd8fec1d5, 0x86153751, 0xbe7c9f39, 0xd112edc7, 0x41fac67a, 0x6e42f8fc,
        0x1f1130fe, 0x4395f7d1, 0xea4df103, 0x2e94b484, 0xf9d04958, 0x6861e7e2, 0x070f951c, 0x95888f0a,
        0x6f1b7dfb, 0x7aa5dabe, 0x721073ab, 0x765c5d1e, 0xd37ddc6c, 0x3f663d74, 0xa22e146e, 0x244e2c3a,
        0x96be3ba6, 0x6b57534e, 0xa04125c5, 0x10de03f2, 0xe7edf3a4, 0xcf2f573b, 0x7bfc5fb9, 0xe6b476a3,
        0x3a7396c6, 0x97e7bea1, 0x8d962ae8, 0x45b6e8cf, 0xfd9c67ed, 0xd731f2d9, 0x1e48b5f9, 0x8883815a,
        0x09992317, 0xf30ad1e6, 0x34e520cd, 0xc855cd22, 0xdbc87579, 0x42cc72d6, 0xb9060520, 0x0c8c88a5,
        0x2b811f36, 0x707f4200, 0xa6623adb, 0x40a3437d, 0x997108aa, 0x693862e5, 0xeb147404, 0x6a0ed649,
        0xb1b3ac35, 0xca3afc89, 0x27789896, 0x2ad89a31, 0xaf8e16c9, 0x13e8b75e, 0x215b8788, 0x551de438,
        0x4816ea68, 0x9e0b92b3, 0xdf845bcc, 0xddeb6a67, 0x2fcd3183, 0x58bde69f, 0xe1ceecba, 0x83009ce3,
        0xb4a60787, 0x339fbad4, 0xe2f85816, 0xa118a0c2, 0xbb69348b, 0x64986042, 0xd55ec372, 0xd224596b,
        0xf889cc5f, 0xa9ad09d7, 0x5772d593, 0xfbbf78f3, 0x5151ca8d, 0x2002028f, 0x043921b0, 0x5e9ef981,
        0x7ddf40a7, 0xbd4a2b95, 0x98288dad, 0x5fc77c86, 0xb2851899, 0x0dd50da2, 0x533efb26, 0xb85f8027,
        0x381ca76d, 0x28b7ab9a, 0x4b205ec4, 0xe4db4708, 0x67aed4ee, 0xc4ac4a82, 0x3945226a, 0x15cba840,
        0x78caeb15, 0xb3dc9d9e, 0xa40d0b70, 0xbc13ae92, 0x62bb7f5c, 0xfcc5e2ea, 0x4a79dbc3, 0x9b1e3901,
        0x0aaf97bb, 0xade12762, 0x9a47bc06, 0x7349f6ac, 0x00750f05, 0x17a499eb, 0xf4704bff, 0x46805c63,
        0xda91f07e, 0x08c0a610, 0x66f751e9, 0x1c278452, 0xcd406690, 0x65c1e545, 0x0fba3c09, 0x8aecb0f1,
        0xa3779169, 0x5444613f, 0x0bf612bc, 0x2da20028, 0xd9a744d2, 0xcb63798e, 0x0343bba9, 0x7126c707,
        0x74336cb5, 0xb790b32b, 0xa73bbfdc, 0x47d9d964, 0x118786f5, 0x31f08b7f, 0xb5ff8280, 0x825919e4,
        0xe3a1dd11, 0x847a06fa, 0x89da045d, 0x93ab9014, 0x874cb256, 0x79936e12, 0x91c4a1bf, 0x1d7e0155,
        0xc5f5cf85, 0x3d090cdf, 0xe09769bd, 0x8ccfafef, 0x4e35f576, 0x44ef6dc8, 0xb6c9362c, 0xa8f48cd0,
        0x94d10a0d, 0xc79afe2e, 0xc90c4825, 0x9f5217b4, 0x29ee2e9d, 0x8ff91b43, 0xe97b45af, 0xaed793ce,
        0xfff35646, 0x32c63fd3, 0x3b2a13c1, 0x756ae9b2, 0x7fb0710c, 0xc6c37b29, 0x8ea09e44, 0x2cfb852f,
        0xfae6fdf4, 0xee01dfb6, 0xaa9bbd7b, 0xc28f559c, 0x60d44ef7, 0x562b5094, 0x7c86c5a0, 0x1a049b4c,
        0x63e2fa5b, 0xb0ea2932, 0x59e46398, 0xf25354e1, 0x226d3324, 0x1b5d1e4b, 0xdedddecb, 0xed376b1a,
        0x5cf1c82a, 0xf61f7a54, 0x35bca5ca, 0xd4074675, 0x012c8a02, 0xc0e06437, 0x19322fe0, 0xef585ab1,
        0xfeaad341, 0x50084f8a, 0xd04b68c0, 0x8036284f, 0x3e3fb873, 0xcc19e397, 0x9c64a318, 0xce76d23c,
        0x6d744c50, 0x92f21513, 0x494f6f6f, 0xf165e04d, 0x37d39461, 0x16fd1cec, 0x021a3eae, 0x30a90e78,
        0x6c2dc957, 0x7705d819, 0x5b8b5233, 0xbf251a3e, 0x186baae7, 0xec6eee1d, 0x26211d91, 0x4d0341da,
        0xf746ff53, 0x4c5ac4dd, 0xf03c654a, 0x0ee3b90e, 0xacb8a265, 0xdcb2ef60, 0x12b13259, 0x852383fd,
    },
    {
        0xf86b0562, 0x9d293707, 0xb9d6bed6, 0xbf98b399, 0xfbb23ee2, 0x46951ab2, 0x72cdd378, 0x18893dfe,
        0x21e38771, 0x83653fd9, 0x5ca3b085, 0xe5fe363c, 0xace6c802, 0x370aca25, 0x8bc07a53, 0x7c269bbd,
        0xdb3715da, 0x8d8e771c, 0x9461e6ab, 0xba0f8556, 0x84c6a6b0, 0xd3925050, 0xa0392f61, 0x0f8de48c,
        0x8288abff, 0xf5597627, 0x6c81dba6, 0x27ad8a3e, 0xa20d80c7, 0xa677222e, 0x380c16c6, 0x26401e18,
        0x8a2dee75, 0x1218d7d2, 0x871f9d30, 0xecb6e790, 0x6acfd6e9, 0x36e75e03, 0xc101bfed, 0x605e3cc5,
        0x80bc0459, 0x4993c651, 0xb4e4cd93, 0x2946c2fb, 0x329dfcea, 0xb6d06235, 0x3e421b89, 0x44a1b514,
        0x353e6583, 0xe18494d5, 0x223abcf1, 0x56325aa9, 0xef6fdc10, 0xdada81fc, 0xad0b5c24, 0xd04b6bd0,
        0xe06900f3, 0x082e7de5, 0x9ef00c87, 0x4e305f38, 0x7e12341b, 0x7320475e, 0x4de964b8, 0x626a9363,
        0xdea02315, 0x47788e94, 0x454c2132, 0x9f1d98a1, 0x337068cc, 0x98be01c8, 0x507c57e6, 0x008b386f,
        0x02bf97c9, 0x0bf74665, 0xdf4db733, 0xb09e6f7a, 0x43022c7d, 0x89f4d5f5, 0x65c90a0a, 0x42efb85b,
        0x76b77191, 0x3c76b42f, 0x7114e8f8, 0xbdac1c3f, 0x4ba769f7, 0x53a56c66, 0xaf3ff382, 0x70f97cde,
        0x5d4e24a3, 0x852b3296, 0x2474b1be, 0x9cc4a321, 0x2ee55b92, 0x2f08cfb4, 0xa1d4bb47, 0x413683db,
        0x8c63e33a, 0xd7e8f2b9, 0x57dfce8f, 0x3144c76a, 0xee824836, 0x68fb794f, 0x9655490d, 0x1b50067e,
        0x9a8aae6e, 0x64249e2c, 0xf0ce40e8, 0xa89c6aeb, 0xf2faef4e, 0x2cd1f434, 0xf9869144, 0xb173fb5c,
        0xd1a6fff6, 0xc4968922, 0xc335104b, 0xffc89c0b, 0x178fe11d, 0x7483de37, 0x7fffa03d, 0x3a38b960,
        0x2b726d5d, 0xa79ab608, 0x1456da9d, 0x34d3f1a5, 0x1cf39f17, 0x9b673a48, 0x0c54df0c, 0x0728a106,
        0x0a1ad243, 0x79b1ad72, 0xb34754fa, 0x995395ee, 0x5aedbdca, 0x63870745, 0x6610318a, 0xc2d8846d,
        0xaed267a4, 0xd5dc5d1f, 0x3faf8faf, 0xf4b4e201, 0x40db17fd, 0xc9a4fa67, 0xd605669f, 0xfe25082d,
        0x0db94b2a, 0xeaf8eadf, 0x5248f840, 0x4fddcb1e, 0xb50959b5, 0x4a4afdd1, 0xfc11a78b, 0xc8496e41,
        0xc74fb2a2, 0xfdfc33ad, 0xd8ee2e5a, 0x09c3e9c3, 0x5b0029ec, 0x1abd9258, 0xcb9055c1, 0x0e6070aa,
        0x5191c3c0, 0xc0ec2bcb, 0xb83b2af0, 0xce07630e, 0xbe7527bf, 0xdc948cb3, 0xa5ae19ae, 0x785c3954,
        0xb73df613, 0x23d728d7, 0xd27fc476, 0x3bd52d46, 0xbc418819, 0x67fda5ac, 0x30a9534c, 0xe3b03b73,
        0xcfeaf728, 0x91f6d064, 0xf123d4ce, 0x7b8502d4, 0x1964a9d8, 0x051c0ea0, 0xd903ba7c, 0xca7dc1e7,
        0xbbe21170, 0x7dcb0f9b, 0x0166ac49, 0xf3177b68, 0xdd791895, 0xed5b73b6, 0xeb157ef9, 0x58d9126c,
        0x5934864a, 0x15bb4ebb, 0x881941d3, 0xe8cc4579, 0x6916ed69, 0x2a9ff97b, 0xab45516b, 0x39e182e0,
        0x8151907f, 0xa3e014e1, 0x55eb6129, 0x25992598, 0x1662753b, 0xe6270dbc, 0x1f2aa497, 0xe25daf55,
        0x1ec730b1, 0x775ae5b7, 0x7a6896f2, 0x61b3a8e3, 0x8fbad8ba, 0xf76dd981, 0x6d6c4f80, 0xc57b1d04,
        0x035203ef, 0x958c728d, 0xa4438d88, 0xe413a21a, 0xaaa8c54d, 0xcdde588e, 0x6eb57400, 0x487e5277,
        0xd431c939, 0x8e574c9c, 0x04f19a86, 0xc6a22684, 0x200e1357, 0xa971fecd, 0xfa5faac4, 0x06c53520,
        0x756e4a11, 0x28ab56dd, 0x922febe4, 0x6b2242cf, 0x4c04f09e, 0x2d3c6012, 0x11c1ec52, 0x1d1e0b31,
        0x97b8dd2b, 0x5f7a8b05, 0x3d9b2009, 0x86f20916, 0xb2aac0dc, 0x93c27fc2, 0x5e971f23, 0x901b4442,
        0xf6804da7, 0x102c7874, 0x13f543f4, 0x5406f50f, 0xcc33cca8, 0x6f58e026, 0xe921d15f, 0xe7ca999a,
    },
    {
        0x5087c88f, 0x0c764a9f, 0x4f101764, 0xf6a4facd, 0x621dea89, 0x1819d754, 0xf40dac02, 0xf2152827,
        0x078e08bf, 0xb4fb8d6c, 0x2da25b2d, 0x1f38792b, 0xa68c9482, 0x83e957da, 0x952f9cde, 0xab6c5287,
        0x98cf5adb, 0x81400115, 0xe15b1b93, 0xef2ba103, 0xcfc69aeb, 0x2bbadf08, 0xdf18d5ca, 0x4db941ab,
        0xd3c13995, 0x3c453e56, 0x12d8bf2e, 0xbdaa9983, 0xa1ad3afd, 0x09feb22f, 0xf9ed6a07, 0x90a7646e,
        0xda902d7a, 0xb91b4b69, 0x6b4cfe66, 0xbf03cf4c, 0x342d00e3, 0x1ca805be, 0x4e293d3e, 0x64056eac,
        0x6ec406d6, 0x13e19574, 0xc08f0a21, 0x84c8f9a5, 0x42f0d161, 0x8ca0c710, 0x89283fa0, 0xc9de1ece,
        0x569f4caa, 0x1071e9e1, 0x37bd7c76, 0x57a666f0, 0xe5eac979, 0xf0bc7ee8, 0x7f2363ad, 0x2c9b7177,
        0xf8d4405d, 0x73fa8ff2, 0xd8397bb5, 0x8d99ed4a, 0x6d547a43, 0xfeccc478, 0x3b649029, 0x7802cdd2,
        0xb3da2313, 0x27633357, 0xb8226133, 0x041e742a, 0x75e20bd7, 0xca4e625b, 0x1e015371, 0x9ed7defe,
        0x24f34fc2, 0xa51ce817, 0xc31f76b4, 0x9b5f264e, 0xe80a0f7c, 0xeb9a73e9, 0xcd6fcc24, 0xf5348658,
        0xf18554b2, 0x6a75d43c, 0xc7aea45e, 0xe06231c9, 0x793be788, 0x4831b91b, 0x08c79875, 0x0a6eceba,
        0x0edf1c50, 0x033fda55, 0xed82f7cc, 0x8f30bb85, 0x9c7e8831, 0x8661af6a, 0xecbbdd96, 0x3eec6899,
        0xa7b5bed8, 0x44e85544, 0xe7439fb6, 0x5fce5845, 0xa23d4668, 0x8e0991df, 0x323584c6, 0x405987ae,
        0x3fd542c3, 0x5ef7721f, 0xcb774801, 0x1750479e, 0xdba90720, 0xd1686f5a, 0x309cd209, 0x6ffd2c8c,
        0x54361a65, 0x7d8a3562, 0x9d47a26b, 0xe9332526, 0x15f91151, 0x919e4e34, 0xa9c50448, 0xaee4aa37,
        0x4c806bf1, 0x0d4f60c5, 0xf79dd097, 0x31a5f853, 0xbc93b3d9, 0x69e5a8a9, 0xee128b59, 0x217bb772,
        0x5317b41a, 0xb2e30949, 0x96bfe04b, 0x477829d1, 0xb652dba3, 0x4a98efd4, 0x0206f00f, 0xb5c2a736,
        0xafdd806d, 0x6c6d5019, 0x282aa39d, 0x39cdc6e6, 0xd2f813cf, 0x550f303f, 0x59d6dc60, 0x4ba1c58e,
        0x774b5d18, 0xdc88a95f, 0xd5d9bdb0, 0xe67ab5ec, 0xc8e73494, 0x87588530, 0xde21ff90, 0x5c5e24d0,
        0x522e9e40, 0x49089341, 0x6324c0d3, 0xf32c027d, 0x8b81696f, 0x58eff63a, 0xad74d6a2, 0x5a46a0f5,
        0xaa5578dd, 0xc6978e04, 0x05275e70, 0xc2265cee, 0x2a83f552, 0x0b57e4e0, 0x51bee2d5, 0xe4d3e323,
        0x920e32a1, 0x38f4ecbc, 0x60b4bc46, 0xc507f291, 0xfff5ee22, 0xfb443cc8, 0x20429d28, 0x5b7f8aaf,
        0xb76bf1f9, 0x06b722e5, 0xfa7d1692, 0x82d07d80, 0x4160adf4, 0x0fe6360a, 0x4641038b, 0x22ebcbe7,
        0x3a5dba73, 0xddb18305, 0x5d670e8a, 0x43c9fb3b, 0x7e1a49f7, 0x00afa6c0, 0xd770eb7f, 0xc43ed8cb,
        0xbe3ae516, 0x933718fb, 0x68dc82f3, 0x25ca6598, 0x265a190d, 0x1148c3bb, 0x2e3227b8, 0xa3046c32,
        0x9786ca11, 0x85f1d3ff, 0x99f67081, 0xa425c24d, 0x9a660c14, 0x7cb31f38, 0x2f0b0de2, 0x653c44f6,
        0xd4e097ea, 0x16696dc4, 0x3d7c140c, 0xceffb0b1, 0xc1b6207b, 0xb17375dc, 0x7153d93d, 0xfd5cb8ed,
        0x14c03b0b, 0x3684562c, 0x291389c7, 0xe3f24d5c, 0xfc6592b7, 0x66ac3863, 0x330cae9c, 0x74db218d,
        0x8ab84335, 0xac4dfcf8, 0x76727742, 0xcc56e67e, 0xd90051ef, 0xd0514500, 0x9feef4a4, 0x67951239,
        0x9416b684, 0xb04a5f86, 0xa09410a7, 0x1d912fe4, 0x1ab0819b, 0x706af367, 0x72c3a5a8, 0xd649c125,
        0x1b89abc1, 0x35142ab9, 0x01968c9a, 0x881115fa, 0x45d17f1e, 0x7aab9b1d, 0x618d961c, 0xa8fc2e12,
        0x7b92b147, 0xbbb21da6, 0xeaa359b3, 0xba8b37fc, 0x1920fd0e, 0x80792b4f, 0xe2cb6706, 0x23d2e1bd,
    },
    {
        0xa79f3564, 0xe320f6b1, 0x12a03770, 0x9c8b96b2, 0xab85a3a1, 0x5f57e938, 0xea68eb2c, 0xd25c2de6,
        0x6fac5c2e, 0xd17c48fa, 0xed9d6b29, 0x57989ae4, 0xc8a8f74d, 0xceda1909, 0xa1eddb20, 0xdb14307b,
        0x832dc741, 0x1c1daae8, 0xf6eedfc3, 0x4fcb4b12, 0x49b9a556, 0x3dfdd395, 0x5a056260, 0x8d905ad9,
        0x1f3dcff4, 0x2a94f1ba, 0x90910077, 0x8f375184, 0x5b820c21, 0x194f21b0, 0x4256b396, 0xf23b3ada,
        0x1a6f44ac, 0xffa6c25e, 0x700a0ddd, 0xc347e18d, 0x2ce61ffe, 0xbfcce492, 0x023c955a, 0x4d6c404f,
        0xac7023a4, 0x4176d68a, 0xd8345567, 0xc5350fc9, 0x06e97043, 0x5925077c, 0x32c7204c, 0x38af58cd,
        0xdd66de3f, 0x3b8f3dd1, 0x1be82aed, 0x34b5ce08, 0x74dfe8c4, 0x011cf046, 0x2e4114a3, 0x3a085390,
        0xe55218f5, 0xa6185b25, 0x95c38b2f, 0xcdfa7c15, 0x1555b775, 0xebef856d, 0x7678e399, 0x17f2bc28,
        0xb423f252, 0x75588685, 0x0e26039f, 0xc2c08fcc, 0x23dcec27, 0xd42ec3a2, 0xde46bb23, 0x31e74550,
        0x87f82258, 0x66e441b3, 0xba9e6fca, 0x54b8fff8, 0x44245dd2, 0x0d066683, 0x0af3e686, 0xfb732747,
        0xfe21ac1f, 0x6096aff7, 0x3928368c, 0x1d9ac4a9, 0x77ff8dd8, 0x4e4c2553, 0xbb19018b, 0xc4b26188,
        0x20fc893b, 0x6b79b937, 0xbd6befcf, 0x65c424af, 0x5c778c24, 0x3f5ad8c8, 0x09d3839a, 0x91166e36,
        0x30602b11, 0xcf5d7748, 0x3c7abdd4, 0xa8a5c6bd, 0x0854eddb, 0xc0678491, 0xd70ea6be, 0x6859dc2b,
        0xe6727de9, 0x9b7e16b7, 0x4ceb2e0e, 0x7a62755c, 0xca0ffc10, 0xb684f90f, 0x5ed08779, 0x9e2c9def,
        0x84d84744, 0xbe4b8ad3, 0x9af978f6, 0xd689c8ff, 0x58a2693d, 0xfc86a742, 0x3eddb689, 0x553f91b9,
        0x0c8108c2, 0x33404e0d, 0x1180526c, 0x13275931, 0x4683568f, 0x076e1e02, 0xa4bf5078, 0x43d1ddd7,
        0x561ff4a5, 0x4a99c04a, 0xb2511c16, 0x03bbfb1b, 0xaf5046b8, 0xf11b5fc6, 0x10073c2d, 0x9fabf3ae,
        0x4b1eae0b, 0x855f2905, 0xb8396497, 0x51ea74a0, 0x1675d269, 0xe4d576b4, 0xc7920494, 0x52ca11bc,
        0xb9be0ad6, 0xeebd0e35, 0xb3d67257, 0x45a33393, 0x2b139ffb, 0x2833fae7, 0xaa02cde0, 0xdce1b07e,
        0x63b6caeb, 0x7d97f559, 0xf9d42c1a, 0xa06ab561, 0xf09c3187, 0x6afed776, 0x6c8c3932, 0xe9488e30,
        0xf449d49e, 0x7c109b18, 0x14d2d934, 0xb703974e, 0x05c9155f, 0x8eb03fc5, 0x92360b2a, 0xf853425b,
        0xd3db43a7, 0x93b1656b, 0xa922a8fc, 0x7be51b1d, 0x82aaa900, 0x69deb26a, 0xaed728f9, 0xfaf44906,
        0x79421040, 0xf5cebadf, 0x800da25d, 0x29b494a6, 0x0fa16dde, 0xcc7d1254, 0x7eb79045, 0xfd01c903,
        0x985e73ab, 0xa5383e39, 0xc92f990c, 0xd9b33b26, 0x3532a049, 0xd5a9ade3, 0xda935e3a, 0xb5a49c13,
        0x818acc1c, 0xf3bc549b, 0x1ebaa1b5, 0x2d6171bf, 0xe7f513a8, 0xe8cfe071, 0x044e7b1e, 0xb0f6174b,
        0x732a68c1, 0x0b7488c7, 0xd0fb26bb, 0x8c173498, 0x24296c22, 0x2fc67ae2, 0x88c2d181, 0xe187fdec,
        0xb171790a, 0x6e2b326f, 0x67632ff2, 0x225b8266, 0xf769b182, 0x268e677f, 0xbcec818e, 0x2709093e,
        0x78c57e01, 0xdfc1d562, 0xa34ad07d, 0xadf74de5, 0x99d91dea, 0x3612c555, 0x9444e56e, 0x483ecb17,
        0x72ad0680, 0x718d639c, 0x534d7ffd, 0x64434aee, 0xc1e0ead0, 0x470438ce, 0x9d0cf8f3, 0x8a65dadc,
        0xa2cdbe3c, 0xc6156ad5, 0xef3a6074, 0xe2a798f0, 0x40f1b8cb, 0xe00093ad, 0x7f30fe04, 0x25ae0263,
        0x3795ab14, 0x6231a4aa, 0x867f4c19, 0x97648072, 0x506d1ae1, 0x217be77a, 0x18c84ff1, 0x6111c1b6,
        0x6d0b5773, 0x009b9e07, 0x8be2b49d, 0xec1a0568, 0xcb889251, 0x96e3ee33, 0x5df0e265, 0x8945bfc0,
    },
    {
        0x33aa1af1, 0xe541eeff, 0x7d497766, 0x87ee953b, 0x676a946f, 0x368bddc1, 0xad5363c7, 0x307a3d6e,
        0xfa43cac6, 0x0615c834, 0x5661b516, 0x8af9e1a7, 0x21bf4a54, 0x26db9e77, 0x808a4118, 0x3ebd6e6d,
        0x946ef112, 0x929f11bd, 0xb01454ed, 0xa2010448, 0x5424a605, 0x85ab8628, 0x226f6dcb, 0x2a59de67,
        0x384c8ec2, 0x10b46b2d, 0x5933d299, 0x40c0160f, 0xe2253adc, 0x2f781957, 0x02a13b88, 0xaf1670d4,
        0x63de67d3, 0xe704fdec, 0xf0306a79, 0x71cb3776, 0x1fe60ca2, 0xb77080ce, 0xed775d53, 0xa9e7907b,
        0xc37e5813, 0x03340f04, 0x5d872125, 0x2bcceaeb, 0xce692c8f, 0x8fd82697, 0xda8d9c85, 0xd5dffb0a,
        0xea138970, 0xf754be5a, 0xd44acf86, 0x9dcd7632, 0xcffc1803, 0xe691c960, 0x323f2e7d, 0xc41a8c30,
        0x867ba1b7, 0xba67f452, 0x0780fcb8, 0x9f886521, 0xae834458, 0x79fd84da, 0x1b52ff1e, 0x773ad7d9,
        0x7a2da345, 0x6f5c27c3, 0x16458b82, 0x88bcf2b4, 0x1917ec0d, 0xa1d123d7, 0x1da31fb1, 0x624b535f,
        0xb25147fe, 0x6838f3e0, 0x843eb2a4, 0x4e07450c, 0x47a4c22c, 0xbf463362, 0x14009891, 0xff620df6,
        0xdfac5bb5, 0x58a6e615, 0x69adc76c, 0x0947afbb, 0x202a7ed8, 0xc90df8ac, 0x01711c17, 0xd8c88f96,
        0xe4d4da73, 0x31ef09e2, 0x4dd76293, 0x48f6a5a3, 0x43103190, 0x8d9d3584, 0x371ee94d, 0x811f7594,
        0x6ec9134f, 0xbed307ee, 0x95fbc59e, 0xf1a55ef5, 0x5e5706ba, 0xb9b7d3cd, 0x2eed2ddb, 0xb4a0a751,
        0xe1f51d43, 0x9c5842be, 0x1882d881, 0x6be8d47f, 0x835a6687, 0x53407226, 0x757fc4ca, 0xa720c378,
        0xcadddf33, 0x652f877c, 0xa565d06b, 0xcb48ebbf, 0xc65f9f23, 0x0fb64f14, 0xe8569a63, 0x738e2465,
        0x3f285ae1, 0x1ac7cb92, 0x0c66688b, 0x23fa5947, 0x7f0c6475, 0x8c080108, 0xa6b5f7f4, 0x8b6cd52b,
        0xc13b4b00, 0xc58fb8bc, 0x55b19289, 0x9e1d51ad, 0x52d546aa, 0x962be201, 0x7868b056, 0x355bfa5e,
        0x7bb897c9, 0x82cf520b, 0x74eaf046, 0x4b26823c, 0x45e1d13f, 0xf6c18ad6, 0xd95dbb1a, 0x8e4d121b,
        0x0450db27, 0x98ecb102, 0xf48499c5, 0x0a978824, 0xf275796a, 0xd60fdc95, 0xb822e741, 0xcdb90b10,
        0xf511ad49, 0xbd032071, 0x1e73382e, 0x6c8c005c, 0x2ca83ec8, 0x9979858e, 0xc0ae7f8c, 0xa39430c4,
        0xa872a4f7, 0xe3b00e50, 0xe06029cf, 0x57f4819a, 0xaba28368, 0x4631f6a0, 0xef324e40, 0xb53593dd,
        0x97bed68d, 0xaa37b7e4, 0x00e4289b, 0x3a099dd1, 0xe9c3aeef, 0xd16b08b6, 0xeb86bdfc, 0x8929c638,
        0x41552283, 0xfef7397a, 0x705e03fa, 0x4963912f, 0xdb18a809, 0x13644cb2, 0xa4f0e4e7, 0xde396f39,
        0x0df35c07, 0x509055b9, 0x4ab3b6b0, 0x5b76c18a, 0x90da02ae, 0x3b9ca95d, 0x1595ac1d, 0x1c362b3d,
        0x2d3d0a44, 0xdc7c7c2a, 0xc898cc20, 0x7cdc43ea, 0x2989f9f8, 0x4285051c, 0xfd271ee5, 0xf3e04de6,
        0x7e9950f9, 0x3d6d49f2, 0x4c42561f, 0x34ceced2, 0x5fc23236, 0xbc9614fd, 0x5ae3f506, 0x6a7de0f3,
        0x600e404c, 0x619b74c0, 0xd0fe3c3a, 0x274eaafb, 0xcc2c3f9c, 0x11215fa1, 0x930a2531, 0xfbd6fe4a,
        0xb6e5b442, 0x3cf87d7e, 0x721b10e9, 0xb1816061, 0xd79ae819, 0x12f1783e, 0x4f927180, 0xc2eb6c9f,
        0x249e8d64, 0x05c5efab, 0x4474e5b3, 0xf993ed59, 0x250bb9e8, 0x17d0bf0e, 0xc7caabaf, 0x6d1934d0,
        0xeea77acc, 0xdde948a6, 0xbbf2c0de, 0xacc6574b, 0x51056135, 0xb3c47372, 0xd2bb2f29, 0x5c1215a9,
        0x9aa9a211, 0x76afe355, 0xd32e1ba5, 0x0b02bca8, 0x281ccd74, 0x66ffa0e3, 0x9b3c969d, 0x0e237b98,
        0x39d9ba4e, 0x08d29b37, 0xa044175b, 0xfcb22a69, 0xf806d9d5, 0xece269df, 0x914f3622, 0x64bab3f0,
    },
    {
        0x61b58834, 0xa634c9d6, 0xbc64e294, 0x6bf31c04, 0xa0138609, 0xec5bc5d8, 0xf46598c8, 0xc9c931f1,
        0x105162dc, 0x9b9860ef, 0x5daae7a1, 0xde4b07f0, 0xb62276a4, 0x420033c2, 0x3a7ffde4, 0x51cb3c4e,
        0xa5e97928, 0x43b3f56e, 0x318aaf78, 0x1a17f6ec, 0x85817220, 0xcfee7e2e, 0x3c58b23b, 0xb1b6ffd7,
        0xbe0a94c6, 0x81c84bad, 0x2466ef2b, 0xa27df05b, 0xc052153f, 0xa45abf84, 0xe03a1e37, 0x9e629fce,
        0xd40d93c0, 0x19ca4612, 0x52168cb0, 0xc5a8ea1e, 0x07d354dd, 0xee35b38a, 0x7c712a05, 0x5078fae2,
        0x63dbfe66, 0x644f7715, 0x303969d4, 0xcc33ced0, 0x565fb53d, 0x3f8502c5, 0xa7870f7a, 0xcd80087c,
        0x58501880, 0x8da99042, 0x406e4590, 0xf8044327, 0x0a01499e, 0xbbf06be7, 0xe3e7aec9, 0xff90ca54,
        0x75ea0ecb, 0x33e4d92a, 0x73cd4114, 0xebcf4cab, 0x91def4df, 0x7dc2eca9, 0xf7b82836, 0xfc4d7aaa,
        0xdd96b70e, 0x2f93bdb7, 0xf242d717, 0x60064e98, 0xd663e592, 0x4c0f9e7f, 0xfbd9f3d9, 0x6e09e325,
        0xf9b7858b, 0x7010f1ea, 0x49f5615e, 0xc1e1d393, 0x964a7dac, 0x123f148e, 0xa1a040a5, 0x1e5ecf61,
        0x727e87b8, 0x187980be, 0x1d837f9f, 0x09dcf960, 0xd044aa4d, 0x37ade0a7, 0x4e61e82d, 0x0ffbb6bf,
        0x2dfdcbe5, 0x6dd453db, 0x4846a7f2, 0x2a694296, 0x6a40daa8, 0xdc2571a2, 0x94240bfe, 0x5fc491f3,
        0xe5c0e116, 0xc41b2cb2, 0xd1f76ce1, 0x9845d011, 0x06609271, 0xbdd72438, 0x0bb28f32, 0x5a3e6ed2,
        0x138cd222, 0x8215fb53, 0x78381388, 0x9dbf2f30, 0x086f3fcc, 0xd22adc1f, 0x3bcc3b48, 0x16762d03,
        0x906d3273, 0x361e260b, 0x3deb7497, 0xd3991ab3, 0x41dd833c, 0x9fd15962, 0xea7c8a07, 0xe812fc55,
        0xfe230cf8, 0x3e36c469, 0xabe6d495, 0x27bb5fd5, 0x7be5a376, 0x4a28d1a0, 0xae1c2bb4, 0x7637be35,
        0xafafed18, 0xfdfebc06, 0x0d95c0ed, 0xd9df8e83, 0x5431c36f, 0x35c396f5, 0x807b8d01, 0x798bd524,
        0xb5ffc65a, 0xaa551239, 0x7e1f5c57, 0x25d52987, 0x46490a4f, 0xb82ddb19, 0xe189d89b, 0xcba747a3,
        0x32571f86, 0x5e77575f, 0x7a5665da, 0xc6755ae0, 0xe2546865, 0x039a6d50, 0xba43ad4b, 0xb44c00f6,
        0x99f616bd, 0x202fd6a6, 0x8432b48c, 0x47facce3, 0x6c679577, 0xb005397b, 0x4dbc58d3, 0x23f26658,
        0x8e7420bc, 0x9597cd52, 0x2bda843a, 0x6fba2589, 0x14185b51, 0xd86c482f, 0x1fed09cd, 0xc23c636d,
        0x8c1a56ee, 0x9a2ba643, 0x88536f63, 0x219c100a, 0xd5be556c, 0x57ec7391, 0x97f9bb00, 0x38118bb6,
        0x558205c3, 0xdbb1f8d1, 0x92034421, 0x2241a0f4, 0xa988a2c7, 0x5c19210d, 0xca14810f, 0xf60bee9a,
        0x9c0ce99c, 0x865cc2de, 0x0047ddae, 0x280734c4, 0x71a33746, 0x39a24d1a, 0x93b0828d, 0x5b8da87e,
        0xef867526, 0x29b4f268, 0x6792c7eb, 0x44277c1d, 0x0e487013, 0x77847899, 0x59e3de2c, 0xa83b646b,
        0x66210147, 0x1ba43040, 0xc7c69c4c, 0xb791b008, 0x89e0a9cf, 0xe47327ba, 0x87ef0472, 0x0229abfc,
        0xf19f67e9, 0xac725de6, 0xd7d0233e, 0xda023e7d, 0x01f41b02, 0x26089979, 0xdff8c15c, 0xce5db882,
        0xf02ca145, 0x7fac9afb, 0xe61d51e8, 0x15ab9dfd, 0xf3f111bb, 0x11e2a470, 0xfa6a3575, 0xc38fa5c1,
        0xb26b4f29, 0x4fd22e81, 0xede80374, 0xe9a13af9, 0x2c4e0d49, 0x626838ca, 0x1c30b933, 0x8fc7e610,
        0x4b9b170c, 0x699d6a56, 0x8a3d1931, 0xa3ce36f7, 0xc87af75d, 0x65fcb1b9, 0x34705059, 0xe7ae9744,
        0x8b8edf9d, 0x7459c867, 0x4594bab1, 0xadc19b4a, 0x2e207b1b, 0xb3d88985, 0x53a54a1c, 0x0c260641,
        0xbfb9526a, 0xb99e1db5, 0xf5d65e64, 0x05bd228f, 0x040ee423, 0x17c5ebaf, 0x83a63dff, 0x682eacfa,
    },
    {
        0xf9e2cfd0, 0x92bb88d9, 0xb367d948, 0x888ca8a6, 0x2e4ae80d, 0xd6f3faad, 0x14601bf4, 0x678de6d7,
        0xe5f7f683, 0xac30f859, 0x15a199e3, 0x81a25771, 0xccc4dad2, 0x7555bb68, 0x71f43811, 0xd83e9e41,
        0x1fcd7e76, 0xfc82cebe, 0xcd0558c5, 0x015bdd70, 0x09b4a0b0, 0xc14ba67c, 0x373fd030, 0xabd36362,
        0x4c3d50d3, 0xdabd0414, 0xa65c1fcc, 0x16e381a1, 0x3d5337a5, 0x220416b4, 0xd393fbc3, 0xf38e2845,
        0xc769bf50, 0x50286980, 0x5b850c02, 0xf46db37e, 0xe7746cd6, 0xfb615585, 0x05fa5e09, 0xdc9f1d38,
        0x20878ce1, 0x61affffb, 0x124202d8, 0x2aeb6b74, 0x495d51bd, 0x6de10142, 0x59069657, 0x7617a32a,
        0xc9a4dbbc, 0x44d22d13, 0xbee8a5e6, 0x36fe5227, 0xee5a9301, 0x51e9eb97, 0x87804e5d, 0xc42ba712,
        0xed188b43, 0x03d84725, 0xd47060f8, 0xb545c064, 0x64cffe95, 0x4331b628, 0xaeb3620c, 0xe3d5efaf,
        0x276417da, 0x7dbac6a8, 0xc08a246b, 0x6a029a79, 0x9916ed5b, 0x6f629b17, 0x41b22c7d, 0x9b95770e,
        0xecd90954, 0x30dc4b0b, 0x77d6213d, 0x2f8b6a1a, 0x2d08f04f, 0x0f96b99c, 0x6ea31900, 0xb8cabcca,
        0x0b373ae5, 0xf0cc3007, 0xe097f7ed, 0x0779c45c, 0x72b62053, 0x06b8464b, 0xb1e4431d, 0x949991f5,
        0xe15675fa, 0xaa12e175, 0xe4367494, 0xb7c65a31, 0xe6b5eec1, 0x347dc872, 0x4a1f49ff, 0x8c2d2bdf,
        0x0d1523c9, 0xe2146db8, 0xcae6c3fe, 0xb2a65b5f, 0x23c594a3, 0x664c64c0, 0x5c669739, 0x4ebeca86,
        0xde1c876d, 0x3e112fe7, 0x2b2ae963, 0x7ef8deea, 0x182ee54d, 0x9a54f519, 0x172203b6, 0xb4844273,
        0xdb7c8603, 0xb90b3edd, 0x4dfcd2c4, 0x5da7152e, 0x7a595d93, 0xce474087, 0x2cc97258, 0x4651b746,
        0x0e573b8b, 0xfaa0d792, 0xa51e078e, 0xdfdd057a, 0x3fd0adf0, 0x7035ba06, 0xf5ac3169, 0x536a71c2,
        0x11001a9a, 0x8f6f339d, 0x24260f98, 0x791b45d1, 0x35bc4a65, 0x5a448e15, 0x961a0ba0, 0x7377a244,
        0x62ede7b9, 0x043bdc1e, 0xf6ee292b, 0xfe0154eb, 0xf8234dc7, 0x78dac7c6, 0xa33c1ea2, 0xef9b1116,
        0x560a70ac, 0x6c208355, 0x6940823b, 0x8503d408, 0xffc0d6fc, 0x5f248f7b, 0xe9b9083a, 0x39f2b4dc,
        0xa2fd9cb5, 0x955813e2, 0xc6a83d47, 0xe8788a2d, 0x894d2ab1, 0xd73278ba, 0x1aad7f18, 0xd9ff1c56,
        0x0219c532, 0x650e7c82, 0x98d76f4c, 0xa79d9ddb, 0x84c2561f, 0xdd5e9f2f, 0x4bdecbe8, 0x4073ae6a,
        0x606e7dec, 0x7494397f, 0xa07e06e0, 0x7f395cfd, 0x9db76e22, 0xbc6b3fb3, 0x1d4ee423, 0xaf72e01b,
        0xa1bf84f7, 0x5489eaf9, 0x26a595cd, 0xfd434ca9, 0xeb3a926f, 0x1c8f6634, 0xf72fab3c, 0x9f34f477,
        0x087522a7, 0xa950f937, 0x52abf3d5, 0x489cd3aa, 0x4f7f4891, 0xeafb1078, 0x8641cc4a, 0xbf2927f1,
        0x311dc91c, 0x0cd4a1de, 0x10c1988d, 0x8deca9c8, 0x25e78d8f, 0x5ee50d6c, 0x2868f121, 0xbb88a488,
        0x82e04f33, 0x138380cf, 0x7c7b44bf, 0x57cbf2bb, 0x009a5f67, 0x9038128c, 0x91f9909b, 0x97db89b7,
        0x325fd15e, 0x8a0f32f3, 0x9c76ec35, 0xd25279d4, 0x3ab0ac9e, 0x4513af04, 0xd5b1e2ef, 0x339e5349,
        0xadf17a4e, 0xf24faa52, 0x554868ee, 0x3c92b5b2, 0x7b98df84, 0x47903551, 0xc5ea2505, 0x6881002c,
        0xba49269f, 0xa4df8599, 0x8bceb0e4, 0xcf86c290, 0x21460ef6, 0xd0d1e381, 0x19ef675a, 0x29a97336,
        0x6bc3186e, 0xf10db210, 0xbdaabda4, 0x42f0343f, 0xb607d826, 0xcb2741e9, 0x632c65ae, 0x8eaeb18a,
        0xb025c10a, 0xc209be3e, 0x8063d566, 0xc86559ab, 0x58c71440, 0xa8917b20, 0x3b712e89, 0x383336cb,
        0x8321cd24, 0x0af6b8f2, 0x1b6cfd0f, 0x1e0cfc61, 0x9ef57660, 0xd1106196, 0xc3c83c29, 0x937a0ace,
    },
    {
        0x98a16c2f, 0xd0afec6f, 0x9283784c, 0xaee71360, 0x9905bb3c, 0xb31b53d4, 0x4bf28d4b, 0xfb15d394,
        0x2a69b685, 0x8a5f96c3, 0xf79c3aaa, 0x3c133541, 0xf89e80f2, 0x7db4f204, 0xd7a0c621, 0xb5b0ae89,
        0xe562c046, 0x36312122, 0xc771b8b8, 0xcf7c28ae, 0xebc4ad0d, 0x6bce71c0, 0x4554e000, 0xc2511683,
        0x0cfeb753, 0x477b6475, 0x32b5580a, 0xa84cee3d, 0x2bcd6196, 0x6cc15b8e, 0x958c5202, 0x8d50bc8d,
        0xccf77bc8, 0x69e1f5b5, 0x9327af5f, 0xc4faebde, 0x8f7f38f8, 0x5421498a, 0x63c3e1d6, 0x07787423,
        0xe1e6b96e, 0xe3c93d1b, 0xb79f2afc, 0x9fae4661, 0x5101e7b1, 0xaf43c473, 0x66e34fed, 0x142259dc,
        0x8772a8ee, 0xcbf85186, 0xced8ffbd, 0x73129f4f, 0xdc260551, 0x528ab4d7, 0xbab214d1, 0x97a3d677,
        0x855d2c9b, 0x58a8a0b4, 0x887012b6, 0x9b2a3f49, 0xcd53acdb, 0x75b96212, 0xe74d4433, 0x4cfda705,
        0x1b20e384, 0xe4c61755, 0x96070164, 0xb414799a, 0x94288511, 0x256b0cdd, 0xd6041132, 0xaa636a48,
        0x626736c5, 0xfc1af9da, 0x39339b7a, 0xfdbe2ec9, 0xbf92baea, 0x9e0a9172, 0xde098124, 0xa4c50703,
        0xf2bc9491, 0x55859e99, 0x713d1b3a, 0x309adc7f, 0x3db7e252, 0xad6c4006, 0x76323174, 0x560ecdff,
        0x825206d5, 0x1d8b1ed9, 0xe84ffe6b, 0xb89d90a4, 0x29e2e5e3, 0xbdbd3e9f, 0xf3184382, 0x684522a6,
        0xa561d010, 0x2cc24bd8, 0x7e3fa162, 0x1fa49aac, 0x160ddda9, 0x425bca4e, 0xff91aabc, 0xda8df80c,
        0x46dfb366, 0x17a90aba, 0x0258da18, 0x5a8724c1, 0x7099cc29, 0x86d67ffd, 0x532e63c4, 0xc1da45e5,
        0x6f4a08e8, 0x087ace7b, 0xd58f4254, 0xa0417e2b, 0x2d669ccb, 0x3795f631, 0xa6ea8376, 0x1289a481,
        0xd10b3b7c, 0x7b1f0f59, 0x4a565a58, 0xabc7bd5b, 0x674798fe, 0xa74e5465, 0xd8a27c79, 0x341ea557,
        0x04f32745, 0x15868ecf, 0xe9eb2978, 0x81d955b3, 0xb93947b7, 0x3f986627, 0x0a554a0e, 0xf09310e4,
        0x83f6d1c6, 0x21ef75f5, 0xc07e92f6, 0x2f4918be, 0x61ec65a3, 0x89d4c5a5, 0x35ba7244, 0x6a6aa6d3,
        0x8edbefeb, 0x7f9b7671, 0x22642693, 0x79308b2c, 0x00775e6d, 0x43ff1d5d, 0x18abb0e2, 0xb09000b2,
        0x2eedcfad, 0xd280681a, 0x4ed22370, 0xb63bfdef, 0xe26dea08, 0x23c0f180, 0x44f03713, 0x9a8ee85a,
        0x0ed13326, 0xeccb8743, 0x590c77a7, 0x64cccb98, 0x274488a8, 0xbe366df9, 0x38974c69, 0xf41769cc,
        0xeee40336, 0xfe357daf, 0x91082b2a, 0x1e004dbf, 0x0557f056, 0xca5c8695, 0xef40d425, 0x50a530a2,
        0xe0426e7d, 0x8bfb41d0, 0xd42b9547, 0x7abbd84a, 0x57aa1aec, 0xb2bf84c7, 0x807d82a0, 0x3b1c1f0f,
        0xed6f5050, 0x84f9fb88, 0x72b6485c, 0xdd82d242, 0xc3f5c190, 0x3e3cb134, 0xd324bf09, 0x0bf19d1d,
        0x0f75e435, 0xd906ab6a, 0xfab10487, 0x78945c3f, 0x49dd093e, 0x90acfc39, 0x6eeedffb, 0x204ba2e6,
        0x741db501, 0x5b23f3d2, 0xdfad5637, 0x6d658c9d, 0x0d5a6040, 0xc87302e0, 0xa1e5a938, 0x5d880e8f,
        0xf137c7f7, 0x24cfdbce, 0x40744e3b, 0x5fa78afa, 0xf5b3bedf, 0x1c2fc9ca, 0x10a620f4, 0xa9e8392e,
        0x7c102517, 0x33118f19, 0xea607a1e, 0xdb292f1f, 0x1102f7e7, 0x06dca330, 0xc55e3ccd, 0xc6d56fab,
        0xa3ca2d4d, 0x4d597016, 0x01d3897e, 0x3ab8c81c, 0x26e05fbb, 0x5e035de9, 0x8cf46b9e, 0x284632f0,
        0x65681c8b, 0xe6e99320, 0xf93a57e1, 0x190f67f1, 0xbb16c3c2, 0xf638edb9, 0x313e0b6c, 0x9d81c214,
        0x7796e667, 0x09de1968, 0x4f76f463, 0x1a843497, 0xbc19e98c, 0xb134d7a1, 0xa26efa5e, 0x03fc0d0b,
        0x9c251507, 0xacc89715, 0xc9d7d5f3, 0x4879de2d, 0x6048b2b0, 0x132d7392, 0x5c2cd99c, 0x41d09928,
    },
    {
        0xab4d4f06, 0xe497062f, 0x112a961c, 0xb1b4c3b0, 0x8d483e40, 0x18ac2d59, 0xaea8c6bc, 0x9913f83d,
        0x459f98cc, 0x60cd5af1, 0x9fa1c2fc, 0xb83278f5, 0x57766470, 0x0bd31aaa, 0xfb8b0323, 0xf0ccc052,
        0x10bc5d53, 0x6528d34b, 0xd1ed409a, 0x9bd28009, 0xf7e831dc, 0xbaf300c1, 0xbc413a00, 0x21b55913,
        0x51c45eb1, 0x432da20d, 0xa81afc7d, 0x84ce8505, 0x5b15568f, 0x2b64512d, 0x3dfeef64, 0x7c86ec86,
        0xa00a8c77, 0x14cf1fa6, 0x2af29a62, 0x1f88dcd7, 0x812b0cbf, 0x667f6030, 0x8799367e, 0x49fcaa33,
        0xf67efa93, 0x962779b9, 0xadff75c7, 0x29a52919, 0x6d38a341, 0x8e1f8d3b, 0xc4204da8, 0x71731536,
        0x7a34d647, 0xf39b7329, 0xf4bf82a7, 0xc2927769, 0x486a617c, 0x55b71c44, 0x319ddd9b, 0x35ee9f6e,
        0x2e81d897, 0x91038837, 0xc304bc26, 0x7fd15ffd, 0xf94a7b17, 0x32ca6ee0, 0x5a839dc0, 0x73b26d02,
        0x97b1b2f6, 0xbdd7f14f, 0xd32c38ae, 0xed11bd6a, 0x8cdef50f, 0xdb3c48a4, 0xcef14596, 0xfe6e8a99,
        0x335ca5af, 0x4c192389, 0x0e369310, 0x78f5ae73, 0x7e4794b2, 0x92543b4c, 0x893b7cb5, 0xbb65cb8e,
        0x407a1176, 0xd75f7a5b, 0xcf678ed9, 0x620c22c5, 0x2023925c, 0x750057c3, 0x5c31a701, 0x77c12ff7,
        0x80bdc7f0, 0xdf4f0a51, 0x46c82bb7, 0xcda6f6ed, 0x85584e4a, 0x475ee0f8, 0x639ae98a, 0xefd0c55e,
        0x5da76c4e, 0x0094d9db, 0xc1c5c412, 0x193ae616, 0xec877625, 0x8f894674, 0x4d8fe8c6, 0x22e2ea68,
        0x6cae680e, 0x70e5de79, 0x2c40a0a3, 0x860ffd31, 0x56e0af3f, 0x6ff9db75, 0x9570cac2, 0x0cf7eb24,
        0x01021294, 0x1798acdd, 0x694be1b4, 0xf20db866, 0x3f3f9750, 0xdaaa83eb, 0xe962ff9f, 0x03c36aa0,
        0x615b91be, 0x0626e31a, 0xca820763, 0x381b66de, 0x1cdf6fac, 0xd59e026f, 0x127d2567, 0x2833e256,
        0xee460e11, 0x5842e5f4, 0xb4514a0a, 0xea354ce4, 0x1a6d556d, 0xa35d3f0c, 0x0fa0585f, 0xfcaff2ad,
        0xa19c4738, 0xc8437f57, 0xc0530f5d, 0x3b4cd5a5, 0xa98c3732, 0x5f66147a, 0x2f1713d8, 0xc6e1359c,
        0xd86bfbdf, 0x300b16d4, 0xaf3e0df3, 0x0a45d1e5, 0xded9c11e, 0x0912629e, 0xa6b8b6b6, 0x4f4e90f2,
        0x505295fe, 0x2dd66bec, 0xac69be88, 0x5293edca, 0x4aab1948, 0x93c2f003, 0xd07b8bd5, 0xbe804234,
        0x36b92c15, 0x1bfb9e22, 0xe7c0b554, 0xc777fed3, 0xfa1dc86c, 0x4b3dd207, 0xa2cbf443, 0xeba387ab,
        0xb9a4b3ba, 0x98853372, 0xf52949e8, 0x0884a9d1, 0xe3b3f7a1, 0x2450d0a9, 0xe2253cee, 0x398dad91,
        0xcb14cc2c, 0x7963653c, 0xcc303da2, 0x9e3709b3, 0x8bfa0481, 0x4ed85bbd, 0x5ef0df35, 0xe0e444da,
        0xb706f971, 0x372fe75a, 0x64be1804, 0x7d1027c9, 0x2691a89d, 0xa72e7df9, 0x9d60bac8, 0xb375bb84,
        0xe501cd60, 0xd408c920, 0x67e9ab7f, 0x41ecda39, 0xe8f434d0, 0x270763d2, 0x8a6ccfce, 0x88adb7fa,
        0x23742127, 0x7224a64d, 0xd2baf3e1, 0x44095383, 0x1e1e1798, 0xb02208ff, 0x160e6792, 0x0d61206b,
        0x07b02855, 0xf8dcb058, 0xfd3939e2, 0x6e6f103a, 0xd6c9b114, 0xa5ef05cd, 0xa479ce82, 0x90954378,
        0xe1728f95, 0x3c68242b, 0xfff841d6, 0x42bb6942, 0xb5c78145, 0x25c61be6, 0x05715061, 0x68dd2afb,
        0x3ada1eea, 0x6a1c52cf, 0x827cbfc4, 0xe6567e1b, 0xbf16897b, 0xc5b686e7, 0x5421d70b, 0x7ba21d08,
        0x3ea95c1f, 0xb690323e, 0x7657e4b8, 0xaadb8449, 0x1d49a4e3, 0xb2e370cb, 0x83ea748b, 0x04e79b2e,
        0x9cf67187, 0x34785421, 0xd9fd3090, 0xdc18b92a, 0x0255a1ef, 0x13ebee28, 0x9a444b46, 0x74969c8c,
        0xf15a0b1d, 0x94e6018d, 0xc9d5b418, 0xdd8e7265, 0x1559d4e9, 0x6b8a9980, 0x53052685, 0x59d42ebb,
    },
    {
        0xc57e5ab9, 0x4becfa4c, 0x8021e523, 0x46f64c16, 0x03a9f38c, 0xd5fd7e67, 0x4dd9fcb0, 0xbb719bcf,
        0x4484d07b, 0xbf36015e, 0x176d4dc3, 0xb7ebe7bd, 0x3ecc8b9c, 0x33d63dc6, 0x70bc84a0, 0x8f49cf14,
        0x29fa6396, 0xca16708e, 0xa768c363, 0x25601fe4, 0xc9e426cb, 0x022939a4, 0xf4815edb, 0xa2af93da,
        0x12aa1d7a, 0x151fd1ae, 0xf6f3c2b6, 0x5aef14ba, 0xf0c6c44a, 0x45041a53, 0x83d3b366, 0x40c34aea,
        0xd03a2ede, 0x23551918, 0x42b1d687, 0xf1460e62, 0x624d3c13, 0x6ed74061, 0x79e1a86b, 0xd60f2822,
        0x94e55b6c, 0xed5f56ce, 0x30246b83, 0x481eac09, 0x55873e8d, 0xb05e2b69, 0xabf2bf11, 0x3b0bdb25,
        0xc34b5c45, 0x2fcf656a, 0xa980237c, 0x180567f4, 0xded2cec1, 0x84667fb2, 0x3f4c41b4, 0x5407f4a5,
        0x0886432a, 0x2b88fffb, 0x1e306108, 0xef2dcaa3, 0xfc5cb838, 0xfddc7210, 0x09068902, 0x61bf6a56,
        0x4e2baaf5, 0x6b1010d8, 0x5f284403, 0x1a77fb99, 0x85e6b59a, 0xb883cd8a, 0xbcc4571b, 0xac4773c5,
        0x1985addc, 0x77094874, 0xb66b2d95, 0xa49a9526, 0x39794748, 0xb3ac7d2c, 0xb90307a2, 0x567568c8,
        0xb1dee141, 0x95659144, 0x0eb345d6, 0x8b0e5585, 0xe8980677, 0x81a12f0b, 0x9fcaebca, 0x287aa9be,
        0x603fa07e, 0x10d88117, 0xb419b1f8, 0x68e2469d, 0x897cc9e8, 0xc0b90a00, 0x7a13fe2e, 0xa15dc59f,
        0x9db877a7, 0x734ed2e5, 0xd1bae4f6, 0x51c0a41c, 0x4fab60dd, 0x9b8d715b, 0xda955450, 0x88fc03c0,
        0xf50194f3, 0x269249a1, 0xc68c0cfc, 0xf334920f, 0xeb6a5032, 0x5d5ad86e, 0xcc237672, 0xadc7b9ed,
        0x4c593698, 0xdf5204e9, 0x8cbb9951, 0xe918cc5f, 0xc70cc6d4, 0xf99be881, 0xa0dd0fb7, 0x6d251624,
        0xd3c8789b, 0x27128389, 0xa6e8094b, 0x5b6fde92, 0xb22cb704, 0xa51a5f0e, 0x935097b8, 0x0d411393,
        0x90a2c1fd, 0x78616243, 0xe045e094, 0x2e4faf42, 0x38f98d60, 0xe1c52abc, 0x8d3b5379, 0x64783aef,
        0xc2cb966d, 0x3463f112, 0xecdf9ce6, 0xeead008b, 0x7e5464bf, 0x3d3eddd9, 0x01db6fe1, 0x63cdf63b,
        0xfe2e2455, 0x1c42fd65, 0x5232f259, 0x757bd419, 0xc864ece3, 0xbd449d33, 0x132ad752, 0x5ea88e2b,
        0xa32f59f2, 0x7689825c, 0x8a8e9fad, 0xe7f02c40, 0xae35efa8, 0xe582b02d, 0x713c4e88, 0xd9670215,
        0xdca052ac, 0x7b933406, 0x24e0d5cc, 0x31a4a1ab, 0x11584b3f, 0xdb159e78, 0x414380c2, 0xce51ea1f,
        0x97170d29, 0x6f578a49, 0x1bf731b1, 0x987f271e, 0x2dbdf907, 0x7c26f8d2, 0x1fb0ab20, 0x57f5a2e0,
        0xd8e7c83d, 0x3256f7ee, 0x6a90daf0, 0xf81b22a9, 0x9c38bd8f, 0x7da632fa, 0xd47db44f, 0xfbe974ec,
        0x2a0835d3, 0x92d05d90, 0x6ca5dc0c, 0x9697c701, 0xf773089e, 0x4776863e, 0xeaea9a1a, 0xdd209884,
        0x43311caf, 0xfa69bec4, 0x8253794e, 0x36116d7f, 0xb5997bd0, 0xe2377cf9, 0xc139c028, 0x5cda1246,
        0x20a74f5d, 0x8614e3df, 0x21278575, 0xe3b7b6d1, 0xffaeee7d, 0x99ffed36, 0x0b74156f, 0xf2b45827,
        0x8ec9053c, 0xafb52580, 0x65f8f0c7, 0x22d5d330, 0x2c3d332f, 0xcb96baa6, 0xe4027a05, 0xd78fe20a,
        0x041c3f58, 0x0af4df47, 0x9a0dbb73, 0xe670e668, 0xa800e954, 0x589d88d7, 0x591d42ff, 0x660aa682,
        0x3cbe17f1, 0xbaf151e7, 0x9e4a21e2, 0x07ee691d, 0xd248b2b3, 0x0f338ffe, 0x4a6c3064, 0x005ba5c9,
        0x53b23871, 0x499e6621, 0x35e33b3a, 0x879429f7, 0x678a6caa, 0x3791a757, 0x91220bd5, 0xaa727539,
        0x50406e34, 0x3a8b110d, 0x059cf570, 0xbeb6cb76, 0x0cc1d9bb, 0x149f1b86, 0x72ce18cd, 0x69628cb5,
        0x7fd4ae97, 0x74fb1e31, 0x1dc2374d, 0xcda3bc5a, 0xc4fe9091, 0x16ed87eb, 0x066ea335, 0xcfd12037,
    },
    {
        0x3d12b96f, 0xc34598a1, 0xdbc42197, 0x0a3dfa33, 0xeb3f113b, 0xab4cd185, 0xda4153c5, 0x72038de3,
        0xaeae12fe, 0x9e552252, 0x8fe76ef4, 0x5c2805db, 0x04da7c53, 0xcda21ec1, 0xf00d6ad4, 0x68b4845e,
        0x2071c322, 0x31c38f84, 0xe1bf2672, 0x0e5a4b1a, 0xc173282a, 0x16dbf22c, 0xb3cd68b3, 0xc840ddba,
        0xe7ee27d0, 0x2d25879b, 0x49fdf854, 0xbcaf9c81, 0x618771ce, 0x4facf9f6, 0x224773a9, 0x030e0fa3,
        0x37928e26, 0x65e0c0e7, 0x156830f5, 0x8100e894, 0xfcdc5c3f, 0x1b8fb695, 0x9de6e08b, 0x028b7df1,
        0x5bfc762b, 0xb8c82da8, 0xe20ce4ab, 0xe66b5582, 0x06ecccd8, 0xd4a6d5a5, 0x9bb7e129, 0x8751e936,
        0x42f8bd4f, 0xb1fbd838, 0x76643cca, 0x4c1f3b2f, 0x7883baaa, 0x13393157, 0x4e298ba4, 0xed6e1099,
        0x40ce0dc4, 0x437dcf1d, 0x35a43ead, 0x2f133710, 0xdfa390be, 0xf93e9f44, 0x3046fdd6, 0xeaba6369,
        0x6234b317, 0xf23bda5f, 0xeceb62cb, 0x50f93330, 0x175e807e, 0xb07eaa6a, 0xf5efa9af, 0x6002039c,
        0x8e621ca6, 0x71b04f3a, 0x48788a06, 0x0769be8a, 0x90b2a432, 0x7906c8f8, 0x12bc4305, 0x294236b2,
        0x5a790479, 0xad1dd027, 0xca766d31, 0xb7aad99a, 0x517c4162, 0x75d7fe13, 0x3617fc74, 0x52cf83bb,
        0xa97a610e, 0x00bdcd7a, 0x4a4e3a8d, 0x7d6179d1, 0x27a5b0d2, 0xff6f9ee6, 0x86d49b64, 0x33f53f0f,
        0xa27f2415, 0x080b4ab8, 0x2b748639, 0x452ccebf, 0x3f2409e4, 0xfd592e6d, 0xd690652e, 0x5e1eb550,
        0x2af1f46b, 0x39750846, 0x6cd33577, 0x7ed2bb08, 0xa618953c, 0xa1cce6cc, 0x414b7f96, 0x14ed42a7,
        0x25930059, 0xb94d5ffa, 0x32704d5d, 0x4bcb48df, 0xcf94ae4a, 0x19b9061e, 0x96e3a590, 0x70353d68,
        0xa79de76e, 0x7ab50a21, 0x998151a2, 0xaf2b60ac, 0xc0f65a78, 0x2e964542, 0xef58a012, 0x980423f0,
        0x6f60f7ae, 0x3c97cb3d, 0xb4191b43, 0x8dd1de7f, 0x1c5bc565, 0xa8ff135c, 0x6b074687, 0xe88cd3e2,
        0x56a83292, 0x1e6d75ee, 0xe45de509, 0x84e22bef, 0x2ca0f5c9, 0xbd2aeed3, 0x572d40c0, 0xbafe9d23,
        0x6ee585fc, 0xd0c1648c, 0x82b32a4d, 0xe38996f9, 0xf46adbfd, 0x9c6392d9, 0x8b80dfdd, 0x055f0e01,
        0x28c744e0, 0xbb7bef71, 0xac98a275, 0x3ac6ca9f, 0x584fb4f2, 0xe03a5420, 0x95506749, 0x549e8219,
        0x0c6cfb91, 0xfa8d5d9d, 0x9a32937b, 0x9766d7c2, 0x2620c280, 0x7f57c95a, 0x59cac6a0, 0x6465b2b5,
        0x1a0ac4c7, 0x94d5151b, 0xd523a7f7, 0xdc105267, 0xdd952035, 0x6653023e, 0x9fd05000, 0x3b43b8cd,
        0x471a7e34, 0x110f81dc, 0x3ea17bb6, 0x21f4b170, 0xf3bea80d, 0xd372a655, 0xe5d8975b, 0x534af1e9,
        0xf8bbed16, 0xd14416de, 0x0de989c3, 0x7b307873, 0x469f0c66, 0x4d9a497d, 0xc9c5afe8, 0xb59c6911,
        0xfeeaecb4, 0x38f07a14, 0xaac9a3d7, 0xd9f2911c, 0xe909a1b0, 0xa3fa5647, 0x1fe807bc, 0xa5ab57e5,
        0xb2481ae1, 0x80859ac6, 0x8a05ad8f, 0xce11dc18, 0xf7d91924, 0xd877e34e, 0xc5149903, 0xc7222988,
        0xa049949e, 0x63b1c145, 0x7ce40b83, 0xde26e2ec, 0x7386ffb1, 0xcc276c93, 0x8c54ac2d, 0xf65c6b76,
        0xa42e25b7, 0x44a9bced, 0x098e38ea, 0x0fdf3948, 0x856759bd, 0x89b66f56, 0xd715177c, 0xbe992c0a,
        0x8336581f, 0xeeddd240, 0x2416720b, 0x34214cff, 0x6a8234d5, 0x551bf04b, 0xf1881886, 0x928414b9,
        0x6d564725, 0x74528c41, 0xbf1c5e58, 0x108af38e, 0xc491eb51, 0x5dad7789, 0x77e14e98, 0xfb082fcf,
        0x6931f60c, 0x67d6706c, 0xd2f7d407, 0x1ddeb737, 0x930166eb, 0x0138bf28, 0x183c744c, 0xb62fabc8,
        0x88331d04, 0x23c201fb, 0xc2c0eaf3, 0x5f9bc702, 0xcbf31f63, 0x9137d660, 0x0bb88861, 0xc6a75bda,
    },
};

extern const unsigned char wb_aes_table_2[16][256] = {
    {
        0x7e, 0x74, 0x6a, 0x60, 0x6b, 0x61, 0x7f, 0x75, 0xb0, 0xba, 0xa4, 0xae, 0xa5, 0xaf, 0xb1, 0xbb,
        0x4e, 0x44, 0x5a, 0x50, 0x5b, 0x51, 0x4f, 0x45, 0x80, 0x8a, 0x94, 0x9e, 0x95, 0x9f, 0x81, 0x8b,
        0x4b, 0x41, 0x5f, 0x55, 0x5e, 0x54, 0x4a, 0x40, 0x85, 0x8f, 0x91, 0x9b, 0x90, 0x9a, 0x84, 0x8e,
        0x7b, 0x71, 0x6f, 0x65, 0x6e, 0x64, 0x7a, 0x70, 0xb5, 0xbf, 0xa1, 0xab, 0xa0, 0xaa, 0xb4, 0xbe,
        0xac, 0xa6, 0xb8, 0xb2, 0xb9, 0xb3, 0xad, 0xa7, 0x62, 0x68, 0x76, 0x7c, 0x77, 0x7d, 0x63, 0x69,
        0x9c, 0x96, 0x88, 0x82, 0x89, 0x83, 0x9d, 0x97, 0x52, 0x58, 0x46, 0x4c, 0x47, 0x4d, 0x53, 0x59,
        0x99, 0x93, 0x8d, 0x87, 0x8c, 0x86, 0x98, 0x92, 0x57, 0x5d, 0x43, 0x49, 0x42, 0x48, 0x56, 0x5c,
        0xa9, 0xa3, 0xbd, 0xb7, 0xbc, 0xb6, 0xa8, 0xa2, 0x67, 0x6d, 0x73, 0x79, 0x72, 0x78, 0x66, 0x6c,
        0x04, 0x0e, 0x10, 0x1a, 0x11, 0x1b, 0x05, 0x0f, 0xca, 0xc0, 0xde, 0xd4, 0xdf, 0xd5, 0xcb, 0xc1,
        0x34, 0x3e, 0x20, 0x2a, 0x21, 0x2b, 0x35, 0x3f, 0xfa, 0xf0, 0xee, 0xe4, 0xef, 0xe5, 0xfb, 0xf1,
        0x31, 0x3b, 0x25, 0x2f, 0x24, 0x2e, 0x30, 0x3a, 0xff, 0xf5, 0xeb, 0xe1, 0xea, 0xe0, 0xfe, 0xf4,
        0x01, 0x0b, 0x15, 0x1f, 0x14, 0x1e, 0x00, 0x0a, 0xcf, 0xc5, 0xdb, 0xd1, 0xda, 0xd0, 0xce, 0xc4,
        0xd6, 0xdc, 0xc2, 0xc8, 0xc3, 0xc9, 0xd7, 0xdd, 0x18, 0x12, 0x0c, 0x06, 0x0d, 0x07, 0x19, 0x13,
        0xe6, 0xec, 0xf2, 0xf8, 0xf3, 0xf9, 0xe7, 0xed, 0x28, 0x22, 0x3c, 0x36, 0x3d, 0x37, 0x29, 0x23,
        0xe3, 0xe9, 0xf7, 0xfd, 0xf6, 0xfc, 0xe2, 0xe8, 0x2d, 0x27, 0x39, 0x33, 0x38, 0x32, 0x2c, 0x26,
        0xd3, 0xd9, 0xc7, 0xcd, 0xc6, 0xcc, 0xd2, 0xd8, 0x1d, 0x17, 0x09, 0x03, 0x08, 0x02, 0x1c, 0x16,
    },
    {
        0xdf, 0xfb, 0x48, 0x6c, 0x2b, 0x0f, 0xbc, 0x98, 0xd2, 0xf6, 0x45, 0x61, 0x26, 0x02, 0xb1, 0x95,
        0xec, 0xc8, 0x7b, 0x5f, 0x18, 0x3c, 0x8f, 0xab, 0xe1, 0xc5, 0x76, 0x52, 0x15, 0x31, 0x82, 0xa6,
        0x9b, 0xbf, 0x0c, 0x28, 0x6f, 0x4b, 0xf8, 0xdc, 0x96, 0xb2, 0x01, 0x25, 0x62, 0x46, 0xf5, 0xd1,
        0xa8, 0x8c, 0x3f, 0x1b, 0x5c, 0x78, 0xcb, 0xef, 0xa5, 0x81, 0x32, 0x16, 0x51, 0x75, 0xc6, 0xe2,
        0xc9, 0xed, 0x5e, 0x7a, 0x3d, 0x19, 0xaa, 0x8e, 0xc4, 0xe0, 0x53, 0x77, 0x30, 0x14, 0xa7, 0x83,
        0xfa, 0xde, 0x6d, 0x49, 0x0e, 0x2a, 0x99, 0xbd, 0xf7, 0xd3, 0x60, 0x44, 0x03, 0x27, 0x94, 0xb0,
        0x8d, 0xa9, 0x1a, 0x3e, 0x79, 0x5d, 0xee, 0xca, 0x80, 0xa4, 0x17, 0x33, 0x74, 0x50, 0xe3, 0xc7,
        0xbe, 0x9a, 0x29, 0x0d, 0x4a, 0x6e, 0xdd, 0xf9, 0xb3, 0x97, 0x24, 0x00, 0x47, 0x63, 0xd0, 0xf4,
        0x05, 0x21, 0x92, 0xb6, 0xf1, 0xd5, 0x66, 0x42, 0x08, 0x2c, 0x9f, 0xbb, 0xfc, 0xd8, 0x6b, 0x4f,
        0x36, 0x12, 0xa1, 0x85, 0xc2, 0xe6, 0x55, 0x71, 0x3b, 0x1f, 0xac, 0x88, 0xcf, 0xeb, 0x58, 0x7c,
        0x41, 0x65, 0xd6, 0xf2, 0xb5, 0x91, 0x22, 0x06, 0x4c, 0x68, 0xdb, 0xff, 0xb8, 0x9c, 0x2f, 0x0b,
        0x72, 0x56, 0xe5, 0xc1, 0x86, 0xa2, 0x11, 0x35, 0x7f, 0x5b, 0xe8, 0xcc, 0x8b, 0xaf, 0x1c, 0x38,
        0x13, 0x37, 0x84, 0xa0, 0xe7, 0xc3, 0x70, 0x54, 0x1e, 0x3a, 0x89, 0xad, 0xea, 0xce, 0x7d, 0x59,
        0x20, 0x04, 0xb7, 0x93, 0xd4, 0xf0, 0x43, 0x67, 0x2d, 0x09, 0xba, 0x9e, 0xd9, 0xfd, 0x4e, 0x6a,
        0x57, 0x73, 0xc0, 0xe4, 0xa3, 0x87, 0x34, 0x10, 0x5a, 0x7e, 0xcd, 0xe9, 0xae, 0x8a, 0x39, 0x1d,
        0x64, 0x40, 0xf3, 0xd7, 0x90, 0xb4, 0x07, 0x23, 0x69, 0x4d, 0xfe, 0xda, 0x9d, 0xb9, 0x0a, 0x2e,
    },
    {
        0xf1, 0xf2, 0xbe, 0xbd, 0xc7, 0xc4, 0x88, 0x8b, 0xd7, 0xd4, 0x98, 0x9b, 0xe1, 0xe2, 0xae, 0xad,
        0x5b, 0x58, 0x14, 0x17, 0x6d, 0x6e, 0x22, 0x21, 0x7d, 0x7e, 0x32, 0x31, 0x4b, 0x48, 0x04, 0x07,
        0x54, 0x57, 0x1b, 0x18, 0x62, 0x61, 0x2d, 0x2e, 0x72, 0x71, 0x3d, 0x3e, 0x44, 0x47, 0x0b, 0x08,
        0xfe, 0xfd, 0xb1, 0xb2, 0xc8, 0xcb, 0x87, 0x84, 0xd8, 0xdb, 0x97, 0x94, 0xee, 0xed, 0xa1, 0xa2,
        0xaf, 0xac, 0xe0, 0xe3, 0x99, 0x9a, 0xd6, 0xd5, 0x89, 0x8a, 0xc6, 0xc5, 0xbf, 0xbc, 0xf0, 0xf3,
        0x05, 0x06, 0x4a, 0x49, 0x33, 0x30, 0x7c, 0x7f, 0x23, 0x20, 0x6c, 0x6f, 0x15, 0x16, 0x5a, 0x59,
        0x0a, 0x09, 0x45, 0x46, 0x3c, 0x3f, 0x73, 0x70, 0x2c, 0x2f, 0x63, 0x60, 0x1a, 0x19, 0x55, 0x56,
        0xa0, 0xa3, 0xef, 0xec, 0x96, 0x95, 0xd9, 0xda, 0x86, 0x85, 0xc9, 0xca, 0xb0, 0xb3, 0xff, 0xfc,
        0xc2, 0xc1, 0x8d, 0x8e, 0xf4, 0xf7, 0xbb, 0xb8, 0xe4, 0xe7, 0xab, 0xa8, 0xd2, 0xd1, 0x9d, 0x9e,
        0x68, 0x6b, 0x27, 0x24, 0x5e, 0x5d, 0x11, 0x12, 0x4e, 0x4d, 0x01, 0x02, 0x78, 0x7b, 0x37, 0x34,
        0x67, 0x64, 0x28, 0x2b, 0x51, 0x52, 0x1e, 0x1d, 0x41, 0x42, 0x0e, 0x0d, 0x77, 0x74, 0x38, 0x3b,
        0xcd, 0xce, 0x82, 0x81, 0xfb, 0xf8, 0xb4, 0xb7, 0xeb, 0xe8, 0xa4, 0xa7, 0xdd, 0xde, 0x92, 0x91,
        0x9c, 0x9f, 0xd3, 0xd0, 0xaa, 0xa9, 0xe5, 0xe6, 0xba, 0xb9, 0xf5, 0xf6, 0x8c, 0x8f, 0xc3, 0xc0,
        0x36, 0x35, 0x79, 0x7a, 0x00, 0x03, 0x4f, 0x4c, 0x10, 0x13, 0x5f, 0x5c, 0x26, 0x25, 0x69, 0x6a,
        0x39, 0x3a, 0x76, 0x75, 0x0f, 0x0c, 0x40, 0x43, 0x1f, 0x1c, 0x50, 0x53, 0x29, 0x2a, 0x66, 0x65,
        0x93, 0x90, 0xdc, 0xdf, 0xa5, 0xa6, 0xea, 0xe9, 0xb5, 0xb6, 0xfa, 0xf9, 0x83, 0x80, 0xcc, 0xcf,
    },
    {
        0x63, 0x58, 0x28, 0x13, 0x15, 0x2e, 0x5e, 0x65, 0x56, 0x6d, 0x1d, 0x26, 0x20, 0x1b, 0x6b, 0x50,
        0x9d, 0xa6, 0xd6, 0xed, 0xeb, 0xd0, 0xa0, 0x9b, 0xa8, 0x93, 0xe3, 0xd8, 0xde, 0xe5, 0x95, 0xae,
        0x47, 0x7c, 0x0c, 0x37, 0x31, 0x0a, 0x7a, 0x41, 0x72, 0x49, 0x39, 0x02, 0x04, 0x3f, 0x4f, 0x74,
        0xb9, 0x82, 0xf2, 0xc9, 0xcf, 0xf4, 0x84, 0xbf, 0x8c, 0xb7, 0xc7, 0xfc, 0xfa, 0xc1, 0xb1, 0x8a,
        0xc2, 0xf9, 0x89, 0xb2, 0xb4, 0x8f, 0xff, 0xc4, 0xf7, 0xcc, 0xbc, 0x87, 0x81, 0xba, 0xca, 0xf1,
        0x3c, 0x07, 0x77, 0x4c, 0x4a, 0x71, 0x01, 0x3a, 0x09, 0x32, 0x42, 0x79, 0x7f, 0x44, 0x34, 0x0f,
        0xe6, 0xdd, 0xad, 0x96, 0x90, 0xab, 0xdb, 0xe0, 0xd3, 0xe8, 0x98, 0xa3, 0xa5, 0x9e, 0xee, 0xd5,
        0x18, 0x23, 0x53, 0x68, 0x6e, 0x55, 0x25, 0x1e, 0x2d, 0x16, 0x66, 0x5d, 0x5b, 0x60, 0x10, 0x2b,
        0x0e, 0x35, 0x45, 0x7e, 0x78, 0x43, 0x33, 0x08, 0x3b, 0x00, 0x70, 0x4b, 0x4d, 0x76, 0x06, 0x3d,
        0xf0, 0xcb, 0xbb, 0x80, 0x86, 0xbd, 0xcd, 0xf6, 0xc5, 0xfe, 0x8e, 0xb5, 0xb3, 0x88, 0xf8, 0xc3,
        0x2a, 0x11, 0x61, 0x5a, 0x5c, 0x67, 0x17, 0x2c, 0x1f, 0x24, 0x54, 0x6f, 0x69, 0x52, 0x22, 0x19,
        0xd4, 0xef, 0x9f, 0xa4, 0xa2, 0x99, 0xe9, 0xd2, 0xe1, 0xda, 0xaa, 0x91, 0x97, 0xac, 0xdc, 0xe7,
        0xaf, 0x94, 0xe4, 0xdf, 0xd9, 0xe2, 0x92, 0xa9, 0x9a, 0xa1, 0xd1, 0xea, 0xec, 0xd7, 0xa7, 0x9c,
        0x51, 0x6a, 0x1a, 0x21, 0x27, 0x1c, 0x6c, 0x57, 0x64, 0x5f, 0x2f, 0x14, 0x12, 0x29, 0x59, 0x62,
        0x8b, 0xb0, 0xc0, 0xfb, 0xfd, 0xc6, 0xb6, 0x8d, 0xbe, 0x85, 0xf5, 0xce, 0xc8, 0xf3, 0x83, 0xb8,
        0x75, 0x4e, 0x3e, 0x05, 0x03, 0x38, 0x48, 0x73, 0x40, 0x7b, 0x0b, 0x30, 0x36, 0x0d, 0x7d, 0x46,
    },
    {
        0x74, 0x49, 0xb6, 0x8b, 0x6f, 0x52, 0xad, 0x90, 0xf2, 0xcf, 0x30, 0x0d, 0xe9, 0xd4, 0x2b, 0x16,
        0x62, 0x5f, 0xa0, 0x9d, 0x79, 0x44, 0xbb, 0x86, 0xe4, 0xd9, 0x26, 0x1b, 0xff, 0xc2, 0x3d, 0x00,
        0x40, 0x7d, 0x82, 0xbf, 0x5b, 0x66, 0x99, 0xa4, 0xc6, 0xfb, 0x04, 0x39, 0xdd, 0xe0, 0x1f, 0x22,
        0x56, 0x6b, 0x94, 0xa9, 0x4d, 0x70, 0x8f, 0xb2, 0xd0, 0xed, 0x12, 0x2f, 0xcb, 0xf6, 0x09, 0x34,
        0x28, 0x15, 0xea, 0xd7, 0x33, 0x0e, 0xf1, 0xcc, 0xae, 0x93, 0x6c, 0x51, 0xb5, 0x88, 0x77, 0x4a,
        0x3e, 0x03, 0xfc, 0xc1, 0x25, 0x18, 0xe7, 0xda, 0xb8, 0x85, 0x7a, 0x47, 0xa3, 0x9e, 0x61, 0x5c,
        0x1c, 0x21, 0xde, 0xe3, 0x07, 0x3a, 0xc5, 0xf8, 0x9a, 0xa7, 0x58, 0x65, 0x81, 0xbc, 0x43, 0x7e,
        0x0a, 0x37, 0xc8, 0xf5, 0x11, 0x2c, 0xd3, 0xee, 0x8c, 0xb1, 0x4e, 0x73, 0x97, 0xaa, 0x55, 0x68,
        0x35, 0x08, 0xf7, 0xca, 0x2e, 0x13, 0xec, 0xd1, 0xb3, 0x8e, 0x71, 0x4c, 0xa8, 0x95, 0x6a, 0x57,
        0x23, 0x1e, 0xe1, 0xdc, 0x38, 0x05, 0xfa, 0xc7, 0xa5, 0x98, 0x67, 0x5a, 0xbe, 0x83, 0x7c, 0x41,
        0x01, 0x3c, 0xc3, 0xfe, 0x1a, 0x27, 0xd8, 0xe5, 0x87, 0xba, 0x45, 0x78, 0x9c, 0xa1, 0x5e, 0x63,
        0x17, 0x2a, 0xd5, 0xe8, 0x0c, 0x31, 0xce, 0xf3, 0x91, 0xac, 0x53, 0x6e, 0x8a, 0xb7, 0x48, 0x75,
        0x69, 0x54, 0xab, 0x96, 0x72, 0x4f, 0xb0, 0x8d, 0xef, 0xd2, 0x2d, 0x10, 0xf4, 0xc9, 0x36, 0x0b,
        0x7f, 0x42, 0xbd, 0x80, 0x64, 0x59, 0xa6, 0x9b, 0xf9, 0xc4, 0x3b, 0x06, 0xe2, 0xdf, 0x20, 0x1d,
        0x5d, 0x60, 0x9f, 0xa2, 0x46, 0x7b, 0x84, 0xb9, 0xdb, 0xe6, 0x19, 0x24, 0xc0, 0xfd, 0x02, 0x3f,
        0x4b, 0x76, 0x89, 0xb4, 0x50, 0x6d, 0x92, 0xaf, 0xcd, 0xf0, 0x0f, 0x32, 0xd6, 0xeb, 0x14, 0x29,
    },
    {
        0x46, 0x63, 0x1e, 0x3b, 0xc6, 0xe3, 0x9e, 0xbb, 0xd8, 0xfd, 0x80, 0xa5, 0x58, 0x7d, 0x00, 0x25,
        0x7b, 0x5e, 0x23, 0x06, 0xfb, 0xde, 0xa3, 0x86, 0xe5, 0xc0, 0xbd, 0x98, 0x65, 0x40, 0x3d, 0x18,
        0xae, 0x8b, 0xf6, 0xd3, 0x2e, 0x0b, 0x76, 0x53, 0x30, 0x15, 0x68, 0x4d, 0xb0, 0x95, 0xe8, 0xcd,
        0x93, 0xb6, 0xcb, 0xee, 0x13, 0x36, 0x4b, 0x6e, 0x0d, 0x28, 0x55, 0x70, 0x8d, 0xa8, 0xd5, 0xf0,
        0x96, 0xb3, 0xce, 0xeb, 0x16, 0x33, 0x4e, 0x6b, 0x08, 0x2d, 0x50, 0x75, 0x88, 0xad, 0xd0, 0xf5,
        0xab, 0x8e, 0xf3, 0xd6, 0x2b, 0x0e, 0x73, 0x56, 0x35, 0x10, 0x6d, 0x48, 0xb5, 0x90, 0xed, 0xc8,
        0x7e, 0x5b, 0x26, 0x03, 0xfe, 0xdb, 0xa6, 0x83, 0xe0, 0xc5, 0xb8, 0x9d, 0x60, 0x45, 0x38, 0x1d,
        0x43, 0x66, 0x1b, 0x3e, 0xc3, 0xe6, 0x9b, 0xbe, 0xdd, 0xf8, 0x85, 0xa0, 0x5d, 0x78, 0x05, 0x20,
        0x01, 0x24, 0x59, 0x7c, 0x81, 0xa4, 0xd9, 0xfc, 0x9f, 0xba, 0xc7, 0xe2, 0x1f, 0x3a, 0x47, 0x62,
        0x3c, 0x19, 0x64, 0x41, 0xbc, 0x99, 0xe4, 0xc1, 0xa2, 0x87, 0xfa, 0xdf, 0x22, 0x07, 0x7a, 0x5f,
        0xe9, 0xcc, 0xb1, 0x94, 0x69, 0x4c, 0x31, 0x14, 0x77, 0x52, 0x2f, 0x0a, 0xf7, 0xd2, 0xaf, 0x8a,
        0xd4, 0xf1, 0x8c, 0xa9, 0x54, 0x71, 0x0c, 0x29, 0x4a, 0x6f, 0x12, 0x37, 0xca, 0xef, 0x92, 0xb7,
        0xd1, 0xf4, 0x89, 0xac, 0x51, 0x74, 0x09, 0x2c, 0x4f, 0x6a, 0x17, 0x32, 0xcf, 0xea, 0x97, 0xb2,
        0xec, 0xc9, 0xb4, 0x91, 0x6c, 0x49, 0x34, 0x11, 0x72, 0x57, 0x2a, 0x0f, 0xf2, 0xd7, 0xaa, 0x8f,
        0x39, 0x1c, 0x61, 0x44, 0xb9, 0x9c, 0xe1, 0xc4, 0xa7, 0x82, 0xff, 0xda, 0x27, 0x02, 0x7f, 0x5a,
        0x04, 0x21, 0x5c, 0x79, 0x84, 0xa1, 0xdc, 0xf9, 0x9a, 0xbf, 0xc2, 0xe7, 0x1a, 0x3f, 0x42, 0x67,
    },
    {
        0x47, 0xa9, 0xd0, 0x3e, 0x79, 0x97, 0xee, 0x00, 0x06, 0xe8, 0x91, 0x7f, 0x38, 0xd6, 0xaf, 0x41,
        0x89, 0x67, 0x1e, 0xf0, 0xb7, 0x59, 0x20, 0xce, 0xc8, 0x26, 0x5f, 0xb1, 0xf6, 0x18, 0x61, 0x8f,
        0x55, 0xbb, 0xc2, 0x2c, 0x6b, 0x85, 0xfc, 0x12, 0x14, 0xfa, 0x83, 0x6d, 0x2a, 0xc4, 0xbd, 0x53,
        0x9b, 0x75, 0x0c, 0xe2, 0xa5, 0x4b, 0x32, 0xdc, 0xda, 0x34, 0x4d, 0xa3, 0xe4, 0x0a, 0x73, 0x9d,
        0xc5, 0x2b, 0x52, 0xbc, 0xfb, 0x15, 0x6c, 0x82, 0x84, 0x6a, 0x13, 0xfd, 0xba, 0x54, 0x2d, 0xc3,
        0x0b, 0xe5, 0x9c, 0x72, 0x35, 0xdb, 0xa2, 0x4c, 0x4a, 0xa4, 0xdd, 0x33, 0x74, 0x9a, 0xe3, 0x0d,
        0xd7, 0x39, 0x40, 0xae, 0xe9, 0x07, 0x7e, 0x90, 0x96, 0x78, 0x01, 0xef, 0xa8, 0x46, 0x3f, 0xd1,
        0x19, 0xf7, 0x8e, 0x60, 0x27, 0xc9, 0xb0, 0x5e, 0x58, 0xb6, 0xcf, 0x21, 0x66, 0x88, 0xf1, 0x1f,
        0x69, 0x87, 0xfe, 0x10, 0x57, 0xb9, 0xc0, 0x2e, 0x28, 0xc6, 0xbf, 0x51, 0x16, 0xf8, 0x81, 0x6f,
        0xa7, 0x49, 0x30, 0xde, 0x99, 0x77, 0x0e, 0xe0, 0xe6, 0x08, 0x71, 0x9f, 0xd8, 0x36, 0x4f, 0xa1,
        0x7b, 0x95, 0xec, 0x02, 0x45, 0xab, 0xd2, 0x3c, 0x3a, 0xd4, 0xad, 0x43, 0x04, 0xea, 0x93, 0x7d,
        0xb5, 0x5b, 0x22, 0xcc, 0x8b, 0x65, 0x1c, 0xf2, 0xf4, 0x1a, 0x63, 0x8d, 0xca, 0x24, 0x5d, 0xb3,
        0xeb, 0x05, 0x7c, 0x92, 0xd5, 0x3b, 0x42, 0xac, 0xaa, 0x44, 0x3d, 0xd3, 0x94, 0x7a, 0x03, 0xed,
        0x25, 0xcb, 0xb2, 0x5c, 0x1b, 0xf5, 0x8c, 0x62, 0x64, 0x8a, 0xf3, 0x1d, 0x5a, 0xb4, 0xcd, 0x23,
        0xf9, 0x17, 0x6e, 0x80, 0xc7, 0x29, 0x50, 0xbe, 0xb8, 0x56, 0x2f, 0xc1, 0x86, 0x68, 0x11, 0xff,
        0x37, 0xd9, 0xa0, 0x4e, 0x09, 0xe7, 0x9e, 0x70, 0x76, 0x98, 0xe1, 0x0f, 0x48, 0xa6, 0xdf, 0x31,
    },
    {
        0xed, 0x7e, 0x4b, 0xd8, 0x51, 0xc2, 0xf7, 0x64, 0xb9, 0x2a, 0x1f, 0x8c, 0x05, 0x96, 0xa3, 0x30,
        0x6f, 0xfc, 0xc9, 0x5a, 0xd3, 0x40, 0x75, 0xe6, 0x3b, 0xa8, 0x9d, 0x0e, 0x87, 0x14, 0x21, 0xb2,
        0x84, 0x17, 0x22, 0xb1, 0x38, 0xab, 0x9e, 0x0d, 0xd0, 0x43, 0x76, 0xe5, 0x6c, 0xff, 0xca, 0x59,
        0x06, 0x95, 0xa0, 0x33, 0xba, 0x29, 0x1c, 0x8f, 0x52, 0xc1, 0xf4, 0x67, 0xee, 0x7d, 0x48, 0xdb,
        0x3d, 0xae, 0x9b, 0x08, 0x81, 0x12, 0x27, 0xb4, 0x69, 0xfa, 0xcf, 0x5c, 0xd5, 0x46, 0x73, 0xe0,
        0xbf, 0x2c, 0x19, 0x8a, 0x03, 0x90, 0xa5, 0x36, 0xeb, 0x78, 0x4d, 0xde, 0x57, 0xc4, 0xf1, 0x62,
        0x54, 0xc7, 0xf2, 0x61, 0xe8, 0x7b, 0x4e, 0xdd, 0x00, 0x93, 0xa6, 0x35, 0xbc, 0x2f, 0x1a, 0x89,
        0xd6, 0x45, 0x70, 0xe3, 0x6a, 0xf9, 0xcc, 0x5f, 0x82, 0x11, 0x24, 0xb7, 0x3e, 0xad, 0x98, 0x0b,
        0xe7, 0x74, 0x41, 0xd2, 0x5b, 0xc8, 0xfd, 0x6e, 0xb3, 0x20, 0x15, 0x86, 0x0f, 0x9c, 0xa9, 0x3a,
        0x65, 0xf6, 0xc3, 0x50, 0xd9, 0x4a, 0x7f, 0xec, 0x31, 0xa2, 0x97, 0x04, 0x8d, 0x1e, 0x2b, 0xb8,
        0x8e, 0x1d, 0x28, 0xbb, 0x32, 0xa1, 0x94, 0x07, 0xda, 0x49, 0x7c, 0xef, 0x66, 0xf5, 0xc0, 0x53,
        0x0c, 0x9f, 0xaa, 0x39, 0xb0, 0x23, 0x16, 0x85, 0x58, 0xcb, 0xfe, 0x6d, 0xe4, 0x77, 0x42, 0xd1,
        0x37, 0xa4, 0x91, 0x02, 0x8b, 0x18, 0x2d, 0xbe, 0x63, 0xf0, 0xc5, 0x56, 0xdf, 0x4c, 0x79, 0xea,
        0xb5, 0x26, 0x13, 0x80, 0x09, 0x9a, 0xaf, 0x3c, 0xe1, 0x72, 0x47, 0xd4, 0x5d, 0xce, 0xfb, 0x68,
        0x5e, 0xcd, 0xf8, 0x6b, 0xe2, 0x71, 0x44, 0xd7, 0x0a, 0x99, 0xac, 0x3f, 0xb6, 0x25, 0x10, 0x83,
        0xdc, 0x4f, 0x7a, 0xe9, 0x60, 0xf3, 0xc6, 0x55, 0x88, 0x1b, 0x2e, 0xbd, 0x34, 0xa7, 0x92, 0x01,
    },
    {
        0x46, 0xf1, 0x0f, 0xb8, 0xb6, 0x01, 0xff, 0x48, 0x88, 0x3f, 0xc1, 0x76, 0x78, 0xcf, 0x31, 0x86,
        0x2d, 0x9a, 0x64, 0xd3, 0xdd, 0x6a, 0x94, 0x23, 0xe3, 0x54, 0xaa, 0x1d, 0x13, 0xa4, 0x5a, 0xed,
        0xf8, 0x4f, 0xb1, 0x06, 0x08, 0xbf, 0x41, 0xf6, 0x36, 0x81, 0x7f, 0xc8, 0xc6, 0x71, 0x8f, 0x38,
        0x93, 0x24, 0xda, 0x6d, 0x63, 0xd4, 0x2a, 0x9d, 0x5d, 0xea, 0x14, 0xa3, 0xad, 0x1a, 0xe4, 0x53,
        0x96, 0x21, 0xdf, 0x68, 0x66, 0xd1, 0x2f, 0x98, 0x58, 0xef, 0x11, 0xa6, 0xa8, 0x1f, 0xe1, 0x56,
        0xfd, 0x4a, 0xb4, 0x03, 0x0d, 0xba, 0x44, 0xf3, 0x33, 0x84, 0x7a, 0xcd, 0xc3, 0x74, 0x8a, 0x3d,
        0x28, 0x9f, 0x61, 0xd6, 0xd8, 0x6f, 0x91, 0x26, 0xe6, 0x51, 0xaf, 0x18, 0x16, 0xa1, 0x5f, 0xe8,
        0x43, 0xf4, 0x0a, 0xbd, 0xb3, 0x04, 0xfa, 0x4d, 0x8d, 0x3a, 0xc4, 0x73, 0x7d, 0xca, 0x34, 0x83,
        0xe9, 0x5e, 0xa0, 0x17, 0x19, 0xae, 0x50, 0xe7, 0x27, 0x90, 0x6e, 0xd9, 0xd7, 0x60, 0x9e, 0x29,
        0x82, 0x35, 0xcb, 0x7c, 0x72, 0xc5, 0x3b, 0x8c, 0x4c, 0xfb, 0x05, 0xb2, 0xbc, 0x0b, 0xf5, 0x42,
        0x57, 0xe0, 0x1e, 0xa9, 0xa7, 0x10, 0xee, 0x59, 0x99, 0x2e, 0xd0, 0x67, 0x69, 0xde, 0x20, 0x97,
        0x3c, 0x8b, 0x75, 0xc2, 0xcc, 0x7b, 0x85, 0x32, 0xf2, 0x45, 0xbb, 0x0c, 0x02, 0xb5, 0x4b, 0xfc,
        0x39, 0x8e, 0x70, 0xc7, 0xc9, 0x7e, 0x80, 0x37, 0xf7, 0x40, 0xbe, 0x09, 0x07, 0xb0, 0x4e, 0xf9,
        0x52, 0xe5, 0x1b, 0xac, 0xa2, 0x15, 0xeb, 0x5c, 0x9c, 0x2b, 0xd5, 0x62, 0x6c, 0xdb, 0x25, 0x92,
        0x87, 0x30, 0xce, 0x79, 0x77, 0xc0, 0x3e, 0x89, 0x49, 0xfe, 0x00, 0xb7, 0xb9, 0x0e, 0xf0, 0x47,
        0xec, 0x5b, 0xa5, 0x12, 0x1c, 0xab, 0x55, 0xe2, 0x22, 0x95, 0x6b, 0xdc, 0xd2, 0x65, 0x9b, 0x2c,
    },
    {
        0x5e, 0x2f, 0xf8, 0x89, 0xdc, 0xad, 0x7a, 0x0b, 0x9a, 0xeb, 0x3c, 0x4d, 0x18, 0x69, 0xbe, 0xcf,
        0x23, 0x52, 0x85, 0xf4, 0xa1, 0xd0, 0x07, 0x76, 0xe7, 0x96, 0x41, 0x30, 0x65, 0x14, 0xc3, 0xb2,
        0x21, 0x50, 0x87, 0xf6, 0xa3, 0xd2, 0x05, 0x74, 0xe5, 0x94, 0x43, 0x32, 0x67, 0x16, 0xc1, 0xb0,
        0x5c, 0x2d, 0xfa, 0x8b, 0xde, 0xaf, 0x78, 0x09, 0x98, 0xe9, 0x3e, 0x4f, 0x1a, 0x6b, 0xbc, 0xcd,
        0x2b, 0x5a, 0x8d, 0xfc, 0xa9, 0xd8, 0x0f, 0x7e, 0xef, 0x9e, 0x49, 0x38, 0x6d, 0x1c, 0xcb, 0xba,
        0x56, 0x27, 0xf0, 0x81, 0xd4, 0xa5, 0x72, 0x03, 0x92, 0xe3, 0x34, 0x45, 0x10, 0x61, 0xb6, 0xc7,
        0x54, 0x25, 0xf2, 0x83, 0xd6, 0xa7, 0x70, 0x01, 0x90, 0xe1, 0x36, 0x47, 0x12, 0x63, 0xb4, 0xc5,
        0x29, 0x58, 0x8f, 0xfe, 0xab, 0xda, 0x0d, 0x7c, 0xed, 0x9c, 0x4b, 0x3a, 0x6f, 0x1e, 0xc9, 0xb8,
        0xdd, 0xac, 0x7b, 0x0a, 0x5f, 0x2e, 0xf9, 0x88, 0x19, 0x68, 0xbf, 0xce, 0x9b, 0xea, 0x3d, 0x4c,
        0xa0, 0xd1, 0x06, 0x77, 0x22, 0x53, 0x84, 0xf5, 0x64, 0x15, 0xc2, 0xb3, 0xe6, 0x97, 0x40, 0x31,
        0xa2, 0xd3, 0x04, 0x75, 0x20, 0x51, 0x86, 0xf7, 0x66, 0x17, 0xc0, 0xb1, 0xe4, 0x95, 0x42, 0x33,
        0xdf, 0xae, 0x79, 0x08, 0x5d, 0x2c, 0xfb, 0x8a, 0x1b, 0x6a, 0xbd, 0xcc, 0x99, 0xe8, 0x3f, 0x4e,
        0xa8, 0xd9, 0x0e, 0x7f, 0x2a, 0x5b, 0x8c, 0xfd, 0x6c, 0x1d, 0xca, 0xbb, 0xee, 0x9f, 0x48, 0x39,
        0xd5, 0xa4, 0x73, 0x02, 0x57, 0x26, 0xf1, 0x80, 0x11, 0x60, 0xb7, 0xc6, 0x93, 0xe2, 0x35, 0x44,
        0xd7, 0xa6, 0x71, 0x00, 0x55, 0x24, 0xf3, 0x82, 0x13, 0x62, 0xb5, 0xc4, 0x91, 0xe0, 0x37, 0x46,
        0xaa, 0xdb, 0x0c, 0x7d, 0x28, 0x59, 0x8e, 0xff, 0x6e, 0x1f, 0xc8, 0xb9, 0xec, 0x9d, 0x4a, 0x3b,
    },
    {
        0x02, 0x45, 0x91, 0xd6, 0xd5, 0x92, 0x46, 0x01, 0x7f, 0x38, 0xec, 0xab, 0xa8, 0xef, 0x3b, 0x7c,
        0x5e, 0x19, 0xcd, 0x8a, 0x89, 0xce, 0x1a, 0x5d, 0x23, 0x64, 0xb0, 0xf7, 0xf4, 0xb3, 0x67, 0x20,
        0x2e, 0x69, 0xbd, 0xfa, 0xf9, 0xbe, 0x6a, 0x2d, 0x53, 0x14, 0xc0, 0x87, 0x84, 0xc3, 0x17, 0x50,
        0x72, 0x35, 0xe1, 0xa6, 0xa5, 0xe2, 0x36, 0x71, 0x0f, 0x48, 0x9c, 0xdb, 0xd8, 0x9f, 0x4b, 0x0c,
        0xc1, 0x86, 0x52, 0x15, 0x16, 0x51, 0x85, 0xc2, 0xbc, 0xfb, 0x2f, 0x68, 0x6b, 0x2c, 0xf8, 0xbf,
        0x9d, 0xda, 0x0e, 0x49, 0x4a, 0x0d, 0xd9, 0x9e, 0xe0, 0xa7, 0x73, 0x34, 0x37, 0x70, 0xa4, 0xe3,
        0xed, 0xaa, 0x7e, 0x39, 0x3a, 0x7d, 0xa9, 0xee, 0x90, 0xd7, 0x03, 0x44, 0x47, 0x00, 0xd4, 0x93,
        0xb1, 0xf6, 0x22, 0x65, 0x66, 0x21, 0xf5, 0xb2, 0xcc, 0x8b, 0x5f, 0x18, 0x1b, 0x5c, 0x88, 0xcf,
        0x05, 0x42, 0x96, 0xd1, 0xd2, 0x95, 0x41, 0x06, 0x78, 0x3f, 0xeb, 0xac, 0xaf, 0xe8, 0x3c, 0x7b,
        0x59, 0x1e, 0xca, 0x8d, 0x8e, 0xc9, 0x1d, 0x5a, 0x24, 0x63, 0xb7, 0xf0, 0xf3, 0xb4, 0x60, 0x27,
        0x29, 0x6e, 0xba, 0xfd, 0xfe, 0xb9, 0x6d, 0x2a, 0x54, 0x13, 0xc7, 0x80, 0x83, 0xc4, 0x10, 0x57,
        0x75, 0x32, 0xe6, 0xa1, 0xa2, 0xe5, 0x31, 0x76, 0x08, 0x4f, 0x9b, 0xdc, 0xdf, 0x98, 0x4c, 0x0b,
        0xc6, 0x81, 0x55, 0x12, 0x11, 0x56, 0x82, 0xc5, 0xbb, 0xfc, 0x28, 0x6f, 0x6c, 0x2b, 0xff, 0xb8,
        0x9a, 0xdd, 0x09, 0x4e, 0x4d, 0x0a, 0xde, 0x99, 0xe7, 0xa0, 0x74, 0x33, 0x30, 0x77, 0xa3, 0xe4,
        0xea, 0xad, 0x79, 0x3e, 0x3d, 0x7a, 0xae, 0xe9, 0x97, 0xd0, 0x04, 0x43, 0x40, 0x07, 0xd3, 0x94,
        0xb6, 0xf1, 0x25, 0x62, 0x61, 0x26, 0xf2, 0xb5, 0xcb, 0x8c, 0x58, 0x1f, 0x1c, 0x5b, 0x8f, 0xc8,
    },
    {
        0x4e, 0xf8, 0xd2, 0x64, 0xf1, 0x47, 0x6d, 0xdb, 0x61, 0xd7, 0xfd, 0x4b, 0xde, 0x68, 0x42, 0xf4,
        0x5f, 0xe9, 0xc3, 0x75, 0xe0, 0x56, 0x7c, 0xca, 0x70, 0xc6, 0xec, 0x5a, 0xcf, 0x79, 0x53, 0xe5,
        0x2e, 0x98, 0xb2, 0x04, 0x91, 0x27, 0x0d, 0xbb, 0x01, 0xb7, 0x9d, 0x2b, 0xbe, 0x08, 0x22, 0x94,
        0x3f, 0x89, 0xa3, 0x15, 0x80, 0x36, 0x1c, 0xaa, 0x10, 0xa6, 0x8c, 0x3a, 0xaf, 0x19, 0x33, 0x85,
        0x99, 0x2f, 0x05, 0xb3, 0x26, 0x90, 0xba, 0x0c, 0xb6, 0x00, 0x2a, 0x9c, 0x09, 0xbf, 0x95, 0x23,
        0x88, 0x3e, 0x14, 0xa2, 0x37, 0x81, 0xab, 0x1d, 0xa7, 0x11, 0x3b, 0x8d, 0x18, 0xae, 0x84, 0x32,
        0xf9, 0x4f, 0x65, 0xd3, 0x46, 0xf0, 0xda, 0x6c, 0xd6, 0x60, 0x4a, 0xfc, 0x69, 0xdf, 0xf5, 0x43,
        0xe8, 0x5e, 0x74, 0xc2, 0x57, 0xe1, 0xcb, 0x7d, 0xc7, 0x71, 0x5b, 0xed, 0x78, 0xce, 0xe4, 0x52,
        0xb1, 0x07, 0x2d, 0x9b, 0x0e, 0xb8, 0x92, 0x24, 0x9e, 0x28, 0x02, 0xb4, 0x21, 0x97, 0xbd, 0x0b,
        0xa0, 0x16, 0x3c, 0x8a, 0x1f, 0xa9, 0x83, 0x35, 0x8f, 0x39, 0x13, 0xa5, 0x30, 0x86, 0xac, 0x1a,
        0xd1, 0x67, 0x4d, 0xfb, 0x6e, 0xd8, 0xf2, 0x44, 0xfe, 0x48, 0x62, 0xd4, 0x41, 0xf7, 0xdd, 0x6b,
        0xc0, 0x76, 0x5c, 0xea, 0x7f, 0xc9, 0xe3, 0x55, 0xef, 0x59, 0x73, 0xc5, 0x50, 0xe6, 0xcc, 0x7a,
        0x66, 0xd0, 0xfa, 0x4c, 0xd9, 0x6f, 0x45, 0xf3, 0x49, 0xff, 0xd5, 0x63, 0xf6, 0x40, 0x6a, 0xdc,
        0x77, 0xc1, 0xeb, 0x5d, 0xc8, 0x7e, 0x54, 0xe2, 0x58, 0xee, 0xc4, 0x72, 0xe7, 0x51, 0x7b, 0xcd,
        0x06, 0xb0, 0x9a, 0x2c, 0xb9, 0x0f, 0x25, 0x93, 0x29, 0x9f, 0xb5, 0x03, 0x96, 0x20, 0x0a, 0xbc,
        0x17, 0xa1, 0x8b, 0x3d, 0xa8, 0x1e, 0x34, 0x82, 0x38, 0x8e, 0xa4, 0x12, 0x87, 0x31, 0x1b, 0xad,
    },
    {
        0x76, 0xc8, 0x09, 0xb7, 0xe9, 0x57, 0x96, 0x28, 0xd2, 0x6c, 0xad, 0x13, 0x4d, 0xf3, 0x32, 0x8c,
        0xf9, 0x47, 0x86, 0x38, 0x66, 0xd8, 0x19, 0xa7, 0x5d, 0xe3, 0x22, 0x9c, 0xc2, 0x7c, 0xbd, 0x03,
        0x50, 0xee, 0x2f, 0x91, 0xcf, 0x71, 0xb0, 0x0e, 0xf4, 0x4a, 0x8b, 0x35, 0x6b, 0xd5, 0x14, 0xaa,
        0xdf, 0x61, 0xa0, 0x1e, 0x40, 0xfe, 0x3f, 0x81, 0x7b, 0xc5, 0x04, 0xba, 0xe4, 0x5a, 0x9b, 0x25,
        0xc7, 0x79, 0xb8, 0x06, 0x58, 0xe6, 0x27, 0x99, 0x63, 0xdd, 0x1c, 0xa2, 0xfc, 0x42, 0x83, 0x3d,
        0x48, 0xf6, 0x37, 0x89, 0xd7, 0x69, 0xa8, 0x16, 0xec, 0x52, 0x93, 0x2d, 0x73, 0xcd, 0x0c, 0xb2,
        0xe1, 0x5f, 0x9e, 0x20, 0x7e, 0xc0, 0x01, 0xbf, 0x45, 0xfb, 0x3a, 0x84, 0xda, 0x64, 0xa5, 0x1b,
        0x6e, 0xd0, 0x11, 0xaf, 0xf1, 0x4f, 0x8e, 0x30, 0xca, 0x74, 0xb5, 0x0b, 0x55, 0xeb, 0x2a, 0x94,
        0xb3, 0x0d, 0xcc, 0x72, 0x2c, 0x92, 0x53, 0xed, 0x17, 0xa9, 0x68, 0xd6, 0x88, 0x36, 0xf7, 0x49,
        0x3c, 0x82, 0x43, 0xfd, 0xa3, 0x1d, 0xdc, 0x62, 0x98, 0x26, 0xe7, 0x59, 0x07, 0xb9, 0x78, 0xc6,
        0x95, 0x2b, 0xea, 0x54, 0x0a, 0xb4, 0x75, 0xcb, 0x31, 0x8f, 0x4e, 0xf0, 0xae, 0x10, 0xd1, 0x6f,
        0x1a, 0xa4, 0x65, 0xdb, 0x85, 0x3b, 0xfa, 0x44, 0xbe, 0x00, 0xc1, 0x7f, 0x21, 0x9f, 0x5e, 0xe0,
        0x02, 0xbc, 0x7d, 0xc3, 0x9d, 0x23, 0xe2, 0x5c, 0xa6, 0x18, 0xd9, 0x67, 0x39, 0x87, 0x46, 0xf8,
        0x8d, 0x33, 0xf2, 0x4c, 0x12, 0xac, 0x6d, 0xd3, 0x29, 0x97, 0x56, 0xe8, 0xb6, 0x08, 0xc9, 0x77,
        0x24, 0x9a, 0x5b, 0xe5, 0xbb, 0x05, 0xc4, 0x7a, 0x80, 0x3e, 0xff, 0x41, 0x1f, 0xa1, 0x60, 0xde,
        0xab, 0x15, 0xd4, 0x6a, 0x34, 0x8a, 0x4b, 0xf5, 0x0f, 0xb1, 0x70, 0xce, 0x90, 0x2e, 0xef, 0x51,
    },
    {
        0x26, 0x8e, 0x5b, 0xf3, 0x4e, 0xe6, 0x33, 0x9b, 0xb4, 0x1c, 0xc9, 0x61, 0xdc, 0x74, 0xa1, 0x09,
        0x52, 0xfa, 0x2f, 0x87, 0x3a, 0x92, 0x47, 0xef, 0xc0, 0x68, 0xbd, 0x15, 0xa8, 0x00, 0xd5, 0x7d,
        0xbb, 0x13, 0xc6, 0x6e, 0xd3, 0x7b, 0xae, 0x06, 0x29, 0x81, 0x54, 0xfc, 0x41, 0xe9, 0x3c, 0x94,
        0xcf, 0x67, 0xb2, 0x1a, 0xa7, 0x0f, 0xda, 0x72, 0x5d, 0xf5, 0x20, 0x88, 0x35, 0x9d, 0x48, 0xe0,
        0x9a, 0x32, 0xe7, 0x4f, 0xf2, 0x5a, 0x8f, 0x27, 0x08, 0xa0, 0x75, 0xdd, 0x60, 0xc8, 0x1d, 0xb5,
        0xee, 0x46, 0x93, 0x3b, 0x86, 0x2e, 0xfb, 0x53, 0x7c, 0xd4, 0x01, 0xa9, 0x14, 0xbc, 0x69, 0xc1,
        0x07, 0xaf, 0x7a, 0xd2, 0x6f, 0xc7, 0x12, 0xba, 0x95, 0x3d, 0xe8, 0x40, 0xfd, 0x55, 0x80, 0x28,
        0x73, 0xdb, 0x0e, 0xa6, 0x1b, 0xb3, 0x66, 0xce, 0xe1, 0x49, 0x9c, 0x34, 0x89, 0x21, 0xf4, 0x5c,
        0x8c, 0x24, 0xf1, 0x59, 0xe4, 0x4c, 0x99, 0x31, 0x1e, 0xb6, 0x63, 0xcb, 0x76, 0xde, 0x0b, 0xa3,
        0xf8, 0x50, 0x85, 0x2d, 0x90, 0x38, 0xed, 0x45, 0x6a, 0xc2, 0x17, 0xbf, 0x02, 0xaa, 0x7f, 0xd7,
        0x11, 0xb9, 0x6c, 0xc4, 0x79, 0xd1, 0x04, 0xac, 0x83, 0x2b, 0xfe, 0x56, 0xeb, 0x43, 0x96, 0x3e,
        0x65, 0xcd, 0x18, 0xb0, 0x0d, 0xa5, 0x70, 0xd8, 0xf7, 0x5f, 0x8a, 0x22, 0x9f, 0x37, 0xe2, 0x4a,
        0x30, 0x98, 0x4d, 0xe5, 0x58, 0xf0, 0x25, 0x8d, 0xa2, 0x0a, 0xdf, 0x77, 0xca, 0x62, 0xb7, 0x1f,
        0x44, 0xec, 0x39, 0x91, 0x2c, 0x84, 0x51, 0xf9, 0xd6, 0x7e, 0xab, 0x03, 0xbe, 0x16, 0xc3, 0x6b,
        0xad, 0x05, 0xd0, 0x78, 0xc5, 0x6d, 0xb8, 0x10, 0x3f, 0x97, 0x42, 0xea, 0x57, 0xff, 0x2a, 0x82,
        0xd9, 0x71, 0xa4, 0x0c, 0xb1, 0x19, 0xcc, 0x64, 0x4b, 0xe3, 0x36, 0x9e, 0x23, 0x8b, 0x5e, 0xf6,
    },
    {
        0x49, 0x2a, 0x17, 0x74, 0x7c, 0x1f, 0x22, 0x41, 0xc4, 0xa7, 0x9a, 0xf9, 0xf1, 0x92, 0xaf, 0xcc,
        0x9c, 0xff, 0xc2, 0xa1, 0xa9, 0xca, 0xf7, 0x94, 0x11, 0x72, 0x4f, 0x2c, 0x24, 0x47, 0x7a, 0x19,
        0xb5, 0xd6, 0xeb, 0x88, 0x80, 0xe3, 0xde, 0xbd, 0x38, 0x5b, 0x66, 0x05, 0x0d, 0x6e, 0x53, 0x30,
        0x60, 0x03, 0x3e, 0x5d, 0x55, 0x36, 0x0b, 0x68, 0xed, 0x8e, 0xb3, 0xd0, 0xd8, 0xbb, 0x86, 0xe5,
        0x4c, 0x2f, 0x12, 0x71, 0x79, 0x1a, 0x27, 0x44, 0xc1, 0xa2, 0x9f, 0xfc, 0xf4, 0x97, 0xaa, 0xc9,
        0x99, 0xfa, 0xc7, 0xa4, 0xac, 0xcf, 0xf2, 0x91, 0x14, 0x77, 0x4a, 0x29, 0x21, 0x42, 0x7f, 0x1c,
        0xb0, 0xd3, 0xee, 0x8d, 0x85, 0xe6, 0xdb, 0xb8, 0x3d, 0x5e, 0x63, 0x00, 0x08, 0x6b, 0x56, 0x35,
        0x65, 0x06, 0x3b, 0x58, 0x50, 0x33, 0x0e, 0x6d, 0xe8, 0x8b, 0xb6, 0xd5, 0xdd, 0xbe, 0x83, 0xe0,
        0xce, 0xad, 0x90, 0xf3, 0xfb, 0x98, 0xa5, 0xc6, 0x43, 0x20, 0x1d, 0x7e, 0x76, 0x15, 0x28, 0x4b,
        0x1b, 0x78, 0x45, 0x26, 0x2e, 0x4d, 0x70, 0x13, 0x96, 0xf5, 0xc8, 0xab, 0xa3, 0xc0, 0xfd, 0x9e,
        0x32, 0x51, 0x6c, 0x0f, 0x07, 0x64, 0x59, 0x3a, 0xbf, 0xdc, 0xe1, 0x82, 0x8a, 0xe9, 0xd4, 0xb7,
        0xe7, 0x84, 0xb9, 0xda, 0xd2, 0xb1, 0x8c, 0xef, 0x6a, 0x09, 0x34, 0x57, 0x5f, 0x3c, 0x01, 0x62,
        0xcb, 0xa8, 0x95, 0xf6, 0xfe, 0x9d, 0xa0, 0xc3, 0x46, 0x25, 0x18, 0x7b, 0x73, 0x10, 0x2d, 0x4e,
        0x1e, 0x7d, 0x40, 0x23, 0x2b, 0x48, 0x75, 0x16, 0x93, 0xf0, 0xcd, 0xae, 0xa6, 0xc5, 0xf8, 0x9b,
        0x37, 0x54, 0x69, 0x0a, 0x02, 0x61, 0x5c, 0x3f, 0xba, 0xd9, 0xe4, 0x87, 0x8f, 0xec, 0xd1, 0xb2,
        0xe2, 0x81, 0xbc, 0xdf, 0xd7, 0xb4, 0x89, 0xea, 0x6f, 0x0c, 0x31, 0x52, 0x5a, 0x39, 0x04, 0x67,
    },
    {
        0xd5, 0x44, 0xde, 0x4f, 0x53, 0xc2, 0x58, 0xc9, 0xbb, 0x2a, 0xb0, 0x21, 0x3d, 0xac, 0x36, 0xa7,
        0xae, 0x3f, 0xa5, 0x34, 0x28, 0xb9, 0x23, 0xb2, 0xc0, 0x51, 0xcb, 0x5a, 0x46, 0xd7, 0x4d, 0xdc,
        0xe6, 0x77, 0xed, 0x7c, 0x60, 0xf1, 0x6b, 0xfa, 0x88, 0x19, 0x83, 0x12, 0x0e, 0x9f, 0x05, 0x94,
        0x9d, 0x0c, 0x96, 0x07, 0x1b, 0x8a, 0x10, 0x81, 0xf3, 0x62, 0xf8, 0x69, 0x75, 0xe4, 0x7e, 0xef,
        0x47, 0xd6, 0x4c, 0xdd, 0xc1, 0x50, 0xca, 0x5b, 0x29, 0xb8, 0x22, 0xb3, 0xaf, 0x3e, 0xa4, 0x35,
        0x3c, 0xad, 0x37, 0xa6, 0xba, 0x2b, 0xb1, 0x20, 0x52, 0xc3, 0x59, 0xc8, 0xd4, 0x45, 0xdf, 0x4e,
        0x74, 0xe5, 0x7f, 0xee, 0xf2, 0x63, 0xf9, 0x68, 0x1a, 0x8b, 0x11, 0x80, 0x9c, 0x0d, 0x97, 0x06,
        0x0f, 0x9e, 0x04, 0x95, 0x89, 0x18, 0x82, 0x13, 0x61, 0xf0, 0x6a, 0xfb, 0xe7, 0x76, 0xec, 0x7d,
        0x14, 0x85, 0x1f, 0x8e, 0x92, 0x03, 0x99, 0x08, 0x7a, 0xeb, 0x71, 0xe0, 0xfc, 0x6d, 0xf7, 0x66,
        0x6f, 0xfe, 0x64, 0xf5, 0xe9, 0x78, 0xe2, 0x73, 0x01, 0x90, 0x0a, 0x9b, 0x87, 0x16, 0x8c, 0x1d,
        0x27, 0xb6, 0x2c, 0xbd, 0xa1, 0x30, 0xaa, 0x3b, 0x49, 0xd8, 0x42, 0xd3, 0xcf, 0x5e, 0xc4, 0x55,
        0x5c, 0xcd, 0x57, 0xc6, 0xda, 0x4b, 0xd1, 0x40, 0x32, 0xa3, 0x39, 0xa8, 0xb4, 0x25, 0xbf, 0x2e,
        0x86, 0x17, 0x8d, 0x1c, 0x00, 0x91, 0x0b, 0x9a, 0xe8, 0x79, 0xe3, 0x72, 0x6e, 0xff, 0x65, 0xf4,
        0xfd, 0x6c, 0xf6, 0x67, 0x7b, 0xea, 0x70, 0xe1, 0x93, 0x02, 0x98, 0x09, 0x15, 0x84, 0x1e, 0x8f,
        0xb5, 0x24, 0xbe, 0x2f, 0x33, 0xa2, 0x38, 0xa9, 0xdb, 0x4a, 0xd0, 0x41, 0x5d, 0xcc, 0x56, 0xc7,
        0xce, 0x5f, 0xc5, 0x54, 0x48, 0xd9, 0x43, 0xd2, 0xa0, 0x31, 0xab, 0x3a, 0x26, 0xb7, 0x2d, 0xbc,
    },
};
